{"type":"FeatureCollection","features":[{"type":"Feature","properties":{"kind":"road"},"geometry":{"type":"LineString","coordinates":[[35.863886,56.873605],[35.865073,56.875917]]}},{"type":"Feature","properties":{"kind":"road"},"geometry":{"type":"LineString","coordinates":[[35.869931,56.844851],[35.870542,56.845311],[35.871275,56.845862],[35.871284,56.845869],[35.871909,56.846339],[35.871965,56.846383]]}},{"type":"Feature","properties":{"kind":"road"},"geometry":{"type":"LineString","coordinates":[[35.867554,56.845807],[35.868222,56.846277],[35.868928,56.846787]]}},{"type":"Feature","properties":{"kind":"road"},"geometry":{"type":"LineString","coordinates":[[35.872265,56.843935],[35.872894,56.844411],[35.873594,56.84494],[35.874317,56.845491]]}},{"type":"Feature","properties":{"kind":"road"},"geometry":{"type":"LineString","coordinates":[[35.873681,56.845748],[35.874342,56.846814]]}},{"type":"Feature","properties":{"kind":"road"},"geometry":{"type":"LineString","coordinates":[[35.872777,56.846148],[35.873301,56.846963]]}},{"type":"Feature","properties":{"kind":"road"},"geometry":{"type":"LineString","coordinates":[[35.865273,56.84961],[35.865353,56.849622],[35.867855,56.849986],[35.867945,56.85]]}},{"type":"Feature","properties":{"kind":"road"},"geometry":{"type":"LineString","coordinates":[[35.873222,56.84867],[35.873112,56.848642],[35.873041,56.84864],[35.872992,56.848637],[35.872913,56.848648],[35.872202,56.848786],[35.87052,56.849077],[35.869276,56.849311],[35.868124,56.849528],[35.868079,56.849537]]}},{"type":"Feature","properties":{"kind":"road"},"geometry":{"type":"LineString","coordinates":[[35.867941,56.861634],[35.871843,56.862077]]}},{"type":"Feature","properties":{"kind":"road"},"geometry":{"type":"LineString","coordinates":[[35.86524,56.861771],[35.865528,56.861772],[35.865858,56.861793],[35.865944,56.861821],[35.866353,56.862086]]}},{"type":"Feature","properties":{"kind":"road"},"geometry":{"type":"LineString","coordinates":[[35.867479,56.862794],[35.867602,56.862817],[35.868232,56.862859],[35.871311,56.863109],[35.871429,56.863104]]}},{"type":"Feature","properties":{"kind":"road"},"geometry":{"type":"LineString","coordinates":[[35.868376,56.8729],[35.868591,56.873329],[35.868611,56.873369],[35.868694,56.873537],[35.86889,56.873929],[35.868966,56.87408],[35.869233,56.874615],[35.869299,56.874747],[35.869531,56.875211]]}},{"type":"Feature","properties":{"kind":"road"},"geometry":{"type":"LineString","coordinates":[[35.876403,56.847185],[35.87639,56.847106],[35.876327,56.846734],[35.87632,56.846693],[35.876092,56.845461],[35.876086,56.845427],[35.875986,56.84489],[35.87584,56.844886]]}},{"type":"Feature","properties":{"kind":"road_major"},"geometry":{"type":"LineString","coordinates":[[35.875463,56.848899],[35.875513,56.848927],[35.875544,56.848955],[35.875568,56.848982],[35.875587,56.849015],[35.875614,56.84908]]}},{"type":"Feature","properties":{"kind":"road"},"geometry":{"type":"LineString","coordinates":[[35.881088,56.848285],[35.881556,56.849382],[35.88211,56.850591],[35.882149,56.850675]]}},{"type":"Feature","properties":{"kind":"road"},"geometry":{"type":"LineString","coordinates":[[35.878584,56.848559],[35.878797,56.849113],[35.879001,56.849637],[35.879643,56.850978],[35.879683,56.851062]]}},{"type":"Feature","properties":{"kind":"road"},"geometry":{"type":"LineString","coordinates":[[35.884518,56.84791],[35.884889,56.848969],[35.884913,56.849037],[35.885088,56.849641],[35.88532,56.850107],[35.885353,56.850172]]}},{"type":"Feature","properties":{"kind":"road"},"geometry":{"type":"LineString","coordinates":[[35.874653,56.855596],[35.874682,56.855493],[35.874781,56.855202],[35.874865,56.85502],[35.875113,56.854464],[35.875191,56.854319],[35.875282,56.854269]]}},{"type":"Feature","properties":{"kind":"road_major"},"geometry":{"type":"LineString","coordinates":[[35.880845,56.85515],[35.881763,56.855531],[35.882807,56.855979]]}},{"type":"Feature","properties":{"kind":"road"},"geometry":{"type":"LineString","coordinates":[[35.883289,56.870267],[35.883346,56.870368],[35.883468,56.870584],[35.883735,56.871057],[35.883835,56.871234],[35.884241,56.871955],[35.884677,56.872727],[35.88471,56.872785]]}},{"type":"Feature","properties":{"kind":"road"},"geometry":{"type":"LineString","coordinates":[[35.904895,56.857797],[35.904716,56.857821],[35.902801,56.858082],[35.902738,56.858092],[35.902706,56.858092],[35.902673,56.858091],[35.902642,56.858087],[35.902611,56.85808],[35.902583,56.858072],[35.902558,56.858061],[35.902535,56.858048],[35.902516,56.858034],[35.902501,56.858018],[35.90249,56.858001],[35.902484,56.857984],[35.902481,56.857966]]}},{"type":"Feature","properties":{"kind":"road_major"},"geometry":{"type":"LineString","coordinates":[[35.899274,56.859558],[35.899217,56.859585],[35.899176,56.859606],[35.899028,56.859689],[35.898136,56.860188]]}},{"type":"Feature","properties":{"kind":"road"},"geometry":{"type":"LineString","coordinates":[[35.90107,56.861005],[35.90105,56.860962],[35.900975,56.860799],[35.90087,56.860571],[35.90081,56.86044],[35.900595,56.859972],[35.900344,56.859428]]}},{"type":"Feature","properties":{"kind":"road"},"geometry":{"type":"LineString","coordinates":[[35.904107,56.860711],[35.904079,56.860651],[35.904054,56.860595],[35.903805,56.860055],[35.903781,56.860002],[35.903581,56.859568],[35.903563,56.859528],[35.903322,56.859004]]}},{"type":"Feature","properties":{"kind":"road"},"geometry":{"type":"LineString","coordinates":[[35.90368,56.858848],[35.903731,56.858946]]}},{"type":"Feature","properties":{"kind":"road_major"},"geometry":{"type":"LineString","coordinates":[[35.900266,56.866638],[35.900346,56.86676]]}},{"type":"Feature","properties":{"kind":"road"},"geometry":{"type":"LineString","coordinates":[[35.904558,56.867325],[35.904526,56.867224],[35.904352,56.866743],[35.904333,56.866691],[35.904269,56.866514],[35.904201,56.866328]]}},{"type":"Feature","properties":{"kind":"road"},"geometry":{"type":"LineString","coordinates":[[35.892974,56.872268],[35.894425,56.871998],[35.894511,56.871982]]}},{"type":"Feature","properties":{"kind":"road"},"geometry":{"type":"LineString","coordinates":[[35.916303,56.845102],[35.916243,56.845056],[35.915591,56.844561],[35.915224,56.844283],[35.914982,56.844099],[35.914487,56.843724],[35.914299,56.843581],[35.913878,56.843261],[35.913666,56.843101],[35.9136,56.84305]]}},{"type":"Feature","properties":{"kind":"road"},"geometry":{"type":"LineString","coordinates":[[35.914048,56.851383],[35.913589,56.850529]]}},{"type":"Feature","properties":{"kind":"road"},"geometry":{"type":"LineString","coordinates":[[35.911362,56.858568],[35.911409,56.858667],[35.91151,56.858871],[35.911571,56.858991],[35.911603,56.859053],[35.911636,56.859118]]}},{"type":"Feature","properties":{"kind":"road"},"geometry":{"type":"LineString","coordinates":[[35.912131,56.860016],[35.912158,56.860071],[35.912176,56.860107],[35.912257,56.860267],[35.912351,56.860456],[35.912397,56.860547],[35.912421,56.860595],[35.912971,56.861696],[35.912989,56.861732]]}},{"type":"Feature","properties":{"kind":"road"},"geometry":{"type":"LineString","coordinates":[[35.905791,56.868444],[35.905993,56.868419],[35.906393,56.86837],[35.907284,56.868261],[35.908214,56.868147],[35.908223,56.868145]]}},{"type":"Feature","properties":{"kind":"road"},"geometry":{"type":"LineString","coordinates":[[35.913542,56.870371],[35.913771,56.87034],[35.913866,56.870329],[35.914394,56.870256],[35.915027,56.870172],[35.915451,56.870146]]}},{"type":"Feature","properties":{"kind":"road"},"geometry":{"type":"LineString","coordinates":[[35.915545,56.854431],[35.915673,56.854412],[35.918154,56.854045]]}},{"type":"Feature","properties":{"kind":"road"},"geometry":{"type":"LineString","coordinates":[[35.916453,56.856274],[35.916647,56.856246],[35.917065,56.856185],[35.918481,56.855975],[35.919242,56.855862],[35.920613,56.855659],[35.920791,56.855633]]}},{"type":"Feature","properties":{"kind":"road"},"geometry":{"type":"LineString","coordinates":[[35.921045,56.858061],[35.921019,56.858028],[35.920998,56.857989],[35.920983,56.857949],[35.920973,56.85791],[35.920968,56.857869],[35.920969,56.857829],[35.920975,56.857789],[35.920987,56.857749],[35.920999,56.85771],[35.921021,56.857672],[35.921049,56.857634],[35.921082,56.857598],[35.921164,56.85751],[35.921295,56.857431],[35.921461,56.85737],[35.921641,56.857335]]}},{"type":"Feature","properties":{"kind":"road_major"},"geometry":{"type":"LineString","coordinates":[[35.917423,56.858248],[35.917625,56.858658]]}},{"type":"Feature","properties":{"kind":"road_major"},"geometry":{"type":"LineString","coordinates":[[35.914589,56.858551],[35.915496,56.858545],[35.916485,56.858543],[35.916662,56.858539]]}},{"type":"Feature","properties":{"kind":"road_major"},"geometry":{"type":"LineString","coordinates":[[35.91783,56.858986],[35.917956,56.859231],[35.918025,56.859364],[35.918164,56.859633],[35.918194,56.859692]]}},{"type":"Feature","properties":{"kind":"road"},"geometry":{"type":"LineString","coordinates":[[35.92298,56.860105],[35.922755,56.859648],[35.922489,56.85911],[35.922466,56.859065]]}},{"type":"Feature","properties":{"kind":"road"},"geometry":{"type":"LineString","coordinates":[[35.917914,56.865623],[35.917829,56.865288],[35.917753,56.864972],[35.917734,56.864936],[35.91771,56.8649],[35.917681,56.864865],[35.917646,56.864832],[35.917607,56.864801],[35.917563,56.864771],[35.917515,56.864744],[35.917462,56.864719],[35.917406,56.864696],[35.917347,56.864676],[35.917285,56.864659],[35.917221,56.864644],[35.917154,56.864633]]}},{"type":"Feature","properties":{"kind":"road"},"geometry":{"type":"LineString","coordinates":[[35.914382,56.86863],[35.914744,56.869487],[35.914907,56.869859],[35.915027,56.870172]]}},{"type":"Feature","properties":{"kind":"road"},"geometry":{"type":"LineString","coordinates":[[35.925389,56.852288],[35.925451,56.852264],[35.925674,56.852175],[35.926131,56.851993],[35.926864,56.8517],[35.927228,56.851555],[35.927491,56.85145],[35.927881,56.851294],[35.928019,56.851239],[35.929685,56.850574],[35.929778,56.850537]]}},{"type":"Feature","properties":{"kind":"road"},"geometry":{"type":"LineString","coordinates":[[35.924686,56.856322],[35.926897,56.855992]]}},{"type":"Feature","properties":{"kind":"road"},"geometry":{"type":"LineString","coordinates":[[35.931597,56.855073],[35.931527,56.855017],[35.931314,56.854848],[35.931227,56.854779],[35.931025,56.854618],[35.930628,56.854301],[35.930505,56.854203],[35.930267,56.854013],[35.930139,56.853911]]}},{"type":"Feature","properties":{"kind":"road"},"geometry":{"type":"LineString","coordinates":[[35.927734,56.857277],[35.927417,56.857324],[35.927191,56.857345]]}},{"type":"Feature","properties":{"kind":"road"},"geometry":{"type":"LineString","coordinates":[[35.90591,56.872982],[35.905931,56.873032],[35.906009,56.873222],[35.906143,56.873548],[35.906228,56.873756],[35.906349,56.87405],[35.906367,56.874092],[35.906457,56.874313],[35.906464,56.87433],[35.906586,56.874626],[35.906603,56.874666],[35.906662,56.874811],[35.906688,56.874873],[35.906761,56.875051],[35.906791,56.875123],[35.906805,56.875158],[35.906924,56.875448],[35.907635,56.87721],[35.907702,56.877338]]}},{"type":"Feature","properties":{"kind":"road"},"geometry":{"type":"LineString","coordinates":[[35.915612,56.875907],[35.915369,56.875972],[35.914835,56.876118],[35.914113,56.876205],[35.913941,56.876225],[35.911662,56.876474],[35.909318,56.876768],[35.909109,56.876793]]}},{"type":"Feature","properties":{"kind":"road"},"geometry":{"type":"LineString","coordinates":[[35.870309,56.856228],[35.870386,56.856234],[35.870869,56.856291],[35.870927,56.856298],[35.874505,56.856686],[35.874855,56.856726],[35.875428,56.856791],[35.876,56.856856]]}},{"type":"Feature","properties":{"kind":"road"},"geometry":{"type":"LineString","coordinates":[[35.860149,56.855248],[35.861945,56.855462],[35.863498,56.855647],[35.863608,56.85566],[35.865058,56.855876],[35.866306,56.856016],[35.866503,56.856036],[35.867186,56.856114],[35.867696,56.856175],[35.868785,56.856283],[35.869267,56.856335],[35.869444,56.856356],[35.86951,56.856364]]}},{"type":"Feature","properties":{"kind":"road_major"},"geometry":{"type":"LineString","coordinates":[[35.883429,56.856264],[35.883495,56.856216],[35.883742,56.856041],[35.884712,56.855359],[35.884808,56.855291],[35.885327,56.854926],[35.885486,56.854814],[35.886239,56.854284],[35.887341,56.853508],[35.887418,56.853454],[35.88749,56.853404],[35.88751,56.853389],[35.887525,56.85338],[35.887535,56.853377],[35.887544,56.853375],[35.887555,56.853374],[35.887565,56.853372],[35.887575,56.853371]]}},{"type":"Feature","properties":{"kind":"road_major"},"geometry":{"type":"LineString","coordinates":[[35.900387,56.859329],[35.900314,56.85916],[35.900299,56.859123]]}},{"type":"Feature","properties":{"kind":"road_major"},"geometry":{"type":"LineString","coordinates":[[35.874803,56.862835],[35.874829,56.862854],[35.87487,56.862885],[35.874915,56.862915],[35.874964,56.862943],[35.875016,56.86297],[35.875054,56.862989],[35.875112,56.863012],[35.875173,56.863031],[35.875236,56.863049],[35.875303,56.863066],[35.875367,56.863079],[35.875432,56.863092],[35.875488,56.863102],[35.875541,56.86311],[35.875612,56.863118],[35.875688,56.863122],[35.876844,56.863098],[35.878188,56.863075],[35.8783,56.863073],[35.878777,56.863059],[35.87906,56.863051],[35.880814,56.86301],[35.882086,56.862986],[35.884222,56.86294],[35.884533,56.862933],[35.885149,56.86292],[35.885382,56.862915],[35.887217,56.862864],[35.887891,56.862847],[35.8881,56.862842],[35.888179,56.862839],[35.888487,56.862827],[35.888594,56.862818],[35.889096,56.862752],[35.889281,56.862727],[35.889595,56.862684],[35.889656,56.862676],[35.889711,56.862668],[35.889769,56.862658],[35.889826,56.862649],[35.88988,56.862639],[35.889932,56.862628],[35.889953,56.862624],[35.89001,56.862611],[35.890061,56.862597],[35.890117,56.86258],[35.89016,56.862565],[35.890205,56.862546],[35.890255,56.862523],[35.890299,56.862496],[35.890707,56.862196],[35.891112,56.861901],[35.891848,56.861359],[35.891919,56.861307]]}},{"type":"Feature","properties":{"kind":"road"},"geometry":{"type":"LineString","coordinates":[[35.861269,56.849371],[35.861981,56.849467],[35.863433,56.849661],[35.863563,56.849679],[35.865093,56.849884],[35.865163,56.849893]]}},{"type":"Feature","properties":{"kind":"road_major"},"geometry":{"type":"LineString","coordinates":[[35.926732,56.855521],[35.926727,56.855498],[35.926722,56.855474],[35.92672,56.855449],[35.926719,56.855425],[35.926721,56.855401],[35.926723,56.855376],[35.926729,56.855352]]}},{"type":"Feature","properties":{"kind":"road"},"geometry":{"type":"LineString","coordinates":[[35.917038,56.857464],[35.917244,56.857433],[35.918306,56.857275],[35.918543,56.857239],[35.91941,56.85711],[35.919805,56.857051],[35.920782,56.856905],[35.921216,56.85684],[35.921382,56.856815],[35.921526,56.856794],[35.921899,56.856738],[35.923474,56.856503]]}},{"type":"Feature","properties":{"kind":"road"},"geometry":{"type":"LineString","coordinates":[[35.934434,56.854095],[35.934825,56.853954],[35.935356,56.853763],[35.935487,56.853717],[35.935971,56.853543],[35.93656,56.853331],[35.937058,56.853153],[35.93728,56.853073],[35.937853,56.852868],[35.938686,56.852569],[35.939585,56.852246],[35.939966,56.852109],[35.940044,56.852085]]}},{"type":"Feature","properties":{"kind":"road"},"geometry":{"type":"LineString","coordinates":[[35.921641,56.857335],[35.921404,56.856861],[35.921382,56.856815],[35.921345,56.856741],[35.920961,56.855972],[35.920791,56.855633]]}},{"type":"Feature","properties":{"kind":"road"},"geometry":{"type":"LineString","coordinates":[[35.920791,56.855633],[35.920955,56.855609],[35.921132,56.855582],[35.924044,56.855151],[35.924104,56.855142],[35.925565,56.854926]]}},{"type":"Feature","properties":{"kind":"road"},"geometry":{"type":"LineString","coordinates":[[35.922894,56.852691],[35.92291,56.852723],[35.923197,56.853304],[35.923471,56.853861],[35.923486,56.85389],[35.923522,56.853963],[35.923811,56.854548],[35.924095,56.855125],[35.924104,56.855142]]}},{"type":"Feature","properties":{"kind":"road"},"geometry":{"type":"LineString","coordinates":[[35.925779,56.852923],[35.925681,56.852937],[35.924399,56.853127]]}},{"type":"Feature","properties":{"kind":"road"},"geometry":{"type":"LineString","coordinates":[[35.897795,56.873814],[35.89784,56.873918],[35.897867,56.873986],[35.898065,56.874433],[35.898088,56.874485],[35.898796,56.876103],[35.899608,56.877961],[35.899686,56.87821],[35.899698,56.878237],[35.899772,56.878335],[35.899802,56.878403]]}},{"type":"Feature","properties":{"kind":"road"},"geometry":{"type":"LineString","coordinates":[[35.91113,56.859841],[35.911096,56.859773],[35.911088,56.859755],[35.911066,56.859711],[35.911025,56.859628],[35.910999,56.859574],[35.910976,56.859528],[35.911384,56.859153],[35.911636,56.859118],[35.911899,56.859081],[35.912633,56.85929],[35.912647,56.859318],[35.912659,56.859342],[35.91268,56.859385],[35.912721,56.859467],[35.912743,56.859513],[35.912794,56.859617],[35.912372,56.859981],[35.912131,56.860016],[35.911876,56.860052],[35.91113,56.859841]]}},{"type":"Feature","properties":{"kind":"road_major"},"geometry":{"type":"LineString","coordinates":[[35.916453,56.856274],[35.916287,56.856299],[35.915013,56.856484],[35.914561,56.85655],[35.913735,56.85667],[35.91367,56.856679]]}},{"type":"Feature","properties":{"kind":"road_major"},"geometry":{"type":"LineString","coordinates":[[35.904895,56.857797],[35.905048,56.857774],[35.90661,56.857536],[35.9074,56.857416],[35.907605,56.857385]]}},{"type":"Feature","properties":{"kind":"road"},"geometry":{"type":"LineString","coordinates":[[35.915246,56.853819],[35.91537,56.853798],[35.916241,56.853671],[35.9164,56.853648],[35.916859,56.85358],[35.917271,56.853519],[35.918241,56.853376],[35.918708,56.853307],[35.919327,56.853216],[35.919495,56.853192],[35.919658,56.853168],[35.920328,56.853069],[35.920391,56.85306]]}},{"type":"Feature","properties":{"kind":"road"},"geometry":{"type":"LineString","coordinates":[[35.916161,56.855677],[35.916347,56.85565],[35.92031,56.855065],[35.920492,56.855038],[35.920654,56.855014],[35.922441,56.85475],[35.922628,56.854723],[35.923811,56.854548],[35.925703,56.85427]]}},{"type":"Feature","properties":{"kind":"road"},"geometry":{"type":"LineString","coordinates":[[35.921665,56.859184],[35.920744,56.859318],[35.920137,56.859407],[35.919726,56.859467],[35.91961,56.859484],[35.918794,56.859604],[35.918299,56.859676],[35.918194,56.859692]]}},{"type":"Feature","properties":{"kind":"road"},"geometry":{"type":"LineString","coordinates":[[35.928232,56.858409],[35.926082,56.859141]]}},{"type":"Feature","properties":{"kind":"road"},"geometry":{"type":"LineString","coordinates":[[35.920787,56.845512],[35.920696,56.845577]]}},{"type":"Feature","properties":{"kind":"road_major"},"geometry":{"type":"LineString","coordinates":[[35.900466,56.867885],[35.9005,56.867965],[35.900517,56.868005],[35.900588,56.868173],[35.90067,56.868365],[35.9007,56.868435],[35.900853,56.868794],[35.901015,56.869173],[35.901052,56.869259],[35.901172,56.869541],[35.901443,56.870178],[35.901474,56.87025],[35.901495,56.8703],[35.901719,56.870825],[35.901758,56.870916],[35.901793,56.870998],[35.901921,56.871297],[35.902062,56.871628],[35.902086,56.871686],[35.902301,56.872188],[35.902491,56.872635],[35.902556,56.872786],[35.9027,56.873125],[35.902716,56.87316]]}},{"type":"Feature","properties":{"kind":"road"},"geometry":{"type":"LineString","coordinates":[[35.905304,56.875315],[35.905273,56.875245],[35.905185,56.875044],[35.904947,56.874502],[35.904855,56.874292],[35.904703,56.873946],[35.904617,56.873751],[35.90439,56.873232],[35.904367,56.873181]]}},{"type":"Feature","properties":{"kind":"road"},"geometry":{"type":"LineString","coordinates":[[35.908214,56.868147],[35.908229,56.868184],[35.908356,56.868489],[35.908546,56.868947],[35.908598,56.869073],[35.908655,56.869212],[35.908709,56.869343],[35.908746,56.869432],[35.908822,56.869615],[35.909101,56.870289],[35.909177,56.870471],[35.909352,56.870894],[35.909436,56.871097],[35.909479,56.871201],[35.909582,56.871452],[35.909636,56.871581],[35.909695,56.871723],[35.909812,56.872005],[35.909931,56.8723]]}},{"type":"Feature","properties":{"kind":"road_major"},"geometry":{"type":"LineString","coordinates":[[35.917154,56.864633],[35.91582,56.864785],[35.91568,56.864801],[35.914736,56.86491],[35.91443,56.864946]]}},{"type":"Feature","properties":{"kind":"road"},"geometry":{"type":"LineString","coordinates":[[35.901474,56.87025],[35.901602,56.870235],[35.902686,56.870105],[35.90307,56.870059],[35.903505,56.870007],[35.903618,56.869994],[35.903866,56.869964],[35.904298,56.869912],[35.90439,56.869901],[35.904655,56.869869],[35.904981,56.86983],[35.90617,56.869687],[35.906285,56.869674]]}},{"type":"Feature","properties":{"kind":"road"},"geometry":{"type":"LineString","coordinates":[[35.915957,56.861335],[35.91594,56.861301],[35.915592,56.860593],[35.915436,56.860274],[35.915421,56.860244],[35.915334,56.860068],[35.91519,56.859774],[35.915151,56.859697]]}},{"type":"Feature","properties":{"kind":"road"},"geometry":{"type":"LineString","coordinates":[[35.909793,56.853336],[35.90947,56.853386],[35.908798,56.85348]]}},{"type":"Feature","properties":{"kind":"road"},"geometry":{"type":"LineString","coordinates":[[35.908173,56.85224],[35.908282,56.852223],[35.908565,56.852184],[35.909509,56.852052],[35.910576,56.851901],[35.911188,56.851811],[35.91237,56.851627],[35.912503,56.851568],[35.912669,56.851543],[35.912814,56.851573],[35.91391,56.851404],[35.914048,56.851383],[35.914151,56.851367],[35.914705,56.851282],[35.916514,56.851003]]}},{"type":"Feature","properties":{"kind":"road"},"geometry":{"type":"LineString","coordinates":[[35.920167,56.85438],[35.919975,56.854408],[35.919301,56.854508],[35.918445,56.854634],[35.916016,56.854993],[35.915836,56.855019],[35.915675,56.855043],[35.914623,56.855198],[35.913824,56.855316],[35.913787,56.855322],[35.913377,56.855382],[35.913056,56.85543],[35.913004,56.855437],[35.912617,56.855494],[35.912581,56.8555],[35.910634,56.855787],[35.910567,56.855797],[35.910112,56.855864],[35.910005,56.85588],[35.909937,56.85589],[35.909056,56.85602],[35.908402,56.856116],[35.908354,56.856124],[35.908242,56.85614],[35.907935,56.856185]]}},{"type":"Feature","properties":{"kind":"road"},"geometry":{"type":"LineString","coordinates":[[35.889449,56.841733],[35.889935,56.84402],[35.890095,56.844908],[35.89024,56.846084]]}},{"type":"Feature","properties":{"kind":"road"},"geometry":{"type":"LineString","coordinates":[[35.888183,56.841485],[35.888802,56.844116],[35.889065,56.846122],[35.889115,56.84647],[35.88921,56.84714]]}},{"type":"Feature","properties":{"kind":"road"},"geometry":{"type":"LineString","coordinates":[[35.869232,56.857053],[35.869559,56.857092],[35.869943,56.857137],[35.87003,56.857147],[35.870586,56.857211],[35.871714,56.857343],[35.872899,56.857481],[35.873303,56.857528],[35.873775,56.857583],[35.874484,56.857666],[35.874965,56.857722],[35.875462,56.85778],[35.875581,56.857794],[35.875946,56.857836],[35.876329,56.857881],[35.876825,56.857939]]}},{"type":"Feature","properties":{"kind":"road"},"geometry":{"type":"LineString","coordinates":[[35.879153,56.842736],[35.879354,56.843587],[35.879371,56.843647],[35.879398,56.843767],[35.879456,56.844024],[35.879477,56.844145],[35.879496,56.844257],[35.87965,56.845158],[35.879867,56.84648],[35.879873,56.846517],[35.880007,56.847338],[35.880148,56.84809],[35.880074,56.848128],[35.880046,56.848185],[35.880058,56.848285],[35.880071,56.848395]]}},{"type":"Feature","properties":{"kind":"road"},"geometry":{"type":"LineString","coordinates":[[35.880836,56.842057],[35.880838,56.842071],[35.881132,56.843545],[35.881405,56.845064],[35.88165,56.846379]]}},{"type":"Feature","properties":{"kind":"road"},"geometry":{"type":"LineString","coordinates":[[35.882528,56.841796],[35.882839,56.843441],[35.883128,56.844969],[35.883379,56.846276]]}},{"type":"Feature","properties":{"kind":"road"},"geometry":{"type":"LineString","coordinates":[[35.884248,56.841684],[35.884485,56.842845],[35.884496,56.842897],[35.884586,56.843339],[35.88486,56.844876],[35.885161,56.84617]]}},{"type":"Feature","properties":{"kind":"road_major"},"geometry":{"type":"LineString","coordinates":[[35.888602,56.849662],[35.888593,56.849619],[35.888536,56.849372],[35.888476,56.849081]]}},{"type":"Feature","properties":{"kind":"road"},"geometry":{"type":"LineString","coordinates":[[35.891091,56.846049],[35.89123,56.846022],[35.891794,56.845938],[35.892229,56.845883],[35.892688,56.845825],[35.89337,56.845701],[35.893889,56.845598],[35.893977,56.845582],[35.894066,56.845566],[35.894678,56.845406],[35.89494,56.845307],[35.895297,56.845164],[35.895612,56.845033]]}},{"type":"Feature","properties":{"kind":"road"},"geometry":{"type":"LineString","coordinates":[[35.882534,56.873451],[35.882519,56.873424],[35.882424,56.873254],[35.88239,56.873194],[35.882316,56.873063],[35.881912,56.872347],[35.881778,56.87211],[35.881367,56.871382],[35.881006,56.870742],[35.880945,56.870633],[35.880896,56.870548]]}},{"type":"Feature","properties":{"kind":"road"},"geometry":{"type":"LineString","coordinates":[[35.917914,56.865623],[35.917915,56.86564],[35.917912,56.865658],[35.917905,56.865675],[35.917893,56.865691],[35.917878,56.865707],[35.917859,56.865721],[35.917837,56.865734],[35.917812,56.865745],[35.917784,56.865754],[35.917755,56.865761],[35.917724,56.865766],[35.917069,56.865843],[35.916292,56.865934],[35.914136,56.866187],[35.913194,56.866297],[35.91305,56.866314],[35.912831,56.86634],[35.912441,56.866387],[35.912413,56.866388],[35.912186,56.866413]]}},{"type":"Feature","properties":{"kind":"road_major"},"geometry":{"type":"LineString","coordinates":[[35.907431,56.872535],[35.907524,56.872772]]}},{"type":"Feature","properties":{"kind":"road"},"geometry":{"type":"LineString","coordinates":[[35.914939,56.874096],[35.915604,56.875886],[35.915612,56.875907]]}},{"type":"Feature","properties":{"kind":"road"},"geometry":{"type":"LineString","coordinates":[[35.925718,56.847923],[35.925689,56.847821],[35.925659,56.84771],[35.925581,56.84751],[35.925501,56.847245],[35.925496,56.847228],[35.925467,56.847148],[35.925452,56.847106],[35.925444,56.847085],[35.925329,56.846776],[35.925317,56.846745],[35.925148,56.846278],[35.925141,56.846259],[35.925124,56.846224],[35.925092,56.846129],[35.925041,56.846072]]}},{"type":"Feature","properties":{"kind":"road"},"geometry":{"type":"LineString","coordinates":[[35.865265,56.873389],[35.8664,56.875707]]}},{"type":"Feature","properties":{"kind":"road_major"},"geometry":{"type":"LineString","coordinates":[[35.872046,56.874813],[35.871498,56.873695],[35.871477,56.873651],[35.871423,56.873542],[35.871135,56.872954],[35.87111,56.872903],[35.870913,56.872502],[35.870563,56.871787],[35.870208,56.87107],[35.870118,56.870881],[35.870092,56.870828]]}},{"type":"Feature","properties":{"kind":"road"},"geometry":{"type":"LineString","coordinates":[[35.881912,56.872347],[35.882347,56.872274],[35.882491,56.87225],[35.883646,56.872055],[35.883769,56.872034],[35.884122,56.871975],[35.884241,56.871955],[35.884307,56.871944],[35.884794,56.871862],[35.886215,56.871622],[35.886782,56.871527],[35.887233,56.871451],[35.888207,56.871286],[35.888323,56.871267]]}},{"type":"Feature","properties":{"kind":"road"},"geometry":{"type":"LineString","coordinates":[[35.901474,56.87025],[35.901347,56.870265],[35.900761,56.870336],[35.900412,56.870377],[35.900319,56.870388],[35.899857,56.870444],[35.899783,56.870453],[35.899579,56.870477],[35.899053,56.87054],[35.898571,56.870598],[35.898123,56.870651],[35.897808,56.870689],[35.896793,56.870755],[35.895664,56.870897],[35.894823,56.871001],[35.894345,56.871048],[35.894197,56.871065]]}},{"type":"Feature","properties":{"kind":"road"},"geometry":{"type":"LineString","coordinates":[[35.931853,56.846676],[35.931905,56.84666],[35.932671,56.84641],[35.9327,56.8464],[35.933341,56.846172],[35.933595,56.846081],[35.934027,56.845919],[35.936129,56.845154],[35.936321,56.845112],[35.936391,56.845088],[35.936446,56.845069],[35.936498,56.845035],[35.936613,56.844968]]}},{"type":"Feature","properties":{"kind":"road"},"geometry":{"type":"LineString","coordinates":[[35.92615,56.853489],[35.926259,56.853465],[35.926496,56.853369],[35.926949,56.853184],[35.927197,56.853076],[35.927798,56.852837]]}},{"type":"Feature","properties":{"kind":"road_major"},"geometry":{"type":"LineString","coordinates":[[35.931708,56.845667],[35.931622,56.845701],[35.930961,56.845956],[35.930033,56.846315],[35.929563,56.846487],[35.929002,56.846697],[35.928159,56.847013],[35.927615,56.847231],[35.927033,56.847478],[35.926204,56.847825],[35.926113,56.847863],[35.926078,56.847874],[35.926042,56.847884],[35.926004,56.847894],[35.925966,56.847901],[35.925927,56.847908],[35.925888,56.847913],[35.925847,56.847917],[35.925792,56.84792],[35.925718,56.847923],[35.924796,56.847955],[35.924614,56.847963],[35.9246,56.847964],[35.924586,56.847967],[35.924574,56.84797],[35.924562,56.847974],[35.924551,56.847979],[35.924542,56.847985],[35.924534,56.847991],[35.924527,56.847998],[35.924522,56.848005],[35.924519,56.848012],[35.924456,56.848195],[35.924451,56.848205],[35.924444,56.848215],[35.924435,56.848225],[35.924425,56.848234],[35.924413,56.848243],[35.924399,56.84825],[35.924384,56.848258],[35.924368,56.848264],[35.924351,56.848269],[35.924333,56.848274],[35.924314,56.848277],[35.924295,56.848279],[35.924275,56.848282],[35.924248,56.848284],[35.923186,56.848351],[35.922828,56.848374],[35.922548,56.848402],[35.922433,56.848414]]}},{"type":"Feature","properties":{"kind":"road"},"geometry":{"type":"LineString","coordinates":[[35.906805,56.849302],[35.906964,56.849712],[35.907223,56.850382]]}},{"type":"Feature","properties":{"kind":"road"},"geometry":{"type":"LineString","coordinates":[[35.893241,56.872964],[35.893312,56.872903],[35.894759,56.872614],[35.894857,56.872596]]}},{"type":"Feature","properties":{"kind":"road_major"},"geometry":{"type":"LineString","coordinates":[[35.907431,56.872535],[35.907594,56.872512],[35.908283,56.872424],[35.909069,56.872332],[35.90971,56.87226],[35.909726,56.872258],[35.909742,56.872258],[35.909759,56.872257],[35.909775,56.872258],[35.909791,56.872259],[35.909807,56.87226],[35.909823,56.872262],[35.909838,56.872265],[35.909853,56.872269],[35.909868,56.872273],[35.909882,56.872277],[35.909895,56.872282],[35.909908,56.872287],[35.90992,56.872293],[35.909931,56.8723]]}},{"type":"Feature","properties":{"kind":"road_major"},"geometry":{"type":"LineString","coordinates":[[35.914085,56.871704],[35.914006,56.871489],[35.913858,56.871138],[35.913566,56.87043],[35.913542,56.870371],[35.912971,56.868932],[35.912933,56.868837]]}},{"type":"Feature","properties":{"kind":"road_major"},"geometry":{"type":"LineString","coordinates":[[35.909479,56.861449],[35.90952,56.861538],[35.909737,56.862025]]}},{"type":"Feature","properties":{"kind":"road"},"geometry":{"type":"LineString","coordinates":[[35.891623,56.846699],[35.891847,56.846806],[35.892183,56.846788],[35.892337,56.846762],[35.8925,56.846734],[35.89269,56.846702],[35.893141,56.846595],[35.893849,56.846502],[35.894903,56.846365],[35.895543,56.846239],[35.896001,56.846148],[35.896364,56.846077],[35.896826,56.845965]]}},{"type":"Feature","properties":{"kind":"road"},"geometry":{"type":"LineString","coordinates":[[35.891751,56.84343],[35.891655,56.843942],[35.891454,56.844678],[35.891378,56.844918],[35.891099,56.845994],[35.891091,56.846049]]}},{"type":"Feature","properties":{"kind":"road"},"geometry":{"type":"LineString","coordinates":[[35.891631,56.853442],[35.893723,56.854352],[35.894713,56.854782],[35.896548,56.855581],[35.896989,56.855773],[35.897135,56.855834]]}},{"type":"Feature","properties":{"kind":"road"},"geometry":{"type":"LineString","coordinates":[[35.886239,56.854284],[35.888952,56.85543],[35.890926,56.856264],[35.891933,56.856689],[35.892006,56.85672],[35.892114,56.856766],[35.892522,56.856938],[35.893283,56.857259],[35.893364,56.857293],[35.894313,56.857694],[35.894382,56.857724],[35.894492,56.857769],[35.895171,56.858056],[35.896088,56.858444]]}},{"type":"Feature","properties":{"kind":"road"},"geometry":{"type":"LineString","coordinates":[[35.894703,56.859406],[35.89435,56.859247],[35.894106,56.859144],[35.893545,56.858907],[35.893133,56.858735],[35.892998,56.858685],[35.892883,56.858628],[35.89206,56.858279],[35.890762,56.857728],[35.890659,56.857684],[35.890592,56.857653],[35.888086,56.856593]]}},{"type":"Feature","properties":{"kind":"road"},"geometry":{"type":"LineString","coordinates":[[35.876705,56.854786],[35.876795,56.854779],[35.88107,56.854082],[35.881203,56.85408],[35.881299,56.854093],[35.881395,56.854126],[35.881458,56.854174],[35.881498,56.854223],[35.881511,56.854283],[35.88152,56.85433]]}},{"type":"Feature","properties":{"kind":"road_major"},"geometry":{"type":"LineString","coordinates":[[35.883429,56.856264],[35.883357,56.856315],[35.882661,56.856797],[35.882213,56.857109],[35.882146,56.857155]]}},{"type":"Feature","properties":{"kind":"road"},"geometry":{"type":"LineString","coordinates":[[35.878274,56.859848],[35.878339,56.859876],[35.878633,56.859999],[35.878736,56.860043],[35.879759,56.860474],[35.88044,56.86076],[35.88063,56.86084],[35.880685,56.860863],[35.881084,56.861032],[35.881198,56.86108],[35.881555,56.861229]]}},{"type":"Feature","properties":{"kind":"road"},"geometry":{"type":"LineString","coordinates":[[35.878538,56.857092],[35.878722,56.857183],[35.880725,56.858058],[35.8808,56.85809],[35.880892,56.858129],[35.881189,56.858255],[35.881535,56.858401],[35.881842,56.858531],[35.882716,56.8589],[35.883171,56.859093],[35.88353,56.859234],[35.883722,56.859325],[35.884262,56.859554],[35.885303,56.859994],[35.885392,56.860031],[35.886267,56.860401],[35.886644,56.860559],[35.886781,56.860617],[35.887165,56.860781],[35.88789,56.861087],[35.888024,56.861143],[35.888163,56.861202],[35.888906,56.861512],[35.88897,56.861538]]}},{"type":"Feature","properties":{"kind":"road"},"geometry":{"type":"LineString","coordinates":[[35.8783,56.863073],[35.879525,56.862143],[35.879767,56.861966],[35.880196,56.861662],[35.880962,56.861118],[35.881084,56.861032],[35.881143,56.86099],[35.881311,56.86087],[35.881814,56.860514],[35.882324,56.860152],[35.882873,56.859762],[35.88353,56.859234],[35.884236,56.858754],[35.884685,56.858433],[35.884763,56.858376],[35.884836,56.858322]]}},{"type":"Feature","properties":{"kind":"road"},"geometry":{"type":"LineString","coordinates":[[35.876959,56.860763],[35.877025,56.860792],[35.877943,56.861185],[35.879608,56.861898],[35.879767,56.861966],[35.880169,56.86214],[35.88127,56.862617],[35.882033,56.862947],[35.882086,56.862986]]}},{"type":"Feature","properties":{"kind":"road"},"geometry":{"type":"LineString","coordinates":[[35.872271,56.861144],[35.872505,56.861175],[35.872827,56.861238],[35.8733,56.861375],[35.875006,56.862054],[35.875087,56.862083]]}},{"type":"Feature","properties":{"kind":"road_major"},"geometry":{"type":"LineString","coordinates":[[35.86516,56.859468],[35.86487,56.860219],[35.864725,56.86063],[35.864716,56.860677],[35.864719,56.860724],[35.864733,56.86077],[35.864763,56.860812],[35.864883,56.860899],[35.864961,56.860955],[35.865051,56.861018],[35.865082,56.861046],[35.865111,56.861075],[35.865137,56.861105],[35.86516,56.861135],[35.865179,56.861167],[35.865195,56.861198],[35.865208,56.86123],[35.865218,56.861263],[35.865224,56.861296],[35.865227,56.861329],[35.865237,56.861631],[35.86524,56.861771]]}},{"type":"Feature","properties":{"kind":"road_major"},"geometry":{"type":"LineString","coordinates":[[35.86516,56.859468],[35.865298,56.859092],[35.865438,56.858711],[35.865662,56.858075],[35.865725,56.857883],[35.866034,56.856884],[35.866099,56.856678],[35.866158,56.856497],[35.866306,56.856016],[35.866541,56.855284],[35.86657,56.855196],[35.866596,56.855119]]}},{"type":"Feature","properties":{"kind":"road"},"geometry":{"type":"LineString","coordinates":[[35.864573,56.845474],[35.864787,56.845429],[35.864865,56.845402],[35.865152,56.845306],[35.865409,56.84531],[35.865622,56.84525],[35.866574,56.844869],[35.867816,56.844148]]}},{"type":"Feature","properties":{"kind":"road"},"geometry":{"type":"LineString","coordinates":[[35.873895,56.860758],[35.875998,56.858942],[35.876888,56.858246],[35.876924,56.858171],[35.87693,56.85812],[35.876911,56.858065],[35.876886,56.858011],[35.876825,56.857939],[35.877502,56.857741],[35.877892,56.857401],[35.878158,56.857175],[35.878206,56.857123]]}},{"type":"Feature","properties":{"kind":"road_major"},"geometry":{"type":"LineString","coordinates":[[35.903788,56.848328],[35.904506,56.848285],[35.905075,56.848237]]}},{"type":"Feature","properties":{"kind":"road_major"},"geometry":{"type":"LineString","coordinates":[[35.909906,56.861314],[35.909949,56.861409],[35.91013,56.861804]]}},{"type":"Feature","properties":{"kind":"road"},"geometry":{"type":"LineString","coordinates":[[35.904067,56.880544],[35.903849,56.879963],[35.90361,56.879398],[35.903051,56.878083],[35.903,56.877963],[35.902973,56.877901],[35.902021,56.875721],[35.901104,56.87367],[35.901076,56.873605],[35.90099,56.87339],[35.900793,56.872916],[35.900342,56.871849],[35.900159,56.871382],[35.900041,56.87109],[35.899993,56.870972],[35.899964,56.870905],[35.899879,56.870693],[35.899806,56.87051],[35.899783,56.870453]]}},{"type":"Feature","properties":{"kind":"road"},"geometry":{"type":"LineString","coordinates":[[35.892873,56.882115],[35.892571,56.881518],[35.892296,56.880974],[35.892004,56.880397],[35.891758,56.879911],[35.891698,56.879791],[35.891669,56.879733],[35.891656,56.879709],[35.891272,56.87895],[35.890968,56.878347],[35.890584,56.877588],[35.889316,56.875503]]}},{"type":"Feature","properties":{"kind":"road"},"geometry":{"type":"LineString","coordinates":[[35.870904,56.846719],[35.871266,56.847292],[35.872202,56.848786],[35.872761,56.849675]]}},{"type":"Feature","properties":{"kind":"road"},"geometry":{"type":"LineString","coordinates":[[35.871821,56.846442],[35.872284,56.847143],[35.873222,56.84867],[35.873323,56.848752],[35.873801,56.849574],[35.873935,56.84978]]}},{"type":"Feature","properties":{"kind":"road_major"},"geometry":{"type":"LineString","coordinates":[[35.85308,56.877819],[35.853214,56.877797],[35.853707,56.877719],[35.854328,56.877621],[35.855254,56.877474],[35.856511,56.877275],[35.857358,56.877141],[35.858174,56.877011],[35.858291,56.876993],[35.860822,56.876591],[35.862006,56.876425],[35.862167,56.876399],[35.863642,56.876151],[35.865073,56.875917],[35.865208,56.875896],[35.8664,56.875707],[35.86775,56.875493],[35.867804,56.875484],[35.869065,56.875285],[35.869531,56.875211],[35.872046,56.874813]]}},{"type":"Feature","properties":{"kind":"road"},"geometry":{"type":"LineString","coordinates":[[35.865708,56.871548],[35.865744,56.871622],[35.865777,56.871686],[35.865982,56.87208],[35.86617,56.872445],[35.866554,56.873186],[35.866868,56.873818],[35.867152,56.874357],[35.867442,56.8749],[35.86775,56.875493]]}},{"type":"Feature","properties":{"kind":"road"},"geometry":{"type":"LineString","coordinates":[[35.862486,56.873833],[35.863886,56.873605],[35.865265,56.873389],[35.866554,56.873186],[35.868376,56.8729],[35.868657,56.872856],[35.868988,56.872804],[35.869082,56.87279],[35.869581,56.872711],[35.870913,56.872502]]}},{"type":"Feature","properties":{"kind":"road"},"geometry":{"type":"LineString","coordinates":[[35.862209,56.873153],[35.862564,56.87309],[35.862775,56.873011],[35.863124,56.872931],[35.865102,56.872616],[35.86617,56.872445],[35.867492,56.872258],[35.868296,56.872144],[35.868733,56.872076],[35.868909,56.872048],[35.869359,56.871977],[35.869419,56.871967],[35.870411,56.871811],[35.870563,56.871787]]}},{"type":"Feature","properties":{"kind":"road"},"geometry":{"type":"LineString","coordinates":[[35.864479,56.851521],[35.864499,56.851508],[35.864518,56.851494],[35.864533,56.851479],[35.864547,56.851464],[35.864557,56.851447],[35.864565,56.851431],[35.864569,56.851414],[35.864713,56.851047],[35.86473,56.851004],[35.864757,56.850935],[35.864917,56.850525],[35.864949,56.850443],[35.864994,56.850327],[35.865163,56.849893],[35.865188,56.84983],[35.865273,56.84961],[35.8653,56.849542],[35.865566,56.848859],[35.865631,56.848693],[35.865738,56.848417],[35.865807,56.848239],[35.865896,56.848012],[35.866067,56.847572],[35.866213,56.847197]]}},{"type":"Feature","properties":{"kind":"road"},"geometry":{"type":"LineString","coordinates":[[35.883262,56.870178],[35.88324,56.870136],[35.882728,56.869152],[35.882661,56.869023]]}},{"type":"Feature","properties":{"kind":"road"},"geometry":{"type":"LineString","coordinates":[[35.865722,56.846548],[35.865761,56.846477],[35.865822,56.846424],[35.866937,56.84606],[35.867554,56.845807],[35.868951,56.845244],[35.869931,56.844851],[35.869951,56.844843],[35.872265,56.843935],[35.873137,56.843584],[35.874009,56.843247],[35.874268,56.843161]]}},{"type":"Feature","properties":{"kind":"road"},"geometry":{"type":"LineString","coordinates":[[35.8687,56.847011],[35.86871,56.84699],[35.86872,56.846972],[35.868731,56.846954],[35.868744,56.846937],[35.868758,56.846919],[35.868773,56.846902],[35.86879,56.846886],[35.868808,56.846869],[35.868827,56.846854],[35.868847,56.846838],[35.868868,56.846823],[35.868891,56.846809],[35.868914,56.846795],[35.868928,56.846787],[35.868944,56.846779],[35.868959,56.846771],[35.868974,56.846764],[35.870085,56.84635],[35.871275,56.845862],[35.873594,56.84494],[35.873632,56.844925],[35.875911,56.844],[35.876052,56.843945],[35.876512,56.843766],[35.876889,56.843618],[35.87735,56.843439],[35.877359,56.843435],[35.879153,56.842736],[35.880108,56.842349],[35.880836,56.842057],[35.881101,56.841962],[35.881354,56.841877],[35.881678,56.841839],[35.882528,56.841796],[35.884248,56.841684],[35.884647,56.841662],[35.885731,56.841602],[35.886829,56.841511],[35.886913,56.841523],[35.887045,56.841538],[35.888183,56.841485]]}},{"type":"Feature","properties":{"kind":"road_major"},"geometry":{"type":"LineString","coordinates":[[35.885457,56.84777],[35.885388,56.8478],[35.885263,56.847831],[35.884518,56.84791],[35.882115,56.848166],[35.881088,56.848285],[35.880361,56.848363],[35.880071,56.848395],[35.878584,56.848559],[35.877989,56.848621],[35.877627,56.848659],[35.876825,56.848753],[35.876456,56.84879]]}},{"type":"Feature","properties":{"kind":"road"},"geometry":{"type":"LineString","coordinates":[[35.934213,56.847574],[35.934323,56.84766],[35.934381,56.847704],[35.934655,56.847916],[35.934692,56.847944],[35.934948,56.848143],[35.935626,56.848668],[35.935698,56.848723],[35.93581,56.84881],[35.935907,56.848885],[35.936506,56.849348],[35.936544,56.849377],[35.936611,56.849429],[35.937134,56.849834],[35.937559,56.850163],[35.937649,56.850232],[35.938058,56.850548],[35.93816,56.850628]]}},{"type":"Feature","properties":{"kind":"road_major"},"geometry":{"type":"LineString","coordinates":[[35.916908,56.859136],[35.916743,56.859195],[35.916664,56.859225],[35.915934,56.859456],[35.915228,56.859673],[35.915151,56.859697],[35.915103,56.859711],[35.913226,56.860291],[35.912397,56.860547],[35.912318,56.860571],[35.911184,56.860921],[35.910191,56.861227],[35.909906,56.861314]]}},{"type":"Feature","properties":{"kind":"road"},"geometry":{"type":"LineString","coordinates":[[35.91234,56.872082],[35.912367,56.87215],[35.912481,56.872446],[35.912775,56.873208],[35.912867,56.873444],[35.913168,56.874223],[35.913175,56.874241],[35.9132,56.874307],[35.913941,56.876225]]}},{"type":"Feature","properties":{"kind":"road_major"},"geometry":{"type":"LineString","coordinates":[[35.858381,56.861088],[35.859894,56.861171],[35.860726,56.86124],[35.86152,56.861305],[35.863274,56.861439],[35.863404,56.861455],[35.86467,56.861618],[35.86502,56.861641],[35.865237,56.861631]]}},{"type":"Feature","properties":{"kind":"road"},"geometry":{"type":"LineString","coordinates":[[35.9132,56.874307],[35.914939,56.874096],[35.914987,56.874091],[35.915644,56.87401]]}},{"type":"Feature","properties":{"kind":"road_major"},"geometry":{"type":"LineString","coordinates":[[35.897135,56.855834],[35.896643,56.856182],[35.895937,56.856655],[35.895871,56.856701]]}},{"type":"Feature","properties":{"kind":"road_major"},"geometry":{"type":"LineString","coordinates":[[35.904259,56.855436],[35.905013,56.855325],[35.90632,56.855132],[35.906431,56.855116],[35.906525,56.855102],[35.906773,56.855065]]}},{"type":"Feature","properties":{"kind":"road_major"},"geometry":{"type":"LineString","coordinates":[[35.903746,56.855511],[35.903797,56.855613],[35.903928,56.855874],[35.904001,56.856019],[35.904188,56.856391],[35.904202,56.856431],[35.90435,56.856713],[35.904426,56.856863],[35.904444,56.856901],[35.904488,56.856988],[35.904611,56.857233],[35.904774,56.857556],[35.904895,56.857797],[35.904937,56.857881],[35.904973,56.857953],[35.905261,56.858525],[35.905307,56.858617],[35.905358,56.858717],[35.90547,56.85894],[35.905599,56.859198],[35.905755,56.859508],[35.905794,56.859584],[35.906066,56.860126]]}},{"type":"Feature","properties":{"kind":"road"},"geometry":{"type":"LineString","coordinates":[[35.9309,56.880266],[35.931886,56.877459],[35.932856,56.874628],[35.933733,56.872194],[35.934607,56.869786],[35.934963,56.868766],[35.935474,56.867317],[35.935487,56.867281],[35.935501,56.867227]]}},{"type":"Feature","properties":{"kind":"road"},"geometry":{"type":"LineString","coordinates":[[35.932866,56.869599],[35.934607,56.869786],[35.936293,56.869945],[35.937972,56.870122],[35.93975,56.870326],[35.941296,56.870503],[35.942792,56.87066],[35.94296,56.870679],[35.943071,56.87069],[35.944898,56.870873],[35.946515,56.870999],[35.947758,56.871096]]}},{"type":"Feature","properties":{"kind":"road"},"geometry":{"type":"LineString","coordinates":[[35.933249,56.868578],[35.934963,56.868766],[35.936611,56.868949]]}},{"type":"Feature","properties":{"kind":"road"},"geometry":{"type":"LineString","coordinates":[[35.928931,56.872182],[35.928246,56.870713]]}},{"type":"Feature","properties":{"kind":"road"},"geometry":{"type":"LineString","coordinates":[[35.929787,56.869704],[35.929591,56.870546],[35.929715,56.870809],[35.930278,56.872003]]}},{"type":"Feature","properties":{"kind":"road"},"geometry":{"type":"LineString","coordinates":[[35.926134,56.869405],[35.926168,56.869406],[35.92625,56.869409],[35.926411,56.869414],[35.927096,56.869458],[35.928166,56.869533],[35.928385,56.869551],[35.929787,56.869704],[35.93018,56.869741],[35.931877,56.869925],[35.932166,56.869937],[35.932342,56.869897],[35.93263,56.869805],[35.932866,56.869599]]}},{"type":"Feature","properties":{"kind":"road"},"geometry":{"type":"LineString","coordinates":[[35.930906,56.867813],[35.932981,56.868009],[35.933232,56.867976],[35.933461,56.867973]]}},{"type":"Feature","properties":{"kind":"road"},"geometry":{"type":"LineString","coordinates":[[35.925934,56.876345],[35.927487,56.876121],[35.929047,56.875926]]}},{"type":"Feature","properties":{"kind":"road_major"},"geometry":{"type":"LineString","coordinates":[[35.925232,56.867508],[35.925287,56.867623],[35.925381,56.867813],[35.926168,56.869406]]}},{"type":"Feature","properties":{"kind":"road"},"geometry":{"type":"LineString","coordinates":[[35.926235,56.873278],[35.926833,56.87472],[35.92686,56.874785]]}},{"type":"Feature","properties":{"kind":"road"},"geometry":{"type":"LineString","coordinates":[[35.924573,56.873473],[35.926235,56.873278],[35.927973,56.873074]]}},{"type":"Feature","properties":{"kind":"road"},"geometry":{"type":"LineString","coordinates":[[35.923628,56.871186],[35.925256,56.870944],[35.925762,56.872021],[35.927377,56.87183]]}},{"type":"Feature","properties":{"kind":"road"},"geometry":{"type":"LineString","coordinates":[[35.919334,56.871154],[35.919633,56.871177],[35.920336,56.871165],[35.920645,56.871153]]}},{"type":"Feature","properties":{"kind":"road"},"geometry":{"type":"LineString","coordinates":[[35.92514,56.874786],[35.925062,56.874797],[35.923607,56.874997],[35.923571,56.875001],[35.922415,56.875141],[35.92111,56.875318]]}},{"type":"Feature","properties":{"kind":"road"},"geometry":{"type":"LineString","coordinates":[[35.920239,56.875418],[35.920208,56.875339],[35.919479,56.873471]]}},{"type":"Feature","properties":{"kind":"road"},"geometry":{"type":"LineString","coordinates":[[35.921552,56.873196],[35.922415,56.875141]]}},{"type":"Feature","properties":{"kind":"road"},"geometry":{"type":"LineString","coordinates":[[35.921011,56.868798],[35.921191,56.869425],[35.921559,56.870125]]}},{"type":"Feature","properties":{"kind":"road"},"geometry":{"type":"LineString","coordinates":[[35.923052,56.868737],[35.923977,56.86894],[35.924077,56.869086],[35.924043,56.869174]]}},{"type":"Feature","properties":{"kind":"road"},"geometry":{"type":"LineString","coordinates":[[35.92111,56.875318],[35.920317,56.87336],[35.919791,56.872283],[35.919765,56.872225],[35.919756,56.872192],[35.919749,56.872157],[35.91975,56.872113],[35.919753,56.872085],[35.919766,56.87205],[35.919789,56.872006],[35.919812,56.871976],[35.91988,56.871898],[35.920645,56.871153],[35.921489,56.870204],[35.921559,56.870125],[35.922677,56.869143],[35.922834,56.869098]]}},{"type":"Feature","properties":{"kind":"road"},"geometry":{"type":"LineString","coordinates":[[35.924667,56.866399],[35.924799,56.866413],[35.925175,56.86645],[35.925654,56.866496]]}},{"type":"Feature","properties":{"kind":"road_major"},"geometry":{"type":"LineString","coordinates":[[35.927664,56.880044],[35.927655,56.879867],[35.927653,56.87978],[35.927647,56.879693],[35.927639,56.879607],[35.927627,56.879519],[35.927604,56.879433],[35.927578,56.879347],[35.927548,56.879262],[35.927515,56.879177],[35.927293,56.878689],[35.926624,56.877555],[35.925934,56.876345],[35.925342,56.875213],[35.925264,56.875049]]}},{"type":"Feature","properties":{"kind":"road"},"geometry":{"type":"LineString","coordinates":[[35.918315,56.873631],[35.919479,56.873471],[35.920317,56.87336],[35.921552,56.873196],[35.922751,56.873037],[35.924294,56.872818],[35.927646,56.872369],[35.928931,56.872182],[35.930278,56.872003],[35.930871,56.871944],[35.9311,56.871932],[35.931347,56.871932],[35.931553,56.871945],[35.931679,56.871963],[35.931991,56.872019],[35.933733,56.872194],[35.935444,56.872385],[35.937094,56.872561],[35.938903,56.872756],[35.940453,56.872918],[35.941952,56.873087],[35.942119,56.873107]]}},{"type":"Feature","properties":{"kind":"road"},"geometry":{"type":"LineString","coordinates":[[35.925342,56.875213],[35.925236,56.875226],[35.923978,56.875378],[35.923859,56.875434],[35.92381,56.875456],[35.922651,56.875589],[35.921373,56.875832],[35.920269,56.875985],[35.919301,56.876115],[35.919059,56.876152]]}},{"type":"Feature","properties":{"kind":"road"},"geometry":{"type":"LineString","coordinates":[[35.921715,56.879528],[35.921224,56.878329],[35.920269,56.875985]]}},{"type":"Feature","properties":{"kind":"road"},"geometry":{"type":"LineString","coordinates":[[35.918315,56.873631],[35.918293,56.873776],[35.918735,56.875458],[35.918691,56.875612]]}},{"type":"Feature","properties":{"kind":"road"},"geometry":{"type":"LineString","coordinates":[[35.92386,56.880264],[35.923594,56.879994],[35.922891,56.879278],[35.922345,56.878175],[35.921373,56.875832]]}},{"type":"Feature","properties":{"kind":"road"},"geometry":{"type":"LineString","coordinates":[[35.922651,56.875589],[35.923625,56.878011],[35.924115,56.879118],[35.924583,56.8803]]}},{"type":"Feature","properties":{"kind":"road"},"geometry":{"type":"LineString","coordinates":[[35.93018,56.869741],[35.930906,56.867813],[35.930995,56.867457],[35.931001,56.867435],[35.931,56.867363]]}},{"type":"Feature","properties":{"kind":"road"},"geometry":{"type":"LineString","coordinates":[[35.922176,56.866498],[35.922114,56.8663],[35.922137,56.865988],[35.922187,56.86499]]}},{"type":"Feature","properties":{"kind":"road"},"geometry":{"type":"LineString","coordinates":[[35.932597,56.880383],[35.933575,56.877629],[35.934573,56.874808],[35.935444,56.872385],[35.936293,56.869945],[35.936611,56.868949],[35.936971,56.86798],[35.937238,56.867274],[35.937247,56.867248],[35.93723,56.867172]]}},{"type":"Feature","properties":{"kind":"road"},"geometry":{"type":"LineString","coordinates":[[35.9338,56.866074],[35.934227,56.864527],[35.934593,56.863177]]}},{"type":"Feature","properties":{"kind":"road"},"geometry":{"type":"LineString","coordinates":[[35.931995,56.866039],[35.932415,56.864406],[35.932829,56.8631]]}},{"type":"Feature","properties":{"kind":"road"},"geometry":{"type":"LineString","coordinates":[[35.929165,56.867336],[35.929176,56.867305],[35.9292,56.867235],[35.929674,56.865892],[35.929688,56.865853],[35.930672,56.863077],[35.931148,56.861561],[35.931376,56.860852],[35.931371,56.860802],[35.93136,56.860769]]}},{"type":"Feature","properties":{"kind":"road"},"geometry":{"type":"LineString","coordinates":[[35.923173,56.863396],[35.923157,56.863353],[35.923153,56.863309],[35.923163,56.863265],[35.923187,56.863222],[35.923223,56.863183],[35.92327,56.863147],[35.923375,56.863093],[35.923494,56.86305],[35.927787,56.861726],[35.931003,56.860758],[35.931154,56.860739],[35.931251,56.860732],[35.931314,56.860742],[35.93136,56.860769]]}},{"type":"Feature","properties":{"kind":"road"},"geometry":{"type":"LineString","coordinates":[[35.92844,56.862368],[35.927787,56.861726]]}},{"type":"Feature","properties":{"kind":"road"},"geometry":{"type":"LineString","coordinates":[[35.928224,56.862431],[35.928382,56.862986],[35.928962,56.862828],[35.929083,56.862754],[35.929115,56.862697],[35.929131,56.862625],[35.929115,56.862547],[35.929051,56.86243],[35.928876,56.862235]]}},{"type":"Feature","properties":{"kind":"road_major"},"geometry":{"type":"LineString","coordinates":[[35.924368,56.867254],[35.924475,56.866944],[35.924496,56.866883],[35.924667,56.866399]]}},{"type":"Feature","properties":{"kind":"road"},"geometry":{"type":"LineString","coordinates":[[35.926411,56.869414],[35.926985,56.867582],[35.926996,56.867547],[35.927015,56.867487]]}},{"type":"Feature","properties":{"kind":"road_major"},"geometry":{"type":"LineString","coordinates":[[35.886641,56.868361],[35.886671,56.868414],[35.886732,56.868517],[35.886834,56.868717],[35.8872,56.869396],[35.887248,56.869494],[35.887278,56.869552]]}},{"type":"Feature","properties":{"kind":"road_major"},"geometry":{"type":"LineString","coordinates":[[35.926168,56.869406],[35.926221,56.869526],[35.926333,56.86976],[35.926584,56.870256]]}},{"type":"Feature","properties":{"kind":"road_major"},"geometry":{"type":"LineString","coordinates":[[35.926584,56.870256],[35.92692,56.870922],[35.927377,56.87183],[35.927646,56.872369],[35.927711,56.872508],[35.927973,56.873074],[35.928273,56.873816],[35.928569,56.874512],[35.9286,56.874586]]}},{"type":"Feature","properties":{"kind":"road"},"geometry":{"type":"LineString","coordinates":[[35.922677,56.869143],[35.922688,56.869044],[35.922657,56.868805],[35.92219,56.867587]]}},{"type":"Feature","properties":{"kind":"road_major"},"geometry":{"type":"LineString","coordinates":[[35.922845,56.869047],[35.922857,56.869015],[35.922874,56.868983],[35.922892,56.868952],[35.922911,56.86892],[35.922931,56.868889],[35.922953,56.868858],[35.922976,56.868827],[35.923,56.868797],[35.923026,56.868767],[35.923052,56.868737],[35.923692,56.868124]]}},{"type":"Feature","properties":{"kind":"road"},"geometry":{"type":"LineString","coordinates":[[35.914939,56.874096],[35.914776,56.873656],[35.914623,56.873244],[35.914581,56.873133],[35.914395,56.87263],[35.914345,56.872497],[35.914321,56.872431],[35.914139,56.871941],[35.914109,56.87186]]}},{"type":"Feature","properties":{"kind":"road"},"geometry":{"type":"LineString","coordinates":[[35.931708,56.845667],[35.931743,56.845697],[35.932671,56.84641]]}},{"type":"Feature","properties":{"kind":"road"},"geometry":{"type":"LineString","coordinates":[[35.908182,56.854858],[35.909319,56.854691],[35.909401,56.854679],[35.909505,56.854663],[35.910082,56.854578],[35.910283,56.854549],[35.911974,56.8543],[35.912465,56.854227],[35.912794,56.854179],[35.913272,56.854108],[35.91365,56.854053],[35.914316,56.853955],[35.914541,56.853921],[35.914619,56.85391],[35.915084,56.853842],[35.915246,56.853819]]}},{"type":"Feature","properties":{"kind":"road"},"geometry":{"type":"LineString","coordinates":[[35.907107,56.862189],[35.906994,56.862194],[35.906309,56.862309],[35.906104,56.862343],[35.905513,56.862483],[35.905082,56.862576],[35.90484,56.862614],[35.904718,56.862613],[35.904592,56.862612],[35.904407,56.86262],[35.904277,56.862632],[35.904196,56.862648],[35.904103,56.862671],[35.904028,56.862692],[35.903957,56.862712],[35.903777,56.862776],[35.903673,56.862832],[35.903616,56.862867],[35.903573,56.862908],[35.903535,56.862945]]}},{"type":"Feature","properties":{"kind":"road"},"geometry":{"type":"LineString","coordinates":[[35.904272,56.872953],[35.904256,56.872915],[35.904033,56.872378],[35.903797,56.871811],[35.903746,56.871693],[35.903656,56.871486],[35.903525,56.871167]]}},{"type":"Feature","properties":{"kind":"road"},"geometry":{"type":"LineString","coordinates":[[35.898123,56.870651],[35.898151,56.870715],[35.898259,56.870964],[35.898466,56.871442],[35.898563,56.871665],[35.898732,56.872056],[35.898891,56.872421],[35.899374,56.873604],[35.899459,56.873782],[35.899489,56.87384],[35.899701,56.874291],[35.899941,56.874846],[35.900403,56.875911],[35.900569,56.876293],[35.90135,56.878096]]}},{"type":"Feature","properties":{"kind":"road"},"geometry":{"type":"LineString","coordinates":[[35.902251,56.858171],[35.902338,56.858094],[35.902481,56.857966],[35.90257,56.857887],[35.902847,56.85764],[35.903382,56.857163],[35.903655,56.856919]]}},{"type":"Feature","properties":{"kind":"road_major"},"geometry":{"type":"LineString","coordinates":[[35.921529,56.837836],[35.921602,56.837892],[35.921878,56.838105],[35.92206,56.838245],[35.922638,56.838689],[35.92343,56.839299],[35.923631,56.839453],[35.924161,56.839861],[35.924466,56.840096],[35.924769,56.840329],[35.92516,56.840629],[35.925383,56.840801],[35.925477,56.840873],[35.925966,56.84125],[35.926045,56.84131],[35.926159,56.8414],[35.926227,56.84145],[35.926546,56.841696],[35.927261,56.842246],[35.927849,56.842699],[35.927913,56.842748],[35.928765,56.843403],[35.928953,56.843548],[35.929263,56.843786],[35.929496,56.843966],[35.929637,56.844073],[35.930135,56.844457],[35.930386,56.84465],[35.930434,56.844687],[35.93059,56.844807],[35.930838,56.844997],[35.931664,56.845633],[35.931708,56.845667]]}},{"type":"Feature","properties":{"kind":"road_major"},"geometry":{"type":"LineString","coordinates":[[35.881781,56.857407],[35.881525,56.857584],[35.8808,56.85809],[35.880752,56.858123],[35.880056,56.858608],[35.879561,56.858952],[35.879455,56.859026],[35.879199,56.859204],[35.878813,56.859473],[35.878345,56.859799],[35.878274,56.859848],[35.878255,56.859861],[35.877734,56.860224],[35.877682,56.86026],[35.877573,56.860336],[35.876994,56.860739],[35.876959,56.860763],[35.876241,56.86126],[35.876107,56.861352],[35.875136,56.862046],[35.875087,56.862083],[35.874842,56.862258],[35.874808,56.862288],[35.874778,56.862321],[35.874752,56.862354],[35.874729,56.862388],[35.874711,56.862422],[35.874696,56.862457],[35.874686,56.862493],[35.87468,56.862529],[35.874679,56.862565],[35.874681,56.862601],[35.874688,56.862637],[35.874699,56.862673],[35.874714,56.862708],[35.874733,56.862742],[35.874756,56.862776],[35.874783,56.862809],[35.874803,56.862835]]}},{"type":"Feature","properties":{"kind":"road_major"},"geometry":{"type":"LineString","coordinates":[[35.9286,56.874586],[35.927548,56.874706],[35.92686,56.874785],[35.925765,56.874911]]}},{"type":"Feature","properties":{"kind":"road"},"geometry":{"type":"LineString","coordinates":[[35.922137,56.865988],[35.921823,56.865991],[35.921489,56.865997],[35.921382,56.865999],[35.921263,56.866005],[35.921143,56.866039],[35.92101,56.866152],[35.920952,56.866223],[35.920786,56.867607],[35.920681,56.868591],[35.920718,56.868688],[35.920831,56.868768]]}},{"type":"Feature","properties":{"kind":"road_major"},"geometry":{"type":"LineString","coordinates":[[35.924193,56.865203],[35.924418,56.86523],[35.924507,56.86524],[35.927073,56.865544],[35.927611,56.865607],[35.928314,56.86569],[35.929688,56.865853],[35.931015,56.866009],[35.931248,56.866017],[35.931995,56.866039],[35.933453,56.866069],[35.9338,56.866074],[35.935771,56.866094],[35.936075,56.866097],[35.937512,56.86611],[35.937596,56.86611],[35.938706,56.866055],[35.939185,56.866026],[35.939326,56.866017],[35.940875,56.865921],[35.941739,56.865874],[35.942457,56.865834],[35.943156,56.865804],[35.943867,56.865789]]}},{"type":"Feature","properties":{"kind":"road_major"},"geometry":{"type":"LineString","coordinates":[[35.907524,56.872772],[35.90738,56.872786],[35.90591,56.872982],[35.905387,56.87305],[35.904367,56.873181],[35.902937,56.873366],[35.902812,56.873382],[35.902685,56.873398],[35.901076,56.873605],[35.900979,56.873618],[35.899459,56.873782],[35.897867,56.873986],[35.89696,56.874102],[35.896191,56.874202],[35.895989,56.87424],[35.895824,56.874272],[35.895633,56.874308],[35.894214,56.874544],[35.892415,56.874868],[35.891693,56.875001],[35.890774,56.875166],[35.890702,56.875179]]}},{"type":"Feature","properties":{"kind":"road"},"geometry":{"type":"LineString","coordinates":[[35.920983,56.85426],[35.920962,56.854217],[35.920765,56.853817],[35.920693,56.853673],[35.920407,56.853093],[35.920391,56.85306]]}},{"type":"Feature","properties":{"kind":"road"},"geometry":{"type":"LineString","coordinates":[[35.922959,56.857963],[35.923,56.858075],[35.923004,56.858091]]}},{"type":"Feature","properties":{"kind":"road"},"geometry":{"type":"LineString","coordinates":[[35.921135,56.858365],[35.921123,56.858346],[35.921068,56.858241]]}},{"type":"Feature","properties":{"kind":"road_major"},"geometry":{"type":"LineString","coordinates":[[35.868547,56.860593],[35.868804,56.859955],[35.868826,56.859903],[35.869008,56.859452],[35.869203,56.858968],[35.869245,56.858865],[35.869413,56.858449],[35.869943,56.857137],[35.870309,56.856228],[35.870625,56.855447],[35.870663,56.855353]]}},{"type":"Feature","properties":{"kind":"road"},"geometry":{"type":"LineString","coordinates":[[35.928895,56.858126],[35.928987,56.858082],[35.93436,56.85587]]}},{"type":"Feature","properties":{"kind":"road"},"geometry":{"type":"LineString","coordinates":[[35.875463,56.848899],[35.875297,56.848902],[35.875146,56.848903],[35.874969,56.848898],[35.874746,56.848882],[35.87455,56.84887],[35.874316,56.848843],[35.873592,56.848771],[35.873516,56.848762],[35.873444,56.848746],[35.873411,56.848731],[35.873365,56.848717],[35.873276,56.848685],[35.873222,56.84867]]}},{"type":"Feature","properties":{"kind":"road"},"geometry":{"type":"LineString","coordinates":[[35.875856,56.850004],[35.875926,56.849997],[35.879001,56.849637],[35.879176,56.849623],[35.881556,56.849382],[35.884913,56.849037],[35.88589,56.848926],[35.88625,56.848886],[35.886511,56.848845]]}},{"type":"Feature","properties":{"kind":"road"},"geometry":{"type":"LineString","coordinates":[[35.929591,56.870546],[35.928869,56.870615],[35.928246,56.870713],[35.92692,56.870922]]}},{"type":"Feature","properties":{"kind":"road_major"},"geometry":{"type":"LineString","coordinates":[[35.892526,56.867597],[35.892539,56.867627],[35.892703,56.868053],[35.892905,56.868579],[35.89294,56.868672]]}},{"type":"Feature","properties":{"kind":"road_major"},"geometry":{"type":"LineString","coordinates":[[35.890612,56.875031],[35.890685,56.875017],[35.892328,56.874725],[35.894114,56.874381],[35.895512,56.874115],[35.895713,56.874087],[35.895884,56.874063],[35.896104,56.874032],[35.897414,56.873865],[35.897795,56.873814],[35.897895,56.873801],[35.899268,56.873618],[35.899374,56.873604],[35.899475,56.873591],[35.900887,56.873403],[35.90099,56.87339],[35.901484,56.873324],[35.902198,56.873229],[35.902591,56.873177],[35.902716,56.87316],[35.902778,56.873153],[35.902843,56.873145],[35.904272,56.872953],[35.904839,56.872878],[35.90575,56.872757],[35.906841,56.872612],[35.907285,56.872555],[35.907431,56.872535]]}},{"type":"Feature","properties":{"kind":"road"},"geometry":{"type":"LineString","coordinates":[[35.88881,56.872065],[35.888686,56.872085],[35.88737,56.872317],[35.88671,56.872433],[35.886264,56.872512],[35.885579,56.872632],[35.88545,56.872655],[35.88471,56.872785],[35.884117,56.872889],[35.882823,56.873117],[35.88239,56.873194]]}},{"type":"Feature","properties":{"kind":"road_major"},"geometry":{"type":"LineString","coordinates":[[35.877517,56.85547],[35.877231,56.855555],[35.876956,56.855634]]}},{"type":"Feature","properties":{"kind":"road_major"},"geometry":{"type":"LineString","coordinates":[[35.877517,56.85547],[35.878595,56.855284],[35.879192,56.855204],[35.880007,56.855086],[35.880052,56.855082],[35.880096,56.855079],[35.880141,56.855077],[35.880187,56.855076],[35.880232,56.855075],[35.880277,56.855075],[35.880322,56.855076],[35.880367,56.855078],[35.880412,56.855081],[35.880457,56.855084],[35.880502,56.855088],[35.880546,56.855093],[35.88059,56.855099],[35.880634,56.855106],[35.880677,56.855113],[35.88072,56.855121],[35.880762,56.85513],[35.880804,56.855139],[35.880845,56.85515]]}},{"type":"Feature","properties":{"kind":"road"},"geometry":{"type":"LineString","coordinates":[[35.893241,56.872964],[35.893919,56.874042],[35.894067,56.874307],[35.894114,56.874381],[35.894174,56.874478],[35.894214,56.874544],[35.89424,56.874588],[35.89425,56.874605],[35.895508,56.876666],[35.89575,56.877066],[35.896759,56.878735],[35.896836,56.878864],[35.896856,56.878902],[35.898092,56.881377],[35.898752,56.88272]]}},{"type":"Feature","properties":{"kind":"road_major"},"geometry":{"type":"LineString","coordinates":[[35.899274,56.859558],[35.899304,56.859544],[35.89937,56.859514],[35.899408,56.8595],[35.899451,56.859485],[35.899503,56.859474],[35.900387,56.859329]]}},{"type":"Feature","properties":{"kind":"road"},"geometry":{"type":"LineString","coordinates":[[35.867152,56.874357],[35.868966,56.87408]]}},{"type":"Feature","properties":{"kind":"road"},"geometry":{"type":"LineString","coordinates":[[35.866868,56.873818],[35.868694,56.873537]]}},{"type":"Feature","properties":{"kind":"road"},"geometry":{"type":"LineString","coordinates":[[35.867442,56.8749],[35.869233,56.874615]]}},{"type":"Feature","properties":{"kind":"road"},"geometry":{"type":"LineString","coordinates":[[35.881272,56.859745],[35.88156,56.859832]]}},{"type":"Feature","properties":{"kind":"road"},"geometry":{"type":"LineString","coordinates":[[35.918315,56.873631],[35.918514,56.872841]]}},{"type":"Feature","properties":{"kind":"road"},"geometry":{"type":"LineString","coordinates":[[35.903713,56.855446],[35.903596,56.855452],[35.903359,56.855477],[35.902619,56.855785],[35.902369,56.855893],[35.90167,56.856262],[35.901513,56.856402],[35.901231,56.856698],[35.900939,56.857073],[35.900837,56.857215],[35.900764,56.857354]]}},{"type":"Feature","properties":{"kind":"road"},"geometry":{"type":"LineString","coordinates":[[35.891025,56.871681],[35.890621,56.871751],[35.890257,56.871814],[35.889328,56.871975],[35.889269,56.871986]]}},{"type":"Feature","properties":{"kind":"road"},"geometry":{"type":"LineString","coordinates":[[35.891057,56.872614],[35.891185,56.872827],[35.89129,56.873001],[35.891491,56.873335],[35.891746,56.873759],[35.892112,56.874367],[35.892274,56.874635],[35.892328,56.874725],[35.892376,56.874805],[35.892415,56.874868],[35.892448,56.874924],[35.893045,56.875915],[35.893191,56.876158],[35.893313,56.87636],[35.893697,56.876998]]}},{"type":"Feature","properties":{"kind":"road"},"geometry":{"type":"LineString","coordinates":[[35.888349,56.871308],[35.888462,56.871288],[35.888702,56.871247],[35.888886,56.871215],[35.88892,56.871209],[35.88991,56.871037],[35.890178,56.87099],[35.890204,56.871034],[35.890587,56.870967]]}},{"type":"Feature","properties":{"kind":"road"},"geometry":{"type":"LineString","coordinates":[[35.891491,56.873335],[35.891808,56.87328],[35.892009,56.87324],[35.893241,56.872964]]}},{"type":"Feature","properties":{"kind":"road_major"},"geometry":{"type":"LineString","coordinates":[[35.899317,56.863851],[35.900041,56.866192]]}},{"type":"Feature","properties":{"kind":"road_major"},"geometry":{"type":"LineString","coordinates":[[35.923826,56.87511],[35.925054,56.874931],[35.925205,56.874923]]}},{"type":"Feature","properties":{"kind":"road_major"},"geometry":{"type":"LineString","coordinates":[[35.925765,56.874911],[35.925264,56.875049]]}},{"type":"Feature","properties":{"kind":"road"},"geometry":{"type":"LineString","coordinates":[[35.908173,56.85224],[35.908233,56.852358],[35.908287,56.852464],[35.908548,56.852984],[35.908798,56.85348],[35.909191,56.854261],[35.909373,56.854624],[35.909401,56.854679],[35.909427,56.854731],[35.909776,56.855424],[35.910005,56.85588],[35.91052,56.856903],[35.910536,56.856934]]}},{"type":"Feature","properties":{"kind":"road_major"},"geometry":{"type":"LineString","coordinates":[[35.910427,56.876899],[35.923826,56.87511]]}},{"type":"Feature","properties":{"kind":"road_major"},"geometry":{"type":"LineString","coordinates":[[35.923884,56.875238],[35.910474,56.877056]]}},{"type":"Feature","properties":{"kind":"road_major"},"geometry":{"type":"LineString","coordinates":[[35.912267,56.866594],[35.912349,56.866778],[35.912715,56.867735],[35.912836,56.868051],[35.91286,56.868112],[35.913008,56.8685],[35.913042,56.868589],[35.913058,56.868619],[35.913137,56.868809]]}},{"type":"Feature","properties":{"kind":"road_major"},"geometry":{"type":"LineString","coordinates":[[35.923979,56.867472],[35.918158,56.867265],[35.918016,56.86726],[35.917874,56.867254],[35.917732,56.867247],[35.91759,56.867239],[35.917449,56.867231],[35.917307,56.867221],[35.917166,56.867211],[35.917025,56.8672],[35.916885,56.867188],[35.916744,56.867175],[35.916604,56.867161],[35.916464,56.867147],[35.916324,56.867131],[35.916185,56.867115],[35.916046,56.867098],[35.915156,56.866992]]}},{"type":"Feature","properties":{"kind":"road"},"geometry":{"type":"LineString","coordinates":[[35.892183,56.861053],[35.892262,56.860996],[35.892368,56.86092],[35.892791,56.860622],[35.893019,56.860461],[35.893101,56.860406],[35.893183,56.860352]]}},{"type":"Feature","properties":{"kind":"road"},"geometry":{"type":"LineString","coordinates":[[35.887713,56.862413],[35.888082,56.862148],[35.888748,56.861691],[35.88897,56.861538],[35.889398,56.861231],[35.889817,56.86093],[35.89018,56.86067],[35.890253,56.860615]]}},{"type":"Feature","properties":{"kind":"road_major"},"geometry":{"type":"LineString","coordinates":[[35.876368,56.851952],[35.876406,56.852286]]}},{"type":"Feature","properties":{"kind":"road_major"},"geometry":{"type":"LineString","coordinates":[[35.89881,56.857931],[35.899569,56.858227]]}},{"type":"Feature","properties":{"kind":"road_major"},"geometry":{"type":"LineString","coordinates":[[35.899942,56.858444],[35.899961,56.858461],[35.900012,56.858512],[35.900025,56.858529],[35.900054,56.858567],[35.900067,56.858583],[35.90008,56.858601],[35.900093,56.858619],[35.900106,56.858638],[35.900117,56.858658],[35.900146,56.858731]]}},{"type":"Feature","properties":{"kind":"road_major"},"geometry":{"type":"LineString","coordinates":[[35.90157,56.854045],[35.901744,56.854015],[35.901841,56.854005],[35.901936,56.854003],[35.90201,56.854005],[35.9021,56.854013],[35.902173,56.854021],[35.902256,56.854032],[35.902331,56.854046],[35.902417,56.854064],[35.902489,56.854078],[35.902561,56.854097],[35.902636,56.854116],[35.902723,56.854139],[35.902807,56.854168],[35.902885,56.854197],[35.902947,56.854222],[35.903005,56.85425],[35.903057,56.854277],[35.903115,56.854313],[35.903165,56.854354],[35.903207,56.854396],[35.903239,56.854439],[35.90327,56.854484],[35.903296,56.85453],[35.903316,56.854578]]}},{"type":"Feature","properties":{"kind":"road_major"},"geometry":{"type":"LineString","coordinates":[[35.903602,56.855201],[35.903316,56.854578]]}},{"type":"Feature","properties":{"kind":"road_major"},"geometry":{"type":"LineString","coordinates":[[35.894998,56.861127],[35.893789,56.860597],[35.893183,56.860352]]}},{"type":"Feature","properties":{"kind":"road_major"},"geometry":{"type":"LineString","coordinates":[[35.895616,56.861393],[35.894998,56.861127]]}},{"type":"Feature","properties":{"kind":"road_major"},"geometry":{"type":"LineString","coordinates":[[35.926729,56.855352],[35.926772,56.855213],[35.926788,56.855156],[35.926795,56.855117],[35.926795,56.855078],[35.926789,56.855038],[35.926777,56.854999],[35.926759,56.854961],[35.926705,56.854851]]}},{"type":"Feature","properties":{"kind":"road_major"},"geometry":{"type":"LineString","coordinates":[[35.879984,56.870592],[35.879993,56.870603],[35.880005,56.870613],[35.880018,56.870622],[35.880033,56.87063],[35.880054,56.870639],[35.880078,56.870646],[35.880103,56.870651],[35.880129,56.870655],[35.880156,56.870656],[35.880183,56.870656],[35.880209,56.870653]]}},{"type":"Feature","properties":{"kind":"road"},"geometry":{"type":"LineString","coordinates":[[35.893776,56.870197],[35.893929,56.870177],[35.89434,56.870127],[35.894437,56.870116],[35.894633,56.870092],[35.895184,56.870026],[35.895518,56.869986],[35.895875,56.869943],[35.896451,56.869873],[35.896618,56.869853],[35.897063,56.8698],[35.89716,56.869788],[35.897447,56.869754],[35.897722,56.86972],[35.897996,56.869687],[35.898182,56.869665],[35.89849,56.869628],[35.898676,56.869606],[35.899123,56.869552],[35.899644,56.869489],[35.899743,56.869477]]}},{"type":"Feature","properties":{"kind":"road_major"},"geometry":{"type":"LineString","coordinates":[[35.922888,56.849414],[35.922366,56.848579]]}},{"type":"Feature","properties":{"kind":"road"},"geometry":{"type":"LineString","coordinates":[[35.876235,56.856353],[35.877399,56.856526],[35.878628,56.856708],[35.878915,56.856752]]}},{"type":"Feature","properties":{"kind":"road_major"},"geometry":{"type":"LineString","coordinates":[[35.927151,56.849495],[35.927996,56.849412],[35.928192,56.849392],[35.928402,56.849363],[35.92851,56.849347],[35.92867,56.849319],[35.928851,56.849289],[35.92903,56.849257],[35.929209,56.849223],[35.929386,56.849187],[35.929562,56.849149],[35.929737,56.849109],[35.92991,56.849068],[35.930082,56.849024],[35.930251,56.848979],[35.93042,56.848932],[35.930586,56.848883],[35.930751,56.848832],[35.930914,56.84878],[35.931075,56.848726],[35.93165,56.8485],[35.932074,56.848325],[35.9328,56.848027],[35.933893,56.847575],[35.934102,56.847488]]}},{"type":"Feature","properties":{"kind":"road"},"geometry":{"type":"LineString","coordinates":[[35.924193,56.865203],[35.923859,56.864518],[35.923838,56.864474],[35.923759,56.86429],[35.923731,56.864207],[35.923711,56.864115],[35.923697,56.864031],[35.923698,56.863988],[35.923699,56.863938],[35.923703,56.863912],[35.923718,56.863883],[35.923173,56.863396]]}},{"type":"Feature","properties":{"kind":"road"},"geometry":{"type":"LineString","coordinates":[[35.869203,56.858968],[35.869295,56.858979],[35.870434,56.859117],[35.872873,56.859411]]}},{"type":"Feature","properties":{"kind":"road_major"},"geometry":{"type":"LineString","coordinates":[[35.887575,56.853371],[35.887599,56.853368],[35.887622,56.853367],[35.887646,56.853367],[35.88767,56.853367],[35.887694,56.853369],[35.887717,56.853372],[35.88774,56.853375],[35.887762,56.85338],[35.887784,56.853385],[35.887805,56.853392],[35.888089,56.853502],[35.888246,56.853568],[35.888668,56.853741],[35.890355,56.854429],[35.890431,56.85446],[35.893356,56.855665],[35.893435,56.855698],[35.89354,56.855741],[35.893797,56.855847],[35.894399,56.856095],[35.89578,56.856664],[35.895871,56.856701]]}},{"type":"Feature","properties":{"kind":"road"},"geometry":{"type":"LineString","coordinates":[[35.895871,56.856701],[35.895812,56.85674],[35.895465,56.856987],[35.895383,56.857045],[35.895312,56.857094],[35.894839,56.857412],[35.894382,56.857724],[35.892998,56.858685],[35.89254,56.858997],[35.891969,56.859393],[35.891595,56.859656]]}},{"type":"Feature","properties":{"kind":"road"},"geometry":{"type":"LineString","coordinates":[[35.891595,56.859656],[35.891515,56.859716],[35.890878,56.860165],[35.890756,56.860251],[35.890399,56.860507],[35.890312,56.860571]]}},{"type":"Feature","properties":{"kind":"road"},"geometry":{"type":"LineString","coordinates":[[35.889263,56.858684],[35.88931,56.85865],[35.890659,56.857684],[35.892006,56.85672],[35.893362,56.85575],[35.893435,56.855698],[35.893492,56.855656],[35.894713,56.854782],[35.894968,56.854744],[35.895247,56.854535]]}},{"type":"Feature","properties":{"kind":"road_major"},"geometry":{"type":"LineString","coordinates":[[35.91234,56.872082],[35.912374,56.872049],[35.912409,56.872018],[35.912449,56.871989],[35.912493,56.871962],[35.912541,56.871937],[35.912593,56.871914],[35.912647,56.871893],[35.912704,56.871874],[35.913681,56.871752],[35.913852,56.871732],[35.914085,56.871704]]}},{"type":"Feature","properties":{"kind":"road"},"geometry":{"type":"LineString","coordinates":[[35.916416,56.871595],[35.916018,56.87164],[35.915117,56.871742]]}},{"type":"Feature","properties":{"kind":"road_major"},"geometry":{"type":"LineString","coordinates":[[35.914109,56.87186],[35.913743,56.871906],[35.91234,56.872082]]}},{"type":"Feature","properties":{"kind":"road"},"geometry":{"type":"LineString","coordinates":[[35.907352,56.869507],[35.908709,56.869343]]}},{"type":"Feature","properties":{"kind":"road"},"geometry":{"type":"LineString","coordinates":[[35.908709,56.869343],[35.908766,56.869337],[35.909202,56.869285],[35.909526,56.869247],[35.909751,56.86922],[35.910061,56.869183],[35.910341,56.86915],[35.910591,56.869122],[35.910983,56.869074],[35.912211,56.868929],[35.912749,56.868862],[35.912933,56.868837],[35.913137,56.868809],[35.913244,56.868793],[35.91369,56.868728],[35.914382,56.86863],[35.915269,56.868509],[35.915738,56.868445],[35.916157,56.868388],[35.916269,56.868372]]}},{"type":"Feature","properties":{"kind":"road"},"geometry":{"type":"LineString","coordinates":[[35.916035,56.872766],[35.916378,56.871715],[35.916416,56.871595],[35.916542,56.871307]]}},{"type":"Feature","properties":{"kind":"road_major"},"geometry":{"type":"LineString","coordinates":[[35.897872,56.860344],[35.896277,56.861397]]}},{"type":"Feature","properties":{"kind":"road_major"},"geometry":{"type":"LineString","coordinates":[[35.876538,56.853515],[35.876581,56.853948]]}},{"type":"Feature","properties":{"kind":"road"},"geometry":{"type":"LineString","coordinates":[[35.877323,56.865765],[35.877272,56.865742],[35.877211,56.865711],[35.877174,56.865679],[35.877152,56.86566],[35.877139,56.865641],[35.877127,56.865622],[35.877114,56.865597],[35.877103,56.865569],[35.87709,56.865524],[35.87708,56.86547],[35.87708,56.865432],[35.87708,56.865423],[35.87708,56.865331],[35.87708,56.865264],[35.877101,56.864613],[35.877112,56.864528],[35.877128,56.86445],[35.877177,56.864326],[35.877236,56.864215],[35.877407,56.863928],[35.877573,56.863748],[35.877767,56.863578],[35.878163,56.863224],[35.878179,56.863206],[35.8783,56.863073]]}},{"type":"Feature","properties":{"kind":"road"},"geometry":{"type":"LineString","coordinates":[[35.913542,56.870371],[35.913374,56.870393],[35.913323,56.870399],[35.912163,56.870574]]}},{"type":"Feature","properties":{"kind":"road_major"},"geometry":{"type":"LineString","coordinates":[[35.917423,56.858248],[35.917381,56.858164],[35.917038,56.857464],[35.91698,56.857347],[35.916865,56.857112],[35.91659,56.856553],[35.916489,56.856348],[35.916453,56.856274],[35.916339,56.856042],[35.916319,56.856002],[35.916209,56.855779],[35.916161,56.855677],[35.915962,56.855274],[35.915852,56.855052],[35.915836,56.855019],[35.91581,56.854967],[35.915695,56.854733],[35.915596,56.854534],[35.915545,56.854431],[35.915274,56.853876],[35.915246,56.853819],[35.915214,56.853755],[35.914916,56.853148],[35.914886,56.853087],[35.914647,56.8526],[35.914606,56.852516],[35.91426,56.851812],[35.914048,56.851383]]}},{"type":"Feature","properties":{"kind":"road"},"geometry":{"type":"LineString","coordinates":[[35.893183,56.860352],[35.893367,56.860334],[35.893667,56.860125],[35.893707,56.860098],[35.894703,56.859406],[35.895415,56.858911],[35.896088,56.858444],[35.89754,56.857435],[35.897586,56.857402]]}},{"type":"Feature","properties":{"kind":"road"},"geometry":{"type":"LineString","coordinates":[[35.916908,56.859136],[35.916858,56.85911],[35.916815,56.859085],[35.916775,56.859059],[35.916739,56.859032],[35.916706,56.859003],[35.916677,56.858973],[35.916651,56.858943],[35.916629,56.858911],[35.916619,56.858895]]}},{"type":"Feature","properties":{"kind":"road_major"},"geometry":{"type":"LineString","coordinates":[[35.904264,56.84568],[35.904891,56.846194]]}},{"type":"Feature","properties":{"kind":"road_major"},"geometry":{"type":"LineString","coordinates":[[35.905969,56.847652],[35.906122,56.847952],[35.90619,56.848085]]}},{"type":"Feature","properties":{"kind":"road"},"geometry":{"type":"LineString","coordinates":[[35.928895,56.858126],[35.928651,56.858241],[35.928232,56.858409]]}},{"type":"Feature","properties":{"kind":"road"},"geometry":{"type":"LineString","coordinates":[[35.934434,56.854095],[35.934299,56.854129],[35.932846,56.854496],[35.932457,56.854601],[35.93242,56.854608],[35.932383,56.854614],[35.932345,56.854619],[35.932307,56.854624],[35.932269,56.854626],[35.93223,56.854628],[35.932191,56.854629],[35.932152,56.854629],[35.932113,56.854628],[35.932075,56.854625],[35.932036,56.854622],[35.932003,56.854617],[35.931968,56.854613],[35.931934,56.85461],[35.931899,56.854608],[35.931864,56.854608],[35.931827,56.854608],[35.931791,56.85461],[35.931755,56.854613],[35.931719,56.854618],[35.931684,56.854623],[35.931649,56.85463],[35.931616,56.854638],[35.931583,56.854647],[35.931227,56.854779]]}},{"type":"Feature","properties":{"kind":"road"},"geometry":{"type":"LineString","coordinates":[[35.908798,56.85348],[35.908673,56.853497],[35.908247,56.853556],[35.907574,56.853649],[35.907316,56.853684]]}},{"type":"Feature","properties":{"kind":"road_major"},"geometry":{"type":"LineString","coordinates":[[35.873301,56.846963],[35.873355,56.847048],[35.873456,56.847208],[35.87413,56.84828],[35.874217,56.848377],[35.874417,56.8485],[35.874871,56.848654]]}},{"type":"Feature","properties":{"kind":"road"},"geometry":{"type":"LineString","coordinates":[[35.925952,56.853526],[35.923486,56.85389],[35.920983,56.85426],[35.92033,56.854356],[35.920167,56.85438]]}},{"type":"Feature","properties":{"kind":"road_major"},"geometry":{"type":"LineString","coordinates":[[35.874653,56.855596],[35.875845,56.855698]]}},{"type":"Feature","properties":{"kind":"road"},"geometry":{"type":"LineString","coordinates":[[35.876235,56.856353],[35.876353,56.85601],[35.876417,56.855828]]}},{"type":"Feature","properties":{"kind":"road_major"},"geometry":{"type":"LineString","coordinates":[[35.930087,56.874455],[35.930213,56.874448],[35.930339,56.874442],[35.930465,56.874439],[35.930591,56.874437],[35.930717,56.874437],[35.930844,56.874439],[35.93097,56.874443],[35.931096,56.874448],[35.932856,56.874628],[35.934573,56.874808],[35.936224,56.874982],[35.937343,56.875103],[35.938046,56.875144]]}},{"type":"Feature","properties":{"kind":"road_major"},"geometry":{"type":"LineString","coordinates":[[35.925205,56.874923],[35.925167,56.874844],[35.92514,56.874786],[35.925118,56.874734],[35.924573,56.873473],[35.924294,56.872818],[35.924085,56.872305],[35.923628,56.871186],[35.923432,56.870676],[35.922864,56.869292],[35.922852,56.869256],[35.922842,56.86922],[35.922835,56.869179],[35.922833,56.869139],[35.922834,56.869098],[35.922837,56.869073],[35.922845,56.869047]]}},{"type":"Feature","properties":{"kind":"road_major"},"geometry":{"type":"LineString","coordinates":[[35.9286,56.874586],[35.928687,56.874851],[35.928787,56.875158],[35.929047,56.875926],[35.929548,56.877296]]}},{"type":"Feature","properties":{"kind":"road_major"},"geometry":{"type":"LineString","coordinates":[[35.925205,56.874923],[35.925765,56.874911]]}},{"type":"Feature","properties":{"kind":"road_major"},"geometry":{"type":"LineString","coordinates":[[35.925264,56.875049],[35.925205,56.874923]]}},{"type":"Feature","properties":{"kind":"road"},"geometry":{"type":"LineString","coordinates":[[35.923718,56.863883],[35.923764,56.863832],[35.923797,56.863802],[35.923835,56.863774],[35.923877,56.863748],[35.923923,56.863724],[35.923973,56.863702],[35.928224,56.862431],[35.92844,56.862368],[35.928876,56.862235],[35.931148,56.861561],[35.931992,56.861341],[35.932802,56.860972]]}},{"type":"Feature","properties":{"kind":"road"},"geometry":{"type":"LineString","coordinates":[[35.928561,56.857154],[35.928597,56.857221],[35.928978,56.857957],[35.928985,56.857977],[35.928987,56.857997],[35.928986,56.858017],[35.92898,56.858037],[35.92897,56.858056],[35.928956,56.858075],[35.928939,56.858092],[35.928917,56.858109],[35.928895,56.858126]]}},{"type":"Feature","properties":{"kind":"road_major"},"geometry":{"type":"LineString","coordinates":[[35.925291,56.852306],[35.924621,56.851824],[35.924443,56.851687],[35.924396,56.851647],[35.924351,56.851608],[35.924307,56.851567],[35.924264,56.851526],[35.924224,56.851485],[35.924184,56.851443],[35.924147,56.851401],[35.924111,56.851358],[35.924076,56.851315],[35.924043,56.851272],[35.924012,56.851228],[35.923968,56.851169]]}},{"type":"Feature","properties":{"kind":"road"},"geometry":{"type":"LineString","coordinates":[[35.927798,56.852837],[35.928386,56.852605],[35.9286,56.85252],[35.928868,56.852414],[35.928952,56.852381],[35.929441,56.852187],[35.929808,56.852042],[35.930635,56.851715],[35.930984,56.851577],[35.931091,56.851535],[35.931181,56.851499],[35.931716,56.851287],[35.931727,56.851283],[35.932091,56.851139],[35.932904,56.850817],[35.933031,56.850767],[35.933071,56.850751],[35.934504,56.850184],[35.934949,56.850009],[35.935527,56.849779],[35.936214,56.849508],[35.936475,56.849405],[35.936544,56.849377],[35.936651,56.849335],[35.937057,56.849174],[35.937478,56.849008],[35.937827,56.848869],[35.937847,56.848862],[35.938871,56.848457],[35.939645,56.84815],[35.939795,56.848091],[35.940034,56.847996],[35.940484,56.847819],[35.940541,56.847796],[35.940751,56.847713],[35.940889,56.847658],[35.941991,56.847222],[35.942067,56.847192]]}},{"type":"Feature","properties":{"kind":"road"},"geometry":{"type":"LineString","coordinates":[[35.925041,56.846072],[35.924873,56.845934],[35.924845,56.845911],[35.924653,56.845756],[35.924285,56.845456],[35.924233,56.845414],[35.923193,56.844579]]}},{"type":"Feature","properties":{"kind":"road"},"geometry":{"type":"LineString","coordinates":[[35.910536,56.856934],[35.910585,56.857033],[35.910632,56.857125],[35.910655,56.857173],[35.911076,56.858008],[35.911107,56.85807],[35.911303,56.858469],[35.911362,56.858568]]}},{"type":"Feature","properties":{"kind":"road_major"},"geometry":{"type":"LineString","coordinates":[[35.921791,56.858135],[35.921392,56.858193]]}},{"type":"Feature","properties":{"kind":"road"},"geometry":{"type":"LineString","coordinates":[[35.914589,56.858551],[35.914552,56.858475],[35.914426,56.858219],[35.914298,56.857958],[35.914221,56.857802],[35.913688,56.856715],[35.91367,56.856679],[35.913618,56.856574],[35.913566,56.856468],[35.91355,56.856436],[35.913472,56.856277],[35.913432,56.856195],[35.913212,56.855748],[35.913056,56.85543],[35.912772,56.854851],[35.912491,56.854279],[35.912465,56.854227],[35.912443,56.854181]]}},{"type":"Feature","properties":{"kind":"road_major"},"geometry":{"type":"LineString","coordinates":[[35.914884,56.85915],[35.914796,56.859162],[35.913661,56.859329],[35.912856,56.859448],[35.912721,56.859467],[35.911066,56.859711]]}},{"type":"Feature","properties":{"kind":"road"},"geometry":{"type":"LineString","coordinates":[[35.914884,56.85915],[35.914843,56.859067]]}},{"type":"Feature","properties":{"kind":"road"},"geometry":{"type":"LineString","coordinates":[[35.915151,56.859697],[35.915124,56.859642],[35.914907,56.859197],[35.914884,56.85915]]}},{"type":"Feature","properties":{"kind":"road"},"geometry":{"type":"LineString","coordinates":[[35.867747,56.8605],[35.867768,56.860523],[35.867792,56.860545],[35.86782,56.860566],[35.867851,56.860586],[35.867885,56.860604],[35.867921,56.86062],[35.86796,56.860635],[35.868002,56.860648],[35.868045,56.860658],[35.868089,56.860667],[35.868135,56.860673],[35.868182,56.860678],[35.868229,56.86068],[35.868276,56.86068],[35.868319,56.860678],[35.868361,56.860674],[35.868402,56.860668],[35.868443,56.860661]]}},{"type":"Feature","properties":{"kind":"road"},"geometry":{"type":"LineString","coordinates":[[35.868443,56.860661],[35.869199,56.860757],[35.869953,56.860852],[35.871437,56.861039],[35.872271,56.861144]]}},{"type":"Feature","properties":{"kind":"road_major"},"geometry":{"type":"LineString","coordinates":[[35.907784,56.857358],[35.90786,56.857345]]}},{"type":"Feature","properties":{"kind":"road"},"geometry":{"type":"LineString","coordinates":[[35.907335,56.856274],[35.907263,56.856285],[35.907102,56.856308]]}},{"type":"Feature","properties":{"kind":"road_major"},"geometry":{"type":"LineString","coordinates":[[35.907871,56.857529],[35.907688,56.857555]]}},{"type":"Feature","properties":{"kind":"road"},"geometry":{"type":"LineString","coordinates":[[35.896852,56.871661],[35.897102,56.872252]]}},{"type":"Feature","properties":{"kind":"road"},"geometry":{"type":"LineString","coordinates":[[35.898732,56.872056],[35.898836,56.872042],[35.89982,56.871916],[35.900218,56.871865],[35.900342,56.871849],[35.900435,56.871837],[35.901338,56.871721],[35.901937,56.871644],[35.902062,56.871628]]}},{"type":"Feature","properties":{"kind":"road_major"},"geometry":{"type":"LineString","coordinates":[[35.873301,56.846963],[35.873469,56.846935],[35.873573,56.846921],[35.873683,56.846902],[35.874342,56.846814],[35.87632,56.846693],[35.877093,56.846646],[35.877764,56.846605],[35.878084,56.846585],[35.878133,56.846582],[35.87832,56.846571],[35.879867,56.84648],[35.88165,56.846379],[35.883379,56.846276],[35.884823,56.84619],[35.885161,56.84617]]}},{"type":"Feature","properties":{"kind":"road_major"},"geometry":{"type":"LineString","coordinates":[[35.927128,56.857261],[35.927163,56.857251],[35.927197,56.85724],[35.927228,56.857227],[35.927259,56.857213],[35.927286,56.857198],[35.927312,56.857182],[35.927335,56.857164],[35.927356,56.857146],[35.927374,56.857126],[35.927389,56.857106],[35.927401,56.857086],[35.92741,56.857064],[35.927416,56.857043],[35.927419,56.857022],[35.927419,56.857],[35.927416,56.856978],[35.927409,56.856957],[35.9274,56.856936]]}},{"type":"Feature","properties":{"kind":"road_major"},"geometry":{"type":"LineString","coordinates":[[35.889587,56.849502],[35.889825,56.849462],[35.890446,56.849383],[35.890645,56.849359]]}},{"type":"Feature","properties":{"kind":"road_major"},"geometry":{"type":"LineString","coordinates":[[35.888602,56.849662],[35.889587,56.849502]]}},{"type":"Feature","properties":{"kind":"road_major"},"geometry":{"type":"LineString","coordinates":[[35.900266,56.866638],[35.899929,56.866676]]}},{"type":"Feature","properties":{"kind":"road_major"},"geometry":{"type":"LineString","coordinates":[[35.900099,56.866391],[35.900182,56.866502]]}},{"type":"Feature","properties":{"kind":"road_major"},"geometry":{"type":"LineString","coordinates":[[35.907107,56.862189],[35.907054,56.862089],[35.907027,56.862035],[35.906838,56.861658],[35.906614,56.861214],[35.906242,56.860473],[35.906213,56.860424]]}},{"type":"Feature","properties":{"kind":"road_major"},"geometry":{"type":"LineString","coordinates":[[35.887333,56.869636],[35.887388,56.869727],[35.887431,56.869798],[35.887489,56.869892],[35.887977,56.870696],[35.887988,56.870714],[35.888323,56.871267],[35.888349,56.871308],[35.888732,56.871938],[35.88881,56.872065],[35.888837,56.87211],[35.888923,56.872251],[35.889072,56.872497],[35.889115,56.872568],[35.889327,56.872917],[35.889455,56.873128],[35.889501,56.873203],[35.890144,56.874261],[35.890424,56.874721],[35.890587,56.874989],[35.890612,56.875031]]}},{"type":"Feature","properties":{"kind":"road_major"},"geometry":{"type":"LineString","coordinates":[[35.916463,56.858918],[35.915094,56.859119],[35.914884,56.85915]]}},{"type":"Feature","properties":{"kind":"road_major"},"geometry":{"type":"LineString","coordinates":[[35.901723,56.859122],[35.901893,56.859101],[35.902764,56.858978],[35.903276,56.858905]]}},{"type":"Feature","properties":{"kind":"road"},"geometry":{"type":"LineString","coordinates":[[35.93284,56.852864],[35.932976,56.85297],[35.933433,56.853323],[35.934434,56.854095]]}},{"type":"Feature","properties":{"kind":"road_major"},"geometry":{"type":"LineString","coordinates":[[35.926705,56.854851],[35.9267,56.85484],[35.926694,56.854827],[35.926664,56.854765]]}},{"type":"Feature","properties":{"kind":"road_major"},"geometry":{"type":"LineString","coordinates":[[35.93284,56.852864],[35.932689,56.85292],[35.932446,56.853015],[35.931309,56.853456],[35.930139,56.853911],[35.928885,56.854398]]}},{"type":"Feature","properties":{"kind":"road_major"},"geometry":{"type":"LineString","coordinates":[[35.909737,56.862025],[35.909624,56.862032],[35.908416,56.862107],[35.907107,56.862189]]}},{"type":"Feature","properties":{"kind":"road"},"geometry":{"type":"LineString","coordinates":[[35.924104,56.855142],[35.924387,56.855717],[35.924686,56.856322]]}},{"type":"Feature","properties":{"kind":"road"},"geometry":{"type":"LineString","coordinates":[[35.885767,56.861594],[35.887713,56.862413]]}},{"type":"Feature","properties":{"kind":"road"},"geometry":{"type":"LineString","coordinates":[[35.889046,56.872025],[35.888912,56.872048],[35.88881,56.872065]]}},{"type":"Feature","properties":{"kind":"road"},"geometry":{"type":"LineString","coordinates":[[35.889269,56.871986],[35.889046,56.872025]]}},{"type":"Feature","properties":{"kind":"road"},"geometry":{"type":"LineString","coordinates":[[35.887979,56.859595],[35.888072,56.859533],[35.888452,56.859264],[35.88879,56.859018],[35.889157,56.858752],[35.889263,56.858684]]}},{"type":"Feature","properties":{"kind":"road"},"geometry":{"type":"LineString","coordinates":[[35.931965,56.844275],[35.931996,56.844299],[35.932343,56.844576],[35.932576,56.844762],[35.933014,56.845111],[35.933054,56.845143],[35.933077,56.845161],[35.933694,56.845653],[35.934027,56.845919]]}},{"type":"Feature","properties":{"kind":"road"},"geometry":{"type":"LineString","coordinates":[[35.922466,56.859065],[35.923296,56.858944],[35.923473,56.858919],[35.923989,56.858843],[35.925169,56.858671],[35.9258,56.858579],[35.925925,56.85856],[35.92805,56.85825],[35.928895,56.858126]]}},{"type":"Feature","properties":{"kind":"road_major"},"geometry":{"type":"LineString","coordinates":[[35.901489,56.848492],[35.900506,56.848565],[35.900042,56.848599],[35.899021,56.848672],[35.898778,56.84869],[35.898564,56.848705],[35.896885,56.848831],[35.896671,56.848848],[35.896135,56.848891]]}},{"type":"Feature","properties":{"kind":"road_major"},"geometry":{"type":"LineString","coordinates":[[35.896135,56.848891],[35.89438,56.849022],[35.893177,56.849114],[35.893144,56.849117],[35.892925,56.849133],[35.892685,56.849151],[35.892306,56.84918],[35.892104,56.849195]]}},{"type":"Feature","properties":{"kind":"road"},"geometry":{"type":"LineString","coordinates":[[35.880809,56.85892],[35.881236,56.859097],[35.881744,56.858731],[35.881319,56.858555],[35.880809,56.85892]]}},{"type":"Feature","properties":{"kind":"road"},"geometry":{"type":"LineString","coordinates":[[35.88447,56.862361],[35.884112,56.862371],[35.883372,56.86212]]}},{"type":"Feature","properties":{"kind":"road"},"geometry":{"type":"LineString","coordinates":[[35.88156,56.859832],[35.881911,56.859979],[35.882324,56.860152],[35.882455,56.860206],[35.88297,56.860422],[35.88391,56.860815],[35.885049,56.861291],[35.88542,56.861447],[35.885557,56.861504],[35.88572,56.861572]]}},{"type":"Feature","properties":{"kind":"road"},"geometry":{"type":"LineString","coordinates":[[35.921383,56.858543],[35.921644,56.859135],[35.921665,56.859184]]}},{"type":"Feature","properties":{"kind":"road"},"geometry":{"type":"LineString","coordinates":[[35.888503,56.851673],[35.888547,56.85209],[35.888584,56.852166],[35.888734,56.852228],[35.888846,56.852259],[35.888939,56.852271],[35.889074,56.852252],[35.889284,56.852207],[35.889771,56.852085],[35.890262,56.852005],[35.890754,56.851866],[35.892507,56.851412],[35.892966,56.851287],[35.893283,56.85118],[35.893643,56.851009],[35.89333,56.850681],[35.893084,56.850399],[35.89226,56.849406],[35.892214,56.849348],[35.892169,56.849287],[35.892104,56.849195]]}},{"type":"Feature","properties":{"kind":"road"},"geometry":{"type":"LineString","coordinates":[[35.920787,56.845512],[35.920839,56.845492]]}},{"type":"Feature","properties":{"kind":"road"},"geometry":{"type":"LineString","coordinates":[[35.892104,56.849195],[35.892057,56.849118],[35.891796,56.848707]]}},{"type":"Feature","properties":{"kind":"road_major"},"geometry":{"type":"LineString","coordinates":[[35.908059,56.860152],[35.906341,56.860408]]}},{"type":"Feature","properties":{"kind":"road_major"},"geometry":{"type":"LineString","coordinates":[[35.899317,56.863851],[35.899209,56.863728],[35.898648,56.861944]]}},{"type":"Feature","properties":{"kind":"road_major"},"geometry":{"type":"LineString","coordinates":[[35.898136,56.860188],[35.89821,56.8604],[35.89848,56.861167],[35.898509,56.861249],[35.898525,56.861295]]}},{"type":"Feature","properties":{"kind":"road"},"geometry":{"type":"LineString","coordinates":[[35.919961,56.845762],[35.920104,56.845713],[35.920175,56.845689],[35.920522,56.84557]]}},{"type":"Feature","properties":{"kind":"road"},"geometry":{"type":"LineString","coordinates":[[35.907519,56.850935],[35.908173,56.85224]]}},{"type":"Feature","properties":{"kind":"road_major"},"geometry":{"type":"LineString","coordinates":[[35.928402,56.849363],[35.928453,56.849458],[35.92853,56.849585],[35.929002,56.849947],[35.929139,56.850051],[35.929548,56.850362],[35.929778,56.850537],[35.930331,56.850957],[35.930399,56.851009],[35.930732,56.851262],[35.931045,56.8515],[35.931091,56.851535],[35.931161,56.851588],[35.931984,56.852214],[35.932069,56.852279],[35.932194,56.852374],[35.932597,56.85268],[35.932693,56.852753],[35.93284,56.852864]]}},{"type":"Feature","properties":{"kind":"road"},"geometry":{"type":"LineString","coordinates":[[35.863248,56.856337],[35.863537,56.856375],[35.863844,56.856412],[35.865729,56.856634],[35.866099,56.856678],[35.866307,56.856703],[35.867543,56.856848],[35.868593,56.856972],[35.868988,56.857019],[35.869232,56.857053]]}},{"type":"Feature","properties":{"kind":"road"},"geometry":{"type":"LineString","coordinates":[[35.878538,56.857092],[35.878915,56.856752],[35.879005,56.856671],[35.879255,56.856445],[35.87951,56.856215],[35.879582,56.85615]]}},{"type":"Feature","properties":{"kind":"road"},"geometry":{"type":"LineString","coordinates":[[35.8687,56.847011],[35.868693,56.847032],[35.868572,56.847386],[35.868559,56.847419],[35.868544,56.847452],[35.868525,56.847484],[35.868503,56.847516],[35.868478,56.847547],[35.868451,56.847577],[35.867747,56.848196],[35.867721,56.848226],[35.8677,56.848257],[35.867683,56.848288],[35.867671,56.84832],[35.867664,56.848353],[35.867662,56.848386],[35.867664,56.848419],[35.867672,56.848451],[35.8677,56.848535],[35.867849,56.84893],[35.868079,56.849537],[35.868119,56.849623],[35.868216,56.849836],[35.868218,56.849845],[35.86822,56.849855],[35.868219,56.849865],[35.868217,56.849874],[35.868213,56.849883],[35.868207,56.849893],[35.868195,56.849907],[35.868178,56.84992],[35.868158,56.849932],[35.868135,56.849942],[35.868109,56.849949],[35.868082,56.849955],[35.867945,56.85],[35.867909,56.850021],[35.867891,56.850036],[35.867879,56.850045],[35.867864,56.850062],[35.867847,56.850086]]}},{"type":"Feature","properties":{"kind":"road"},"geometry":{"type":"LineString","coordinates":[[35.904038,56.862875],[35.90406,56.862869],[35.904091,56.862859],[35.904068,56.862836],[35.90406,56.862822],[35.904063,56.862789],[35.904069,56.862779],[35.904096,56.862786],[35.904112,56.862788],[35.904129,56.86279],[35.904146,56.86279],[35.904163,56.862788],[35.904179,56.862785],[35.904195,56.86278],[35.904209,56.862774],[35.904221,56.862767],[35.904231,56.862757],[35.904238,56.862747],[35.904266,56.862753],[35.904292,56.862761],[35.90433,56.862781],[35.904341,56.862801],[35.904368,56.862797],[35.904407,56.86279],[35.904635,56.862871],[35.904598,56.86288],[35.904566,56.862888],[35.904032,56.86302],[35.904005,56.863027],[35.903966,56.863037],[35.904038,56.862875]]}},{"type":"Feature","properties":{"kind":"road"},"geometry":{"type":"LineString","coordinates":[[35.927036,56.867402],[35.927044,56.867367],[35.927057,56.867324],[35.927094,56.867205],[35.927601,56.865639],[35.927611,56.865607],[35.928429,56.863223],[35.928382,56.862986]]}},{"type":"Feature","properties":{"kind":"road"},"geometry":{"type":"LineString","coordinates":[[35.931106,56.867278],[35.931104,56.867231],[35.931104,56.867205],[35.930878,56.866735],[35.931009,56.866038],[35.931015,56.866009]]}},{"type":"Feature","properties":{"kind":"road"},"geometry":{"type":"LineString","coordinates":[[35.922187,56.86499],[35.922296,56.86499],[35.922621,56.865008],[35.924193,56.865203]]}},{"type":"Feature","properties":{"kind":"road"},"geometry":{"type":"LineString","coordinates":[[35.919866,56.853198],[35.920071,56.853615],[35.9204,56.854284],[35.920235,56.854309],[35.920064,56.854334],[35.919952,56.854107],[35.919288,56.854204],[35.919206,56.854217],[35.919166,56.854135],[35.919106,56.854015],[35.919202,56.854001],[35.919097,56.853787],[35.919007,56.8538],[35.918949,56.853681],[35.918899,56.853579],[35.919629,56.853472],[35.919519,56.853249],[35.919699,56.853223],[35.919866,56.853198]]}},{"type":"Feature","properties":{"kind":"road"},"geometry":{"type":"LineString","coordinates":[[35.907316,56.853684],[35.907199,56.8537],[35.906996,56.853728]]}},{"type":"Feature","properties":{"kind":"road"},"geometry":{"type":"LineString","coordinates":[[35.896451,56.869873],[35.896561,56.87017],[35.896699,56.87054],[35.896719,56.870595]]}},{"type":"Feature","properties":{"kind":"road"},"geometry":{"type":"LineString","coordinates":[[35.887861,56.846162],[35.889065,56.846122],[35.889475,56.846109],[35.89024,56.846084],[35.890901,56.846062],[35.891022,56.846057],[35.891091,56.846049]]}},{"type":"Feature","properties":{"kind":"road"},"geometry":{"type":"LineString","coordinates":[[35.886171,56.844779],[35.886411,56.846106],[35.886416,56.84614],[35.886721,56.847553]]}},{"type":"Feature","properties":{"kind":"road"},"geometry":{"type":"LineString","coordinates":[[35.867104,56.846719],[35.868222,56.846277],[35.870542,56.845311],[35.872894,56.844411],[35.87507,56.843556],[35.875152,56.843526],[35.875208,56.843504],[35.875286,56.843476],[35.875386,56.843435]]}},{"type":"Feature","properties":{"kind":"road"},"geometry":{"type":"LineString","coordinates":[[35.899098,56.845812],[35.899381,56.845767],[35.899986,56.84567],[35.901026,56.84549],[35.901706,56.845401],[35.902307,56.845234],[35.903143,56.844947],[35.903292,56.844895]]}},{"type":"Feature","properties":{"kind":"road"},"geometry":{"type":"LineString","coordinates":[[35.87742,56.844372],[35.876444,56.844425],[35.876391,56.84441],[35.876355,56.844383],[35.876314,56.844338],[35.876255,56.844383],[35.876189,56.844421],[35.875799,56.84457],[35.875683,56.844651],[35.875677,56.844704],[35.87573,56.844772],[35.87584,56.844886],[35.87573,56.844925],[35.874317,56.845491],[35.873681,56.845748],[35.872872,56.84607],[35.872777,56.846148],[35.871965,56.846383],[35.871821,56.846442],[35.871173,56.846615],[35.870993,56.846666],[35.870904,56.846719],[35.869241,56.84713]]}},{"type":"Feature","properties":{"kind":"road"},"geometry":{"type":"LineString","coordinates":[[35.901591,56.854338],[35.901573,56.854341],[35.901554,56.854342],[35.901536,56.854339],[35.901521,56.854333],[35.90151,56.854324],[35.901505,56.854314],[35.901506,56.854304],[35.901513,56.854294],[35.901525,56.854287],[35.901541,56.854281],[35.90156,56.854279],[35.901579,56.854281],[35.901595,56.854285],[35.901609,56.854293],[35.901617,56.854302],[35.901619,56.854312],[35.901615,56.854322],[35.901605,56.854331],[35.901591,56.854338]]}},{"type":"Feature","properties":{"kind":"road"},"geometry":{"type":"LineString","coordinates":[[35.924399,56.853127],[35.923197,56.853304]]}},{"type":"Feature","properties":{"kind":"road"},"geometry":{"type":"LineString","coordinates":[[35.923197,56.853304],[35.921289,56.853586],[35.920693,56.853673]]}},{"type":"Feature","properties":{"kind":"road_major"},"geometry":{"type":"LineString","coordinates":[[35.926062,56.853508],[35.925779,56.852923]]}},{"type":"Feature","properties":{"kind":"road_major"},"geometry":{"type":"LineString","coordinates":[[35.925779,56.852923],[35.925627,56.852661],[35.925612,56.85264],[35.925597,56.85262],[35.925582,56.852599],[35.925566,56.852578],[35.925549,56.852558],[35.925533,56.852537],[35.925515,56.852517],[35.925497,56.852497],[35.925479,56.852477],[35.925461,56.852457],[35.925441,56.852437],[35.925422,56.852417],[35.925402,56.852397],[35.925382,56.852378],[35.925361,56.852359],[35.925339,56.852339],[35.925291,56.852306]]}},{"type":"Feature","properties":{"kind":"road"},"geometry":{"type":"LineString","coordinates":[[35.928561,56.857154],[35.928457,56.85696],[35.92815,56.856366]]}},{"type":"Feature","properties":{"kind":"road"},"geometry":{"type":"LineString","coordinates":[[35.92815,56.856366],[35.928196,56.85635],[35.928538,56.85622],[35.929954,56.855689],[35.930414,56.855517],[35.930601,56.855447],[35.931597,56.855073]]}},{"type":"Feature","properties":{"kind":"road"},"geometry":{"type":"LineString","coordinates":[[35.927383,56.85499],[35.927493,56.855077],[35.927564,56.855216],[35.927578,56.855244],[35.928089,56.856263],[35.928099,56.856283],[35.92815,56.856366]]}},{"type":"Feature","properties":{"kind":"road"},"geometry":{"type":"LineString","coordinates":[[35.924718,56.851799],[35.924819,56.851776],[35.925232,56.85169],[35.925654,56.851524],[35.926281,56.851266],[35.926424,56.851207],[35.926668,56.851104],[35.926705,56.851085],[35.926738,56.851064],[35.926768,56.851041],[35.926794,56.851017],[35.926815,56.850992],[35.926831,56.850966],[35.926836,56.850955],[35.926843,56.850939],[35.92685,56.850911],[35.926852,56.850884],[35.926849,56.850857],[35.926842,56.85083],[35.926815,56.850732],[35.926701,56.850462],[35.926658,56.850362],[35.926536,56.850072],[35.926453,56.849892]]}},{"type":"Feature","properties":{"kind":"road"},"geometry":{"type":"LineString","coordinates":[[35.923004,56.858091],[35.922984,56.858296],[35.923066,56.858466],[35.923281,56.858911],[35.923296,56.858944]]}},{"type":"Feature","properties":{"kind":"road_major"},"geometry":{"type":"LineString","coordinates":[[35.921392,56.858193],[35.921068,56.858241],[35.920102,56.858383],[35.919306,56.8585],[35.919109,56.858529],[35.917972,56.858696]]}},{"type":"Feature","properties":{"kind":"road"},"geometry":{"type":"LineString","coordinates":[[35.909931,56.8723],[35.910031,56.872535],[35.910141,56.872801],[35.910254,56.873074],[35.910325,56.873244],[35.910377,56.873371],[35.910483,56.873626],[35.910847,56.874504],[35.910885,56.874597],[35.910906,56.874647],[35.911198,56.875352],[35.911577,56.876266],[35.911662,56.876474]]}},{"type":"Feature","properties":{"kind":"road"},"geometry":{"type":"LineString","coordinates":[[35.867159,56.860442],[35.867747,56.8605]]}},{"type":"Feature","properties":{"kind":"road_major"},"geometry":{"type":"LineString","coordinates":[[35.92298,56.860105],[35.921804,56.86032],[35.921308,56.86041],[35.92067,56.86052],[35.920091,56.860619],[35.918992,56.860823],[35.918796,56.860858]]}},{"type":"Feature","properties":{"kind":"road_major"},"geometry":{"type":"LineString","coordinates":[[35.923432,56.850299],[35.923234,56.849989],[35.923192,56.849927],[35.923153,56.84987],[35.923066,56.849709]]}},{"type":"Feature","properties":{"kind":"road"},"geometry":{"type":"LineString","coordinates":[[35.922267,56.851402],[35.92249,56.851408],[35.922595,56.851402],[35.922726,56.851392],[35.923514,56.851253],[35.92384,56.851192],[35.923968,56.851169]]}},{"type":"Feature","properties":{"kind":"road"},"geometry":{"type":"LineString","coordinates":[[35.904201,56.866328],[35.904137,56.866195],[35.904123,56.86615]]}},{"type":"Feature","properties":{"kind":"road_major"},"geometry":{"type":"LineString","coordinates":[[35.910703,56.865412],[35.910263,56.865461],[35.905259,56.866016],[35.9052,56.866022],[35.904123,56.86615],[35.902773,56.866322]]}},{"type":"Feature","properties":{"kind":"road"},"geometry":{"type":"LineString","coordinates":[[35.910637,56.844183],[35.910703,56.844226],[35.910742,56.844256],[35.910987,56.844443],[35.911192,56.8446],[35.911424,56.844777],[35.911538,56.844864],[35.912321,56.845464],[35.912408,56.84553],[35.913275,56.846194],[35.91336,56.846259]]}},{"type":"Feature","properties":{"kind":"road_major"},"geometry":{"type":"LineString","coordinates":[[35.905456,56.846179],[35.905607,56.846105]]}},{"type":"Feature","properties":{"kind":"road"},"geometry":{"type":"LineString","coordinates":[[35.925703,56.85427],[35.925854,56.854238],[35.926267,56.854176],[35.926377,56.85416]]}},{"type":"Feature","properties":{"kind":"road"},"geometry":{"type":"LineString","coordinates":[[35.925565,56.854926],[35.926512,56.854787],[35.926548,56.854782],[35.926664,56.854765]]}},{"type":"Feature","properties":{"kind":"road_major"},"geometry":{"type":"LineString","coordinates":[[35.926377,56.85416],[35.926094,56.85358],[35.926062,56.853508]]}},{"type":"Feature","properties":{"kind":"road_major"},"geometry":{"type":"LineString","coordinates":[[35.926664,56.854765],[35.926475,56.854365],[35.926377,56.85416]]}},{"type":"Feature","properties":{"kind":"road"},"geometry":{"type":"LineString","coordinates":[[35.920831,56.868768],[35.920603,56.868894],[35.920487,56.86903],[35.919644,56.870615],[35.919334,56.871154],[35.918783,56.8722],[35.918514,56.872841]]}},{"type":"Feature","properties":{"kind":"road_major"},"geometry":{"type":"LineString","coordinates":[[35.925264,56.875049],[35.925109,56.875072],[35.924829,56.87511],[35.923884,56.875238]]}},{"type":"Feature","properties":{"kind":"road"},"geometry":{"type":"LineString","coordinates":[[35.896719,56.870595],[35.896753,56.870666],[35.896793,56.870755]]}},{"type":"Feature","properties":{"kind":"road"},"geometry":{"type":"LineString","coordinates":[[35.894254,56.844043],[35.894164,56.84408],[35.893989,56.844153],[35.893487,56.844373],[35.893397,56.844414],[35.893357,56.844457],[35.893328,56.844517],[35.893317,56.844585],[35.893348,56.844739],[35.893423,56.844928],[35.893551,56.845076],[35.894006,56.845509],[35.894066,56.845566]]}},{"type":"Feature","properties":{"kind":"road_major"},"geometry":{"type":"LineString","coordinates":[[35.91367,56.856679],[35.913623,56.856687],[35.91264,56.856831],[35.912228,56.856891],[35.912047,56.856917],[35.911626,56.856979],[35.911157,56.857048],[35.910632,56.857125],[35.910159,56.857194],[35.909076,56.857352],[35.908151,56.857488],[35.907945,56.857518]]}},{"type":"Feature","properties":{"kind":"road"},"geometry":{"type":"LineString","coordinates":[[35.909853,56.866062],[35.910078,56.866609],[35.910098,56.866656]]}},{"type":"Feature","properties":{"kind":"road_major"},"geometry":{"type":"LineString","coordinates":[[35.877388,56.851423],[35.877453,56.851412],[35.877641,56.851383],[35.877928,56.851337],[35.878687,56.851219],[35.879525,56.851087],[35.879683,56.851062],[35.880348,56.850957],[35.880839,56.850881],[35.882149,56.850675],[35.882393,56.850637],[35.882638,56.850598],[35.882734,56.850583],[35.882969,56.850546],[35.883763,56.850422],[35.884092,56.85037],[35.885353,56.850172],[35.886894,56.84993],[35.887418,56.849847],[35.88767,56.849808],[35.887799,56.849788],[35.888012,56.849754],[35.888602,56.849662]]}},{"type":"Feature","properties":{"kind":"road_major"},"geometry":{"type":"LineString","coordinates":[[35.876103,56.850914],[35.876159,56.850956],[35.876278,56.851238]]}},{"type":"Feature","properties":{"kind":"road"},"geometry":{"type":"LineString","coordinates":[[35.93436,56.85587],[35.936783,56.855288]]}},{"type":"Feature","properties":{"kind":"road"},"geometry":{"type":"LineString","coordinates":[[35.885457,56.84777],[35.886214,56.84773],[35.88654,56.847678],[35.886643,56.847634],[35.886721,56.847553],[35.887238,56.847466],[35.887968,56.84742],[35.888138,56.847412]]}},{"type":"Feature","properties":{"kind":"road_major"},"geometry":{"type":"LineString","coordinates":[[35.885161,56.84617],[35.886411,56.846106],[35.887489,56.846091],[35.887733,56.846088],[35.887845,56.846085]]}},{"type":"Feature","properties":{"kind":"road_major"},"geometry":{"type":"LineString","coordinates":[[35.885161,56.84617],[35.88517,56.846208],[35.885375,56.847153],[35.88549,56.847685],[35.885484,56.847725],[35.885457,56.84777]]}},{"type":"Feature","properties":{"kind":"road_major"},"geometry":{"type":"LineString","coordinates":[[35.866634,56.855001],[35.864721,56.854827],[35.864166,56.854773]]}},{"type":"Feature","properties":{"kind":"road_major"},"geometry":{"type":"LineString","coordinates":[[35.869947,56.855284],[35.869907,56.855381],[35.86951,56.856364],[35.869232,56.857053],[35.869145,56.857108],[35.868716,56.858234],[35.868468,56.858883],[35.868113,56.859817],[35.867991,56.859885],[35.867747,56.8605]]}},{"type":"Feature","properties":{"kind":"road_major"},"geometry":{"type":"LineString","coordinates":[[35.876521,56.851556],[35.876504,56.851561],[35.876488,56.851566],[35.876472,56.851572],[35.876458,56.851579],[35.876443,56.851586],[35.87643,56.851593],[35.876418,56.851601],[35.876406,56.85161],[35.876396,56.851618],[35.876386,56.851627],[35.876378,56.851637],[35.876371,56.851647],[35.876365,56.851656],[35.87636,56.851667]]}},{"type":"Feature","properties":{"kind":"road_major"},"geometry":{"type":"LineString","coordinates":[[35.876424,56.853952],[35.876377,56.85352]]}},{"type":"Feature","properties":{"kind":"road"},"geometry":{"type":"LineString","coordinates":[[35.879657,56.856096],[35.879746,56.856018],[35.880845,56.85515],[35.880902,56.8551],[35.881053,56.854952],[35.881323,56.854625],[35.88152,56.85433]]}},{"type":"Feature","properties":{"kind":"road_major"},"geometry":{"type":"LineString","coordinates":[[35.905075,56.848237],[35.905721,56.848148],[35.905943,56.848118]]}},{"type":"Feature","properties":{"kind":"road_major"},"geometry":{"type":"LineString","coordinates":[[35.90619,56.848085],[35.90623,56.848161]]}},{"type":"Feature","properties":{"kind":"road_major"},"geometry":{"type":"LineString","coordinates":[[35.905943,56.848118],[35.905731,56.847682]]}},{"type":"Feature","properties":{"kind":"road_major"},"geometry":{"type":"LineString","coordinates":[[35.893966,56.861362],[35.892262,56.861318],[35.891919,56.861307]]}},{"type":"Feature","properties":{"kind":"road_major"},"geometry":{"type":"LineString","coordinates":[[35.87663,56.854267],[35.876697,56.854701],[35.876705,56.854786],[35.876717,56.854973],[35.876714,56.855021],[35.876707,56.855068],[35.876639,56.855342],[35.876623,56.855408]]}},{"type":"Feature","properties":{"kind":"road"},"geometry":{"type":"LineString","coordinates":[[35.920391,56.85306],[35.920539,56.853038],[35.921532,56.852892],[35.921616,56.852879],[35.922313,56.852776],[35.922894,56.852691],[35.923632,56.852582],[35.92512,56.852344]]}},{"type":"Feature","properties":{"kind":"road"},"geometry":{"type":"LineString","coordinates":[[35.89861,56.866233],[35.89854,56.866289],[35.89844,56.866319],[35.897723,56.866406],[35.89742,56.866439],[35.897147,56.866471],[35.896453,56.866546],[35.893097,56.866944],[35.892463,56.867013],[35.892322,56.867031],[35.892114,56.867238]]}},{"type":"Feature","properties":{"kind":"road_major"},"geometry":{"type":"LineString","coordinates":[[35.926089,56.857503],[35.925541,56.857584],[35.925325,56.857616]]}},{"type":"Feature","properties":{"kind":"road"},"geometry":{"type":"LineString","coordinates":[[35.88572,56.861572],[35.885767,56.861594]]}},{"type":"Feature","properties":{"kind":"road"},"geometry":{"type":"LineString","coordinates":[[35.892941,56.852358],[35.892732,56.852605],[35.892536,56.852749],[35.892349,56.852836],[35.891843,56.853215],[35.891631,56.853442]]}},{"type":"Feature","properties":{"kind":"road"},"geometry":{"type":"LineString","coordinates":[[35.895612,56.845033],[35.89577,56.844961],[35.896245,56.844747],[35.896907,56.844479],[35.897238,56.844341],[35.897746,56.844093],[35.897968,56.843984],[35.898161,56.843905],[35.898478,56.843775],[35.899885,56.843196],[35.899981,56.843158],[35.900402,56.842992]]}},{"type":"Feature","properties":{"kind":"road"},"geometry":{"type":"LineString","coordinates":[[35.895612,56.845033],[35.895902,56.84525],[35.896071,56.845377],[35.896459,56.845668],[35.896826,56.845965]]}},{"type":"Feature","properties":{"kind":"road"},"geometry":{"type":"LineString","coordinates":[[35.884513,56.862127],[35.884744,56.86195],[35.88542,56.861447],[35.886017,56.861015],[35.886644,56.860559],[35.887293,56.860085],[35.887778,56.859731],[35.887844,56.859687],[35.88792,56.859636]]}},{"type":"Feature","properties":{"kind":"road"},"geometry":{"type":"LineString","coordinates":[[35.875998,56.858942],[35.875568,56.858802],[35.875128,56.858717]]}},{"type":"Feature","properties":{"kind":"road"},"geometry":{"type":"LineString","coordinates":[[35.902086,56.871686],[35.902213,56.87167],[35.903656,56.871486]]}},{"type":"Feature","properties":{"kind":"road"},"geometry":{"type":"LineString","coordinates":[[35.934227,56.864527],[35.936,56.864589],[35.937389,56.86463],[35.938683,56.864577],[35.938914,56.864569],[35.93923,56.864559],[35.939899,56.864532],[35.940796,56.86448],[35.941378,56.864425],[35.94225,56.86432],[35.94251,56.864286],[35.943226,56.864205],[35.943286,56.864197],[35.943663,56.864162],[35.944073,56.864152],[35.944297,56.864148],[35.944397,56.864146]]}},{"type":"Feature","properties":{"kind":"road"},"geometry":{"type":"LineString","coordinates":[[35.868716,56.858234],[35.868121,56.858165],[35.867951,56.858145],[35.865725,56.857883]]}},{"type":"Feature","properties":{"kind":"road"},"geometry":{"type":"LineString","coordinates":[[35.867328,56.859722],[35.867486,56.859741],[35.868113,56.859817],[35.868826,56.859903]]}},{"type":"Feature","properties":{"kind":"road"},"geometry":{"type":"LineString","coordinates":[[35.875282,56.854269],[35.875424,56.854273],[35.875665,56.854355],[35.876255,56.854741]]}},{"type":"Feature","properties":{"kind":"road"},"geometry":{"type":"LineString","coordinates":[[35.871429,56.863104],[35.871843,56.862077],[35.87196,56.861901],[35.872043,56.861563],[35.872258,56.861168],[35.872271,56.861144],[35.873048,56.860466],[35.873104,56.860417],[35.873669,56.85997],[35.874113,56.859619],[35.87429,56.859482],[35.875128,56.858717],[35.875235,56.858547],[35.875581,56.857794],[35.875841,56.857191],[35.876,56.856856]]}},{"type":"Feature","properties":{"kind":"road"},"geometry":{"type":"LineString","coordinates":[[35.87771,56.844636],[35.877746,56.844801],[35.87785,56.845277],[35.877938,56.845684],[35.878133,56.846582]]}},{"type":"Feature","properties":{"kind":"road"},"geometry":{"type":"LineString","coordinates":[[35.914606,56.852516],[35.914742,56.852496],[35.917103,56.852146],[35.917376,56.852105],[35.918316,56.851964],[35.920183,56.85167],[35.921911,56.851395],[35.921974,56.85139],[35.922039,56.851392],[35.922194,56.851399],[35.922267,56.851402]]}},{"type":"Feature","properties":{"kind":"road"},"geometry":{"type":"LineString","coordinates":[[35.868296,56.872144],[35.868657,56.872856]]}},{"type":"Feature","properties":{"kind":"road"},"geometry":{"type":"LineString","coordinates":[[35.897261,56.876353],[35.898796,56.876103],[35.900403,56.875911],[35.902021,56.875721],[35.90362,56.87552],[35.903726,56.875507],[35.903851,56.875492],[35.905304,56.875315],[35.906791,56.875123],[35.907888,56.874978],[35.908138,56.874945],[35.908368,56.874912],[35.908558,56.874891],[35.909492,56.87478],[35.910885,56.874597],[35.912272,56.874436],[35.9132,56.874307]]}},{"type":"Feature","properties":{"kind":"road"},"geometry":{"type":"LineString","coordinates":[[35.926897,56.855992],[35.926952,56.855983]]}},{"type":"Feature","properties":{"kind":"road"},"geometry":{"type":"LineString","coordinates":[[35.924244,56.856388],[35.924628,56.85633],[35.924686,56.856322]]}},{"type":"Feature","properties":{"kind":"road"},"geometry":{"type":"LineString","coordinates":[[35.923474,56.856503],[35.924034,56.856419],[35.924244,56.856388]]}},{"type":"Feature","properties":{"kind":"road"},"geometry":{"type":"LineString","coordinates":[[35.924686,56.856322],[35.9247,56.85635],[35.924896,56.856747],[35.924966,56.85689],[35.925238,56.857439],[35.925284,56.857533],[35.925325,56.857616]]}},{"type":"Feature","properties":{"kind":"road"},"geometry":{"type":"LineString","coordinates":[[35.903322,56.859004],[35.903276,56.858905]]}},{"type":"Feature","properties":{"kind":"road"},"geometry":{"type":"LineString","coordinates":[[35.898677,56.845593],[35.898575,56.845505],[35.898083,56.845077],[35.897853,56.844877],[35.897634,56.844686],[35.897238,56.844341]]}},{"type":"Feature","properties":{"kind":"road"},"geometry":{"type":"LineString","coordinates":[[35.89621,56.867537],[35.896272,56.867683],[35.896487,56.868193],[35.896491,56.868202],[35.896515,56.868254]]}},{"type":"Feature","properties":{"kind":"road"},"geometry":{"type":"LineString","coordinates":[[35.900344,56.859428],[35.900387,56.859329]]}},{"type":"Feature","properties":{"kind":"road"},"geometry":{"type":"LineString","coordinates":[[35.899875,56.866118],[35.899202,56.86619],[35.89861,56.866233],[35.897367,56.866276],[35.896496,56.866315],[35.89575,56.866349],[35.893568,56.866537],[35.892949,56.86662],[35.892339,56.866703],[35.892248,56.866717],[35.891602,56.866801],[35.891495,56.866816],[35.890475,56.866949],[35.890099,56.867033]]}},{"type":"Feature","properties":{"kind":"road_major"},"geometry":{"type":"LineString","coordinates":[[35.891595,56.859656],[35.89141,56.859586],[35.891143,56.85947],[35.89085,56.859347],[35.890529,56.859211],[35.88936,56.858724],[35.889263,56.858684],[35.889198,56.858657],[35.888933,56.858553],[35.888822,56.858508],[35.886264,56.857464],[35.886168,56.857424],[35.886056,56.857376],[35.884603,56.856763]]}},{"type":"Feature","properties":{"kind":"road_major"},"geometry":{"type":"LineString","coordinates":[[35.922366,56.848579],[35.922275,56.848431]]}},{"type":"Feature","properties":{"kind":"road"},"geometry":{"type":"LineString","coordinates":[[35.920791,56.855633],[35.920765,56.855581],[35.920492,56.855038],[35.920167,56.85438]]}},{"type":"Feature","properties":{"kind":"road"},"geometry":{"type":"LineString","coordinates":[[35.914647,56.8526],[35.914465,56.852628],[35.911873,56.853021],[35.911485,56.853079],[35.910576,56.853217],[35.910474,56.853233],[35.910335,56.853254],[35.909793,56.853336]]}},{"type":"Feature","properties":{"kind":"road"},"geometry":{"type":"LineString","coordinates":[[35.926082,56.859141],[35.925156,56.85947],[35.924201,56.8598],[35.923963,56.859872],[35.923733,56.859942],[35.923221,56.860054],[35.92298,56.860105]]}},{"type":"Feature","properties":{"kind":"road"},"geometry":{"type":"LineString","coordinates":[[35.895013,56.872568],[35.895095,56.872555],[35.89559,56.87248],[35.895916,56.872431],[35.896062,56.872408],[35.896689,56.872314],[35.897102,56.872252]]}},{"type":"Feature","properties":{"kind":"road"},"geometry":{"type":"LineString","coordinates":[[35.894669,56.871967],[35.894767,56.871952],[35.895213,56.871884],[35.895298,56.871872],[35.895638,56.871826],[35.896407,56.871721],[35.896852,56.871661],[35.897384,56.871589],[35.898365,56.871456],[35.898466,56.871442]]}},{"type":"Feature","properties":{"kind":"road_major"},"geometry":{"type":"LineString","coordinates":[[35.909976,56.862015],[35.909737,56.862025]]}},{"type":"Feature","properties":{"kind":"road_major"},"geometry":{"type":"LineString","coordinates":[[35.910004,56.862013],[35.909976,56.862015]]}},{"type":"Feature","properties":{"kind":"road_major"},"geometry":{"type":"LineString","coordinates":[[35.903292,56.844895],[35.904264,56.84568]]}},{"type":"Feature","properties":{"kind":"road_major"},"geometry":{"type":"LineString","coordinates":[[35.917972,56.858696],[35.917458,56.85892],[35.916908,56.859136]]}},{"type":"Feature","properties":{"kind":"road"},"geometry":{"type":"LineString","coordinates":[[35.920831,56.868768],[35.921011,56.868798],[35.922688,56.869044],[35.922845,56.869047]]}},{"type":"Feature","properties":{"kind":"road"},"geometry":{"type":"LineString","coordinates":[[35.921936,56.870883],[35.923432,56.870676],[35.926584,56.870256],[35.928084,56.870103],[35.928204,56.87007],[35.928385,56.869551]]}},{"type":"Feature","properties":{"kind":"road"},"geometry":{"type":"LineString","coordinates":[[35.921489,56.870204],[35.921624,56.870296],[35.921936,56.870883],[35.922751,56.873037],[35.923607,56.874997]]}},{"type":"Feature","properties":{"kind":"road"},"geometry":{"type":"LineString","coordinates":[[35.931096,56.874448],[35.931338,56.873846],[35.931394,56.873705],[35.931991,56.872019],[35.932242,56.871324],[35.932866,56.869599],[35.933249,56.868578],[35.933461,56.867973],[35.933546,56.867698],[35.933594,56.867375],[35.933599,56.867342],[35.933604,56.86728]]}},{"type":"Feature","properties":{"kind":"road"},"geometry":{"type":"LineString","coordinates":[[35.869534,56.847532],[35.869241,56.84713],[35.868928,56.846787]]}},{"type":"Feature","properties":{"kind":"road"},"geometry":{"type":"LineString","coordinates":[[35.869534,56.847532],[35.871266,56.847292],[35.872284,56.847143],[35.873301,56.846963]]}},{"type":"Feature","properties":{"kind":"road_major"},"geometry":{"type":"LineString","coordinates":[[35.917518,56.858763],[35.916619,56.858895],[35.916463,56.858918]]}},{"type":"Feature","properties":{"kind":"road_major"},"geometry":{"type":"LineString","coordinates":[[35.916662,56.858539],[35.917625,56.858658]]}},{"type":"Feature","properties":{"kind":"road_major"},"geometry":{"type":"LineString","coordinates":[[35.917518,56.858763],[35.91723,56.858716],[35.916662,56.858539]]}},{"type":"Feature","properties":{"kind":"road"},"geometry":{"type":"LineString","coordinates":[[35.922466,56.859065],[35.921665,56.859184]]}},{"type":"Feature","properties":{"kind":"road_major"},"geometry":{"type":"LineString","coordinates":[[35.918194,56.859692],[35.918537,56.860355],[35.918626,56.860529],[35.918672,56.860616]]}},{"type":"Feature","properties":{"kind":"road_major"},"geometry":{"type":"LineString","coordinates":[[35.870663,56.855353],[35.870466,56.855334],[35.870287,56.855316],[35.869947,56.855284]]}},{"type":"Feature","properties":{"kind":"road_major"},"geometry":{"type":"LineString","coordinates":[[35.870692,56.85527],[35.870663,56.855353]]}},{"type":"Feature","properties":{"kind":"road_major"},"geometry":{"type":"LineString","coordinates":[[35.869947,56.855284],[35.866634,56.855001]]}},{"type":"Feature","properties":{"kind":"road_major"},"geometry":{"type":"LineString","coordinates":[[35.862322,56.854465],[35.865728,56.8548],[35.865908,56.854816]]}},{"type":"Feature","properties":{"kind":"road_major"},"geometry":{"type":"LineString","coordinates":[[35.876417,56.855828],[35.876047,56.855798]]}},{"type":"Feature","properties":{"kind":"road_major"},"geometry":{"type":"LineString","coordinates":[[35.870692,56.85527],[35.871069,56.855301],[35.872031,56.85538],[35.874653,56.855596]]}},{"type":"Feature","properties":{"kind":"road_major"},"geometry":{"type":"LineString","coordinates":[[35.882146,56.857155],[35.882073,56.857202],[35.882024,56.857234],[35.881989,56.857262],[35.881781,56.857407]]}},{"type":"Feature","properties":{"kind":"road"},"geometry":{"type":"LineString","coordinates":[[35.927734,56.857277],[35.927875,56.857256],[35.928205,56.857207]]}},{"type":"Feature","properties":{"kind":"road"},"geometry":{"type":"LineString","coordinates":[[35.903735,56.856847],[35.904202,56.856431]]}},{"type":"Feature","properties":{"kind":"road"},"geometry":{"type":"LineString","coordinates":[[35.888594,56.862818],[35.88852,56.862771],[35.888274,56.862667],[35.888084,56.862585],[35.887713,56.862413]]}},{"type":"Feature","properties":{"kind":"road"},"geometry":{"type":"LineString","coordinates":[[35.888086,56.856593],[35.887996,56.856586],[35.887898,56.856579],[35.88778,56.856573],[35.887693,56.856571],[35.88762,56.85657]]}},{"type":"Feature","properties":{"kind":"road_major"},"geometry":{"type":"LineString","coordinates":[[35.902773,56.866322],[35.900473,56.866612],[35.900266,56.866638]]}},{"type":"Feature","properties":{"kind":"road_major"},"geometry":{"type":"LineString","coordinates":[[35.911461,56.865289],[35.91144,56.865298],[35.91142,56.865306],[35.911398,56.865314],[35.911375,56.865321],[35.911352,56.865327],[35.911329,56.865332],[35.911305,56.865337],[35.91128,56.865341]]}},{"type":"Feature","properties":{"kind":"road"},"geometry":{"type":"LineString","coordinates":[[35.910134,56.866743],[35.910165,56.866819],[35.910256,56.86704],[35.91059,56.867855]]}},{"type":"Feature","properties":{"kind":"road"},"geometry":{"type":"LineString","coordinates":[[35.91059,56.867855],[35.91048,56.867868],[35.910034,56.867923],[35.909824,56.867949],[35.908223,56.868145]]}},{"type":"Feature","properties":{"kind":"road"},"geometry":{"type":"LineString","coordinates":[[35.9258,56.858579],[35.925822,56.858611],[35.926066,56.859111],[35.926082,56.859141]]}},{"type":"Feature","properties":{"kind":"road"},"geometry":{"type":"LineString","coordinates":[[35.907029,56.855027],[35.907174,56.855008],[35.907249,56.854996],[35.907676,56.854933],[35.908182,56.854858]]}},{"type":"Feature","properties":{"kind":"road_major"},"geometry":{"type":"LineString","coordinates":[[35.896277,56.861397],[35.896261,56.861404],[35.896244,56.861412],[35.896226,56.861418],[35.896208,56.861425],[35.89619,56.861431],[35.896171,56.861437],[35.896152,56.861442],[35.896132,56.861446],[35.896112,56.861451],[35.896092,56.861455],[35.896071,56.861458],[35.89605,56.861461],[35.896029,56.861464],[35.896008,56.861466],[35.895987,56.861467]]}},{"type":"Feature","properties":{"kind":"road_major"},"geometry":{"type":"LineString","coordinates":[[35.911066,56.859711],[35.910947,56.859728],[35.910161,56.859843],[35.909537,56.859935],[35.909331,56.859965],[35.909137,56.859994]]}},{"type":"Feature","properties":{"kind":"road"},"geometry":{"type":"LineString","coordinates":[[35.905976,56.854787],[35.905958,56.85478],[35.905934,56.85477],[35.90589,56.8548],[35.905865,56.854765],[35.905862,56.854727],[35.905938,56.854672],[35.906021,56.854657],[35.906084,56.854662],[35.906042,56.854694],[35.906064,56.854703],[35.906081,56.85471],[35.905976,56.854787]]}},{"type":"Feature","properties":{"kind":"road"},"geometry":{"type":"LineString","coordinates":[[35.904245,56.855357],[35.904232,56.855334],[35.90418,56.855242],[35.904148,56.855215],[35.904134,56.8552],[35.904034,56.855212],[35.903769,56.855177],[35.903745,56.85518],[35.903737,56.855209],[35.903814,56.85533],[35.903882,56.85538],[35.903981,56.855414],[35.904054,56.855429],[35.904134,56.855433],[35.904213,56.855426],[35.904198,56.855368],[35.904245,56.855357]]}},{"type":"Feature","properties":{"kind":"road"},"geometry":{"type":"LineString","coordinates":[[35.888086,56.856593],[35.888026,56.856534],[35.88797,56.85645],[35.88795,56.856398],[35.88794,56.856307],[35.888002,56.85614]]}},{"type":"Feature","properties":{"kind":"road"},"geometry":{"type":"LineString","coordinates":[[35.888002,56.85614],[35.887559,56.856103],[35.886767,56.856046],[35.885564,56.855576],[35.884808,56.855291],[35.884699,56.855249],[35.884135,56.855017],[35.882688,56.854451],[35.882506,56.854387],[35.882345,56.854352],[35.88152,56.85433]]}},{"type":"Feature","properties":{"kind":"road"},"geometry":{"type":"LineString","coordinates":[[35.888002,56.85614],[35.888162,56.856023],[35.888952,56.85543],[35.89026,56.854499],[35.890355,56.854429],[35.890404,56.854393],[35.890918,56.853992],[35.891161,56.853806],[35.891181,56.853791],[35.891631,56.853442]]}},{"type":"Feature","properties":{"kind":"road_major"},"geometry":{"type":"LineString","coordinates":[[35.866574,56.854882],[35.868165,56.85503]]}},{"type":"Feature","properties":{"kind":"road_major"},"geometry":{"type":"LineString","coordinates":[[35.866596,56.855119],[35.866608,56.855084],[35.866634,56.855001]]}},{"type":"Feature","properties":{"kind":"road_major"},"geometry":{"type":"LineString","coordinates":[[35.879582,56.85615],[35.879532,56.856133],[35.879478,56.856118],[35.879423,56.856103],[35.879366,56.85609],[35.879309,56.856079],[35.879251,56.856068],[35.879191,56.85606],[35.879132,56.856052],[35.878369,56.855994]]}},{"type":"Feature","properties":{"kind":"road"},"geometry":{"type":"LineString","coordinates":[[35.912888,56.854873],[35.91287,56.854836],[35.912853,56.854801],[35.913035,56.854774],[35.913052,56.85481],[35.91307,56.854846],[35.912888,56.854873]]}},{"type":"Feature","properties":{"kind":"road"},"geometry":{"type":"LineString","coordinates":[[35.85858,56.858691],[35.859826,56.858838],[35.859911,56.858848],[35.862249,56.859124],[35.86275,56.859183],[35.86516,56.859468],[35.867328,56.859722]]}},{"type":"Feature","properties":{"kind":"road"},"geometry":{"type":"LineString","coordinates":[[35.858886,56.857918],[35.86139,56.858243],[35.861665,56.85828],[35.861705,56.858285],[35.86179,56.858235],[35.861896,56.858202],[35.861978,56.858191],[35.862085,56.858195],[35.862636,56.858249],[35.862759,56.858272],[35.862906,56.858316],[35.863045,56.858427],[35.865438,56.858711]]}},{"type":"Feature","properties":{"kind":"road"},"geometry":{"type":"LineString","coordinates":[[35.872239,56.851956],[35.872261,56.851944],[35.872281,56.85193],[35.872298,56.851915],[35.872312,56.8519],[35.872323,56.851883],[35.87233,56.851866],[35.872333,56.851849],[35.872333,56.851831],[35.872329,56.851814],[35.872321,56.851785],[35.872292,56.851712],[35.87208,56.851408],[35.871552,56.850627],[35.871494,56.850545],[35.871246,56.850166],[35.87109,56.849927],[35.87095,56.849718],[35.87052,56.849077],[35.870504,56.849051],[35.869534,56.847532]]}},{"type":"Feature","properties":{"kind":"road_major"},"geometry":{"type":"LineString","coordinates":[[35.895987,56.861467],[35.895967,56.861468],[35.895947,56.861468],[35.895927,56.861467],[35.895907,56.861466],[35.895888,56.861465],[35.895868,56.861463],[35.895849,56.861461],[35.89583,56.861458],[35.895811,56.861455],[35.895792,56.861452],[35.895774,56.861447],[35.895756,56.861443],[35.895738,56.861438],[35.895721,56.861433]]}},{"type":"Feature","properties":{"kind":"road_major"},"geometry":{"type":"LineString","coordinates":[[35.895665,56.861413],[35.895616,56.861393]]}},{"type":"Feature","properties":{"kind":"road_major"},"geometry":{"type":"LineString","coordinates":[[35.903316,56.854578],[35.903278,56.854538],[35.903241,56.854509],[35.903195,56.854481],[35.903151,56.854452],[35.903091,56.854418],[35.903033,56.854387],[35.902972,56.85436],[35.902911,56.854335],[35.902852,56.854309],[35.90279,56.854283],[35.902718,56.854257],[35.902651,56.854235],[35.902583,56.854217],[35.902507,56.854197],[35.902428,56.854177],[35.902352,56.85416],[35.902265,56.854141],[35.902174,56.854123],[35.902065,56.854104],[35.902001,56.854093],[35.901926,56.854081],[35.901844,56.854068],[35.901737,56.854056],[35.90157,56.854045]]}},{"type":"Feature","properties":{"kind":"road_major"},"geometry":{"type":"LineString","coordinates":[[35.90157,56.854045],[35.901462,56.854068],[35.901438,56.854075],[35.901371,56.854094],[35.901256,56.854129],[35.901053,56.854196],[35.900932,56.854236],[35.899045,56.854859],[35.898814,56.854941],[35.898191,56.855206],[35.898054,56.855269]]}},{"type":"Feature","properties":{"kind":"road_major"},"geometry":{"type":"LineString","coordinates":[[35.905307,56.858617],[35.90545,56.858602],[35.907288,56.858595],[35.907786,56.85859],[35.907954,56.858588],[35.908216,56.858586]]}},{"type":"Feature","properties":{"kind":"road_major"},"geometry":{"type":"LineString","coordinates":[[35.900403,56.866845],[35.90064,56.867444],[35.900667,56.867515],[35.900761,56.86776]]}},{"type":"Feature","properties":{"kind":"road"},"geometry":{"type":"LineString","coordinates":[[35.867847,56.850086],[35.867675,56.850455],[35.867298,56.851266]]}},{"type":"Feature","properties":{"kind":"road_major"},"geometry":{"type":"LineString","coordinates":[[35.876401,56.855442],[35.876419,56.855393],[35.876516,56.855057],[35.87652,56.855015],[35.876521,56.854974],[35.876524,56.854893],[35.876521,56.854794],[35.876424,56.853952]]}},{"type":"Feature","properties":{"kind":"road_major"},"geometry":{"type":"LineString","coordinates":[[35.877061,56.855781],[35.877634,56.855834],[35.878211,56.855889],[35.878462,56.855913],[35.878873,56.855952],[35.879229,56.855989],[35.879294,56.855997],[35.879357,56.856007],[35.87942,56.85602],[35.87948,56.856035],[35.879538,56.856053],[35.879594,56.856073],[35.879657,56.856096]]}},{"type":"Feature","properties":{"kind":"road_major"},"geometry":{"type":"LineString","coordinates":[[35.876422,56.855637],[35.876406,56.855646],[35.87639,56.855655],[35.876373,56.855664],[35.876356,56.855673],[35.876338,56.855681],[35.87632,56.855689],[35.876301,56.855697],[35.876285,56.855704],[35.876268,56.855711],[35.876242,56.85572],[35.876228,56.855724]]}},{"type":"Feature","properties":{"kind":"road_major"},"geometry":{"type":"LineString","coordinates":[[35.876598,56.855462],[35.876588,56.855478],[35.876578,56.855494],[35.876567,56.85551],[35.876554,56.855526],[35.876541,56.855541],[35.876526,56.855556],[35.876511,56.855571],[35.876494,56.855585],[35.876477,56.855599],[35.876463,56.855609],[35.87645,56.855618],[35.876436,56.855627],[35.876433,56.855629]]}},{"type":"Feature","properties":{"kind":"road"},"geometry":{"type":"LineString","coordinates":[[35.876417,56.855828],[35.87643,56.855817],[35.876444,56.855806],[35.87646,56.855796],[35.876478,56.855786],[35.876496,56.855777],[35.876516,56.855769],[35.876536,56.855762]]}},{"type":"Feature","properties":{"kind":"road_major"},"geometry":{"type":"LineString","coordinates":[[35.876228,56.855724],[35.876216,56.855728],[35.87619,56.855736],[35.876163,56.855744],[35.876136,56.85575],[35.876108,56.855757],[35.87608,56.855763],[35.876051,56.855768],[35.876022,56.855773],[35.875993,56.855777],[35.875963,56.85578],[35.875934,56.855783],[35.875904,56.855786]]}},{"type":"Feature","properties":{"kind":"road"},"geometry":{"type":"LineString","coordinates":[[35.926062,56.853508],[35.925952,56.853526]]}},{"type":"Feature","properties":{"kind":"road"},"geometry":{"type":"LineString","coordinates":[[35.92512,56.852344],[35.925194,56.852328],[35.925291,56.852306]]}},{"type":"Feature","properties":{"kind":"road"},"geometry":{"type":"LineString","coordinates":[[35.887199,56.856703],[35.887294,56.856656],[35.887483,56.856601],[35.88762,56.85657],[35.88772,56.856527],[35.887778,56.856496],[35.887819,56.85646],[35.887868,56.856398],[35.887913,56.856338],[35.88794,56.856307]]}},{"type":"Feature","properties":{"kind":"road_major"},"geometry":{"type":"LineString","coordinates":[[35.908819,56.847654],[35.908391,56.847742],[35.907096,56.848018],[35.906954,56.848042]]}},{"type":"Feature","properties":{"kind":"road_major"},"geometry":{"type":"LineString","coordinates":[[35.906157,56.84851],[35.90603,56.848282],[35.905989,56.848199]]}},{"type":"Feature","properties":{"kind":"road_major"},"geometry":{"type":"LineString","coordinates":[[35.9064,56.848476],[35.906435,56.848548],[35.906543,56.848755]]}},{"type":"Feature","properties":{"kind":"road_major"},"geometry":{"type":"LineString","coordinates":[[35.90565,56.847536],[35.905497,56.847263],[35.905036,56.846418]]}},{"type":"Feature","properties":{"kind":"road_major"},"geometry":{"type":"LineString","coordinates":[[35.91787,56.85881],[35.917851,56.85883],[35.917836,56.858852],[35.917825,56.858874],[35.917818,56.858896],[35.917814,56.858919],[35.917816,56.858941],[35.917821,56.858964],[35.91783,56.858986]]}},{"type":"Feature","properties":{"kind":"road"},"geometry":{"type":"LineString","coordinates":[[35.884898,56.858279],[35.884948,56.858245],[35.885229,56.858057],[35.886095,56.857475],[35.886168,56.857424],[35.88622,56.857386],[35.886263,56.857356],[35.887199,56.856703]]}},{"type":"Feature","properties":{"kind":"road"},"geometry":{"type":"LineString","coordinates":[[35.880148,56.84809],[35.880198,56.848117],[35.880251,56.848168],[35.880304,56.848244],[35.880361,56.848363]]}},{"type":"Feature","properties":{"kind":"road_major"},"geometry":{"type":"LineString","coordinates":[[35.876721,56.855856],[35.876417,56.855828]]}},{"type":"Feature","properties":{"kind":"road_major"},"geometry":{"type":"LineString","coordinates":[[35.937389,56.843458],[35.937278,56.843501],[35.93722,56.843524],[35.936852,56.843667],[35.936293,56.843884],[35.935795,56.844078],[35.935447,56.844213],[35.935389,56.844236],[35.935328,56.844259],[35.934818,56.844453],[35.934216,56.844692],[35.933503,56.844969],[35.933054,56.845143],[35.932607,56.845318],[35.93206,56.84553],[35.931748,56.845652],[35.931708,56.845667]]}},{"type":"Feature","properties":{"kind":"road"},"geometry":{"type":"LineString","coordinates":[[35.903805,56.860055],[35.904201,56.860001]]}},{"type":"Feature","properties":{"kind":"road_major"},"geometry":{"type":"LineString","coordinates":[[35.895871,56.856701],[35.896006,56.856756],[35.896282,56.856869],[35.896663,56.857024],[35.897346,56.857304],[35.897586,56.857402]]}},{"type":"Feature","properties":{"kind":"road"},"geometry":{"type":"LineString","coordinates":[[35.915003,56.845867],[35.915024,56.845886],[35.915047,56.845917],[35.915057,56.845932],[35.91506,56.845981],[35.915033,56.846029],[35.914978,56.846068],[35.914903,56.846095],[35.914816,56.846108],[35.914809,56.846108],[35.914729,56.846104],[35.914649,56.846085],[35.914584,56.846054],[35.914567,56.846038],[35.915003,56.845867]]}},{"type":"Feature","properties":{"kind":"road"},"geometry":{"type":"LineString","coordinates":[[35.911802,56.84711],[35.911873,56.847188],[35.911948,56.847233],[35.91202,56.847262],[35.912114,56.84728],[35.912157,56.847281],[35.912221,56.847269],[35.912309,56.847238],[35.91238,56.847189],[35.9124,56.847159],[35.912402,56.847143],[35.912405,56.847123],[35.912391,56.84709],[35.912369,56.847063],[35.912352,56.847043],[35.912301,56.847005],[35.912213,56.84696],[35.911802,56.84711]]}},{"type":"Feature","properties":{"kind":"road"},"geometry":{"type":"LineString","coordinates":[[35.898786,56.852757],[35.898812,56.852748],[35.898854,56.852714],[35.898929,56.852649],[35.899029,56.852572],[35.899031,56.852535],[35.899053,56.852511],[35.899102,56.852493],[35.899136,56.852491],[35.899148,56.85249],[35.89923,56.852511],[35.899197,56.852481],[35.899167,56.852467],[35.899123,56.85246],[35.898936,56.852432],[35.898847,56.852426],[35.898803,56.852426],[35.898756,56.852434],[35.898728,56.852448],[35.898716,56.85247],[35.898719,56.852494],[35.898737,56.852521],[35.898756,56.852539],[35.898777,56.852559],[35.898791,56.852584],[35.898803,56.852612],[35.89881,56.85266],[35.898807,56.852701],[35.898786,56.852757]]}},{"type":"Feature","properties":{"kind":"road_major"},"geometry":{"type":"LineString","coordinates":[[35.90652,56.849267],[35.906353,56.848927],[35.906196,56.848589],[35.906157,56.84851]]}},{"type":"Feature","properties":{"kind":"road_major"},"geometry":{"type":"LineString","coordinates":[[35.906543,56.848755],[35.906784,56.849233]]}},{"type":"Feature","properties":{"kind":"road_major"},"geometry":{"type":"LineString","coordinates":[[35.906595,56.849584],[35.906594,56.849551],[35.906591,56.849519],[35.906588,56.849488],[35.906582,56.849456],[35.906575,56.849424],[35.906567,56.849392],[35.906557,56.849361],[35.906546,56.849329],[35.906534,56.849298],[35.90652,56.849267]]}},{"type":"Feature","properties":{"kind":"road_major"},"geometry":{"type":"LineString","coordinates":[[35.906784,56.849233],[35.906795,56.849267],[35.906805,56.849302],[35.906814,56.849336],[35.906822,56.84937],[35.906828,56.849405],[35.906833,56.849439],[35.906837,56.849474],[35.906839,56.849508],[35.90684,56.849543],[35.90684,56.849577],[35.906844,56.849712]]}},{"type":"Feature","properties":{"kind":"road_major"},"geometry":{"type":"LineString","coordinates":[[35.926319,56.86751],[35.925627,56.867517],[35.925573,56.867517]]}},{"type":"Feature","properties":{"kind":"road_major"},"geometry":{"type":"LineString","coordinates":[[35.907029,56.855027],[35.907029,56.855136],[35.907035,56.855471],[35.907035,56.85549],[35.907037,56.85551],[35.907039,56.85553],[35.907042,56.855549],[35.907046,56.855569],[35.907051,56.855588],[35.907057,56.855608],[35.907063,56.855627],[35.907335,56.856274]]}},{"type":"Feature","properties":{"kind":"road_major"},"geometry":{"type":"LineString","coordinates":[[35.907568,56.85675],[35.90786,56.857345]]}},{"type":"Feature","properties":{"kind":"road_major"},"geometry":{"type":"LineString","coordinates":[[35.907102,56.856308],[35.906826,56.855649],[35.90682,56.855632],[35.906814,56.855614],[35.906809,56.855596]]}},{"type":"Feature","properties":{"kind":"road_major"},"geometry":{"type":"LineString","coordinates":[[35.907605,56.857385],[35.907784,56.857358]]}},{"type":"Feature","properties":{"kind":"road_major"},"geometry":{"type":"LineString","coordinates":[[35.90786,56.857345],[35.908068,56.857313],[35.910536,56.856934],[35.911952,56.856716],[35.912544,56.856625],[35.913566,56.856468],[35.913992,56.856403],[35.916174,56.856067],[35.916339,56.856042]]}},{"type":"Feature","properties":{"kind":"road_major"},"geometry":{"type":"LineString","coordinates":[[35.90786,56.857345],[35.907906,56.857438],[35.907945,56.857518]]}},{"type":"Feature","properties":{"kind":"road_major"},"geometry":{"type":"LineString","coordinates":[[35.907945,56.857518],[35.907871,56.857529]]}},{"type":"Feature","properties":{"kind":"road_major"},"geometry":{"type":"LineString","coordinates":[[35.907945,56.857518],[35.908115,56.857865]]}},{"type":"Feature","properties":{"kind":"road_major"},"geometry":{"type":"LineString","coordinates":[[35.90847,56.858584],[35.908672,56.858583],[35.908909,56.858582],[35.909812,56.858577],[35.910157,56.858575],[35.910652,56.858572],[35.910806,56.858571],[35.91115,56.858569],[35.911362,56.858568],[35.912041,56.858564],[35.912503,56.858562],[35.913731,56.858555],[35.914163,56.858553],[35.914477,56.858551],[35.914589,56.858551]]}},{"type":"Feature","properties":{"kind":"road_major"},"geometry":{"type":"LineString","coordinates":[[35.908811,56.859298],[35.908939,56.859571],[35.909026,56.859758],[35.909064,56.859838],[35.909098,56.859911]]}},{"type":"Feature","properties":{"kind":"road"},"geometry":{"type":"LineString","coordinates":[[35.90751,56.856246],[35.907335,56.856274]]}},{"type":"Feature","properties":{"kind":"road_major"},"geometry":{"type":"LineString","coordinates":[[35.908216,56.858586],[35.908162,56.858488],[35.908022,56.8582]]}},{"type":"Feature","properties":{"kind":"road_major"},"geometry":{"type":"LineString","coordinates":[[35.907605,56.857385],[35.907463,56.857081]]}},{"type":"Feature","properties":{"kind":"road_major"},"geometry":{"type":"LineString","coordinates":[[35.908587,56.859364],[35.90836,56.858886],[35.908304,56.858764],[35.908286,56.858725],[35.908216,56.858586]]}},{"type":"Feature","properties":{"kind":"road_major"},"geometry":{"type":"LineString","coordinates":[[35.909906,56.861314],[35.909769,56.861357]]}},{"type":"Feature","properties":{"kind":"road_major"},"geometry":{"type":"LineString","coordinates":[[35.909479,56.861449],[35.909605,56.86141]]}},{"type":"Feature","properties":{"kind":"road_major"},"geometry":{"type":"LineString","coordinates":[[35.907107,56.862189],[35.908159,56.861861],[35.90824,56.861835],[35.908284,56.861822],[35.908624,56.861715],[35.909078,56.861574],[35.909479,56.861449]]}},{"type":"Feature","properties":{"kind":"road_major"},"geometry":{"type":"LineString","coordinates":[[35.905341,56.846451],[35.905795,56.847322],[35.905969,56.847652]]}},{"type":"Feature","properties":{"kind":"road_major"},"geometry":{"type":"LineString","coordinates":[[35.905036,56.846418],[35.905001,56.84635],[35.904891,56.846194]]}},{"type":"Feature","properties":{"kind":"road_major"},"geometry":{"type":"LineString","coordinates":[[35.904891,56.846194],[35.905104,56.846262],[35.905183,56.846292],[35.905341,56.846451]]}},{"type":"Feature","properties":{"kind":"road"},"geometry":{"type":"LineString","coordinates":[[35.876,56.856856],[35.876235,56.856353]]}},{"type":"Feature","properties":{"kind":"road"},"geometry":{"type":"LineString","coordinates":[[35.876,56.856856],[35.877359,56.857021],[35.878206,56.857123],[35.878405,56.857086],[35.878538,56.857092]]}},{"type":"Feature","properties":{"kind":"road_major"},"geometry":{"type":"LineString","coordinates":[[35.909605,56.86141],[35.909484,56.861253],[35.909266,56.860793]]}},{"type":"Feature","properties":{"kind":"road"},"geometry":{"type":"LineString","coordinates":[[35.919217,56.852242],[35.919245,56.85233],[35.919089,56.852355],[35.918917,56.852381],[35.918866,56.852303],[35.918675,56.8523],[35.918559,56.852284],[35.918408,56.85225],[35.918283,56.852213],[35.918157,56.852152],[35.918123,56.852132],[35.918055,56.852094],[35.919684,56.851838],[35.919657,56.851898],[35.919644,56.851928],[35.91959,56.852018],[35.919514,56.85209],[35.919411,56.852156],[35.919313,56.852205],[35.919217,56.852242]]}},{"type":"Feature","properties":{"kind":"road"},"geometry":{"type":"LineString","coordinates":[[35.904221,56.862692],[35.904238,56.862717],[35.904242,56.862728],[35.904241,56.862738],[35.904238,56.862747],[35.904231,56.862757],[35.904221,56.862767],[35.904209,56.862774],[35.904195,56.86278],[35.904179,56.862785],[35.904163,56.862788],[35.904146,56.86279],[35.904129,56.86279],[35.904112,56.862788],[35.904096,56.862786],[35.904069,56.862779],[35.904055,56.86277],[35.904026,56.862742],[35.90412,56.862716],[35.904221,56.862692]]}},{"type":"Feature","properties":{"kind":"road"},"geometry":{"type":"LineString","coordinates":[[35.871843,56.862077],[35.872215,56.862202]]}},{"type":"Feature","properties":{"kind":"road"},"geometry":{"type":"LineString","coordinates":[[35.907223,56.850382],[35.907253,56.850438],[35.907348,56.850615],[35.907519,56.850935]]}},{"type":"Feature","properties":{"kind":"road_major"},"geometry":{"type":"LineString","coordinates":[[35.91022,56.862001],[35.910004,56.862013]]}},{"type":"Feature","properties":{"kind":"road_major"},"geometry":{"type":"LineString","coordinates":[[35.91013,56.861804],[35.91022,56.862001]]}},{"type":"Feature","properties":{"kind":"road"},"geometry":{"type":"LineString","coordinates":[[35.918951,56.864642],[35.918771,56.864642],[35.918771,56.864631],[35.91877,56.864571],[35.91877,56.864563],[35.918765,56.864264],[35.91876,56.863979],[35.918674,56.863852],[35.918563,56.863732],[35.918414,56.863638],[35.91828,56.863581],[35.918055,56.863535],[35.917854,56.863505],[35.917666,56.863508],[35.917109,56.863564],[35.916584,56.863616],[35.916143,56.86366],[35.916023,56.863672],[35.916003,56.863573],[35.91719,56.86346],[35.918633,56.863333],[35.918746,56.863343],[35.918848,56.863357],[35.918923,56.863383],[35.918966,56.863434],[35.918982,56.86349],[35.918979,56.863565],[35.918974,56.863653],[35.918951,56.864642]]}},{"type":"Feature","properties":{"kind":"road"},"geometry":{"type":"LineString","coordinates":[[35.926118,56.865921],[35.925968,56.86611],[35.92567,56.866455],[35.925654,56.866496],[35.925468,56.867363],[35.925461,56.867389],[35.925458,56.867433]]}},{"type":"Feature","properties":{"kind":"road_major"},"geometry":{"type":"LineString","coordinates":[[35.879434,56.869513],[35.879568,56.869776]]}},{"type":"Feature","properties":{"kind":"road_major"},"geometry":{"type":"LineString","coordinates":[[35.918292,56.844449],[35.918151,56.844506],[35.916827,56.845032],[35.916772,56.845053],[35.916412,56.845188],[35.915087,56.845707],[35.914299,56.846012]]}},{"type":"Feature","properties":{"kind":"road"},"geometry":{"type":"LineString","coordinates":[[35.888747,56.863524],[35.888733,56.863482],[35.888706,56.863433],[35.88781,56.864089],[35.887925,56.864137],[35.887994,56.864084],[35.888267,56.864047],[35.888275,56.86403],[35.888736,56.863964],[35.888643,56.863769],[35.888565,56.863738],[35.888545,56.863753],[35.888479,56.863726],[35.888747,56.863524]]}},{"type":"Feature","properties":{"kind":"road_major"},"geometry":{"type":"LineString","coordinates":[[35.914299,56.846012],[35.913754,56.846223],[35.91366,56.846259],[35.913568,56.846295],[35.913464,56.846336]]}},{"type":"Feature","properties":{"kind":"road_major"},"geometry":{"type":"LineString","coordinates":[[35.913464,56.846336],[35.91304,56.846505],[35.912339,56.846777],[35.911625,56.847034],[35.9115,56.847073],[35.911372,56.847106],[35.911166,56.847152],[35.910144,56.847369],[35.909993,56.847401],[35.909731,56.847456],[35.908819,56.847654]]}},{"type":"Feature","properties":{"kind":"road_major"},"geometry":{"type":"LineString","coordinates":[[35.865908,56.854816],[35.866574,56.854882]]}},{"type":"Feature","properties":{"kind":"road"},"geometry":{"type":"LineString","coordinates":[[35.916587,56.858811],[35.916582,56.858781],[35.916581,56.858748],[35.916583,56.858715],[35.916589,56.858682],[35.916599,56.858649],[35.916613,56.858617],[35.916662,56.858539]]}},{"type":"Feature","properties":{"kind":"road"},"geometry":{"type":"LineString","coordinates":[[35.916662,56.858539],[35.916683,56.858519],[35.916716,56.858488],[35.916752,56.858458],[35.916793,56.858429],[35.916837,56.858402],[35.916884,56.858377],[35.916935,56.858353],[35.916989,56.858332],[35.917045,56.858313],[35.917104,56.858297],[35.917423,56.858248]]}},{"type":"Feature","properties":{"kind":"road"},"geometry":{"type":"LineString","coordinates":[[35.921383,56.858543],[35.921135,56.858365]]}},{"type":"Feature","properties":{"kind":"road"},"geometry":{"type":"LineString","coordinates":[[35.88524,56.844857],[35.88486,56.844876],[35.883128,56.844969],[35.881405,56.845064],[35.87965,56.845158],[35.87785,56.845277]]}},{"type":"Feature","properties":{"kind":"road"},"geometry":{"type":"LineString","coordinates":[[35.888179,56.862839],[35.888193,56.862832],[35.88821,56.862822],[35.888226,56.862811],[35.888241,56.8628],[35.888253,56.862787],[35.888265,56.862773],[35.888274,56.862759],[35.888281,56.862744],[35.888285,56.862728],[35.888286,56.862713],[35.888285,56.862698],[35.888281,56.862682],[35.888274,56.862667]]}},{"type":"Feature","properties":{"kind":"road"},"geometry":{"type":"LineString","coordinates":[[35.876086,56.845427],[35.876879,56.845386]]}},{"type":"Feature","properties":{"kind":"road_major"},"geometry":{"type":"LineString","coordinates":[[35.905607,56.846105],[35.90587,56.846005]]}},{"type":"Feature","properties":{"kind":"road_major"},"geometry":{"type":"LineString","coordinates":[[35.90599,56.845959],[35.906398,56.845803],[35.906789,56.845654],[35.906844,56.845632],[35.907104,56.845533],[35.90713,56.845523],[35.907453,56.8454],[35.907474,56.845388],[35.908434,56.845025],[35.908471,56.845011],[35.908677,56.844932],[35.908833,56.844872],[35.909344,56.844677],[35.909426,56.844646],[35.910223,56.844341],[35.910637,56.844183],[35.910727,56.844148],[35.910936,56.844068],[35.9111,56.844006],[35.911318,56.843922],[35.911943,56.843683],[35.91232,56.843539],[35.912544,56.843454],[35.912991,56.843283],[35.913134,56.843228],[35.913351,56.843145],[35.9136,56.84305],[35.913819,56.842966],[35.913962,56.842912],[35.91406,56.842874],[35.914154,56.842838],[35.915011,56.842511],[35.915385,56.842368]]}},{"type":"Feature","properties":{"kind":"road_major"},"geometry":{"type":"LineString","coordinates":[[35.90587,56.846005],[35.90599,56.845959]]}},{"type":"Feature","properties":{"kind":"road_major"},"geometry":{"type":"LineString","coordinates":[[35.907688,56.857555],[35.907487,56.857585],[35.905587,56.857863],[35.905124,56.857931],[35.904973,56.857953]]}},{"type":"Feature","properties":{"kind":"road_major"},"geometry":{"type":"LineString","coordinates":[[35.907688,56.857555],[35.907648,56.857473],[35.907605,56.857385]]}},{"type":"Feature","properties":{"kind":"road_major"},"geometry":{"type":"LineString","coordinates":[[35.875904,56.855786],[35.87541,56.855745],[35.872999,56.855545]]}},{"type":"Feature","properties":{"kind":"road_major"},"geometry":{"type":"LineString","coordinates":[[35.89821,56.8604],[35.898183,56.860382],[35.898152,56.860366],[35.898117,56.860353],[35.898078,56.860344],[35.898038,56.860337],[35.897996,56.860334],[35.897954,56.860334],[35.897912,56.860337],[35.897872,56.860344]]}},{"type":"Feature","properties":{"kind":"road_major"},"geometry":{"type":"LineString","coordinates":[[35.905943,56.848118],[35.906066,56.848101],[35.90619,56.848085]]}},{"type":"Feature","properties":{"kind":"road_major"},"geometry":{"type":"LineString","coordinates":[[35.900041,56.866192],[35.900099,56.866391]]}},{"type":"Feature","properties":{"kind":"road_major"},"geometry":{"type":"LineString","coordinates":[[35.900099,56.866391],[35.900101,56.866408],[35.900099,56.866425],[35.900095,56.866441],[35.90009,56.866458],[35.900083,56.866474],[35.900075,56.86649],[35.900065,56.866505],[35.900053,56.866521],[35.90004,56.866536],[35.900025,56.86655],[35.900009,56.866564],[35.899991,56.866578],[35.899972,56.866591],[35.899952,56.866603],[35.899929,56.866616]]}},{"type":"Feature","properties":{"kind":"road_major"},"geometry":{"type":"LineString","coordinates":[[35.912212,56.867079],[35.912101,56.866808],[35.912084,56.866767]]}},{"type":"Feature","properties":{"kind":"road"},"geometry":{"type":"LineString","coordinates":[[35.906275,56.877528],[35.906236,56.87743],[35.905317,56.875346],[35.905304,56.875315]]}},{"type":"Feature","properties":{"kind":"road"},"geometry":{"type":"LineString","coordinates":[[35.92381,56.875456],[35.924793,56.877831]]}},{"type":"Feature","properties":{"kind":"road"},"geometry":{"type":"LineString","coordinates":[[35.929812,56.877274],[35.930321,56.876781],[35.930629,56.875919],[35.931096,56.874448]]}},{"type":"Feature","properties":{"kind":"road_major"},"geometry":{"type":"LineString","coordinates":[[35.909607,56.86099],[35.909721,56.861214],[35.909769,56.861357]]}},{"type":"Feature","properties":{"kind":"road_major"},"geometry":{"type":"LineString","coordinates":[[35.900182,56.866502],[35.90023,56.86658]]}},{"type":"Feature","properties":{"kind":"road_major"},"geometry":{"type":"LineString","coordinates":[[35.899731,56.866698],[35.899588,56.866716],[35.899404,56.866737]]}},{"type":"Feature","properties":{"kind":"road_major"},"geometry":{"type":"LineString","coordinates":[[35.925193,56.867432],[35.925458,56.867433],[35.926103,56.86743],[35.926132,56.86743],[35.926489,56.86742],[35.926862,56.867408],[35.927036,56.867402],[35.927761,56.867378],[35.929165,56.867336],[35.930593,56.867294],[35.931106,56.867278],[35.931259,56.867273],[35.931582,56.867263],[35.932037,56.867248]]}},{"type":"Feature","properties":{"kind":"road_major"},"geometry":{"type":"LineString","coordinates":[[35.924514,56.857735],[35.924209,56.857779],[35.923156,56.857934],[35.923103,56.857942],[35.922959,56.857963]]}},{"type":"Feature","properties":{"kind":"road"},"geometry":{"type":"LineString","coordinates":[[35.925325,56.857616],[35.925368,56.857703],[35.925458,56.857887],[35.925784,56.858547],[35.9258,56.858579]]}},{"type":"Feature","properties":{"kind":"road"},"geometry":{"type":"LineString","coordinates":[[35.886511,56.848845],[35.886445,56.848536]]}},{"type":"Feature","properties":{"kind":"road"},"geometry":{"type":"LineString","coordinates":[[35.886314,56.848076],[35.886214,56.84773]]}},{"type":"Feature","properties":{"kind":"road"},"geometry":{"type":"LineString","coordinates":[[35.864961,56.860955],[35.865237,56.860959],[35.865595,56.861005],[35.866343,56.8611]]}},{"type":"Feature","properties":{"kind":"road_major"},"geometry":{"type":"LineString","coordinates":[[35.902716,56.87316],[35.902812,56.873382],[35.902835,56.873435],[35.902876,56.87353],[35.903726,56.875507],[35.903743,56.875547],[35.904408,56.877091],[35.904624,56.877593],[35.904682,56.877728]]}},{"type":"Feature","properties":{"kind":"road_major"},"geometry":{"type":"LineString","coordinates":[[35.938259,56.84584],[35.93781,56.846053],[35.937315,56.846285],[35.936788,56.846525],[35.935877,56.84692],[35.93458,56.847427],[35.934479,56.847466],[35.934213,56.847574]]}},{"type":"Feature","properties":{"kind":"road_major"},"geometry":{"type":"LineString","coordinates":[[35.934102,56.847488],[35.93437,56.847381],[35.935741,56.846818],[35.936588,56.846456],[35.937618,56.845962],[35.938087,56.845736]]}},{"type":"Feature","properties":{"kind":"road_major"},"geometry":{"type":"LineString","coordinates":[[35.934213,56.847574],[35.932894,56.848115],[35.932707,56.848191],[35.932161,56.848415],[35.931739,56.848584],[35.931447,56.848698],[35.931161,56.848807],[35.930972,56.84887],[35.93078,56.848932],[35.930586,56.848991],[35.93039,56.849047],[35.930191,56.849101],[35.92999,56.849153],[35.929787,56.849202],[35.929582,56.849249],[35.929375,56.849293],[35.929167,56.849335],[35.928865,56.849391]]}},{"type":"Feature","properties":{"kind":"road_major"},"geometry":{"type":"LineString","coordinates":[[35.928865,56.849391],[35.92857,56.849439],[35.928453,56.849458],[35.928357,56.849471],[35.928247,56.849486],[35.927189,56.849597]]}},{"type":"Feature","properties":{"kind":"road_major"},"geometry":{"type":"LineString","coordinates":[[35.926907,56.855549],[35.927585,56.856968]]}},{"type":"Feature","properties":{"kind":"road_major"},"geometry":{"type":"LineString","coordinates":[[35.926926,56.855357],[35.926912,56.855383],[35.926902,56.855411],[35.926895,56.855438],[35.926893,56.855466],[35.926894,56.855494],[35.926899,56.855522],[35.926907,56.855549]]}},{"type":"Feature","properties":{"kind":"road_major"},"geometry":{"type":"LineString","coordinates":[[35.932693,56.852753],[35.932874,56.852682],[35.933386,56.852483],[35.933919,56.852276],[35.935412,56.851696],[35.936245,56.851372]]}},{"type":"Feature","properties":{"kind":"road_major"},"geometry":{"type":"LineString","coordinates":[[35.931175,56.853342],[35.932438,56.852852],[35.932543,56.852811],[35.932693,56.852753]]}},{"type":"Feature","properties":{"kind":"road_major"},"geometry":{"type":"LineString","coordinates":[[35.927203,56.854893],[35.927327,56.854838],[35.927611,56.854728],[35.928442,56.854405],[35.928815,56.854259],[35.930025,56.853789],[35.931175,56.853342]]}},{"type":"Feature","properties":{"kind":"road_major"},"geometry":{"type":"LineString","coordinates":[[35.926559,56.854349],[35.926758,56.854768],[35.926786,56.854826],[35.9268,56.854848]]}},{"type":"Feature","properties":{"kind":"road_major"},"geometry":{"type":"LineString","coordinates":[[35.92615,56.853489],[35.926184,56.853565],[35.926319,56.853847],[35.926559,56.854349]]}},{"type":"Feature","properties":{"kind":"road_major"},"geometry":{"type":"LineString","coordinates":[[35.9274,56.856936],[35.92715,56.856402],[35.926952,56.855983]]}},{"type":"Feature","properties":{"kind":"road_major"},"geometry":{"type":"LineString","coordinates":[[35.926729,56.855352],[35.92674,56.855327],[35.926752,56.855303],[35.926766,56.855278],[35.926782,56.855255],[35.926799,56.855231],[35.926818,56.855208],[35.926839,56.855185],[35.926861,56.855163],[35.926884,56.855141],[35.92691,56.85512],[35.926935,56.855099]]}},{"type":"Feature","properties":{"kind":"road_major"},"geometry":{"type":"LineString","coordinates":[[35.927467,56.854946],[35.927383,56.85499],[35.927272,56.855055],[35.927171,56.855125],[35.927079,56.855199],[35.926997,56.855276],[35.926926,56.855357]]}},{"type":"Feature","properties":{"kind":"road_major"},"geometry":{"type":"LineString","coordinates":[[35.928885,56.854398],[35.928514,56.854542],[35.927948,56.854762],[35.927546,56.854918],[35.927467,56.854946]]}},{"type":"Feature","properties":{"kind":"road_major"},"geometry":{"type":"LineString","coordinates":[[35.933939,56.852435],[35.933632,56.852554],[35.93311,56.852759],[35.933021,56.852793],[35.93284,56.852864]]}},{"type":"Feature","properties":{"kind":"road_major"},"geometry":{"type":"LineString","coordinates":[[35.938294,56.850731],[35.938114,56.850802],[35.937967,56.850859],[35.937079,56.851207],[35.936481,56.851441],[35.935709,56.851742],[35.93555,56.851805],[35.933939,56.852435]]}},{"type":"Feature","properties":{"kind":"road_major"},"geometry":{"type":"LineString","coordinates":[[35.927585,56.856968],[35.927592,56.856995],[35.927595,56.857023],[35.927594,56.85705],[35.927588,56.857078],[35.927579,56.857105],[35.927565,56.857132],[35.927547,56.857158],[35.927526,56.857183],[35.927501,56.857208],[35.927472,56.85723],[35.92744,56.857252],[35.927405,56.857272],[35.927367,56.85729],[35.927326,56.857307],[35.927283,56.857322],[35.927238,56.857335],[35.927191,56.857345]]}},{"type":"Feature","properties":{"kind":"road_major"},"geometry":{"type":"LineString","coordinates":[[35.9268,56.854848],[35.926877,56.854978]]}},{"type":"Feature","properties":{"kind":"road"},"geometry":{"type":"LineString","coordinates":[[35.926062,56.853508],[35.926105,56.853499],[35.92615,56.853489]]}},{"type":"Feature","properties":{"kind":"road"},"geometry":{"type":"LineString","coordinates":[[35.925871,56.85291],[35.925826,56.852917],[35.925779,56.852923]]}},{"type":"Feature","properties":{"kind":"road"},"geometry":{"type":"LineString","coordinates":[[35.924621,56.851824],[35.924669,56.851812],[35.924718,56.851799]]}},{"type":"Feature","properties":{"kind":"road"},"geometry":{"type":"LineString","coordinates":[[35.924071,56.851148],[35.92402,56.851158],[35.923968,56.851169]]}},{"type":"Feature","properties":{"kind":"road_major"},"geometry":{"type":"LineString","coordinates":[[35.924071,56.851148],[35.924108,56.851205],[35.924139,56.851248],[35.924171,56.851291],[35.924205,56.851333],[35.924241,56.851375],[35.924278,56.851417],[35.924317,56.851458],[35.924357,56.851499],[35.924399,56.851539],[35.924442,56.851579],[35.924487,56.851618],[35.924533,56.851656],[35.924718,56.851799],[35.92528,56.852216],[35.925389,56.852288],[35.925417,56.852312],[35.925439,56.852331],[35.92546,56.852351],[35.925481,56.852371],[35.925502,56.852391],[35.925522,56.852411],[35.925541,56.852431],[35.92556,56.852452],[35.925579,56.852472],[35.925597,56.852493],[35.925615,56.852514],[35.925632,56.852535],[35.925649,56.852556],[35.925665,56.852577],[35.925681,56.852598],[35.925696,56.852619],[35.925711,56.852641],[35.925871,56.85291],[35.92615,56.853489]]}},{"type":"Feature","properties":{"kind":"road_major"},"geometry":{"type":"LineString","coordinates":[[35.922993,56.849578],[35.922888,56.849414]]}},{"type":"Feature","properties":{"kind":"road_major"},"geometry":{"type":"LineString","coordinates":[[35.923066,56.849709],[35.922993,56.849578]]}},{"type":"Feature","properties":{"kind":"road_major"},"geometry":{"type":"LineString","coordinates":[[35.923968,56.851169],[35.923699,56.850733],[35.923432,56.850299]]}},{"type":"Feature","properties":{"kind":"road_major"},"geometry":{"type":"LineString","coordinates":[[35.922993,56.849578],[35.92305,56.849559],[35.923116,56.849537]]}},{"type":"Feature","properties":{"kind":"road_major"},"geometry":{"type":"LineString","coordinates":[[35.923116,56.849537],[35.923167,56.849632]]}},{"type":"Feature","properties":{"kind":"road_major"},"geometry":{"type":"LineString","coordinates":[[35.925022,56.84965],[35.924222,56.849637],[35.923981,56.849632]]}},{"type":"Feature","properties":{"kind":"road_major"},"geometry":{"type":"LineString","coordinates":[[35.923981,56.849632],[35.923904,56.849631],[35.923785,56.849629],[35.923416,56.849623],[35.923167,56.849632]]}},{"type":"Feature","properties":{"kind":"road_major"},"geometry":{"type":"LineString","coordinates":[[35.923116,56.849537],[35.923409,56.849504],[35.923935,56.84951],[35.923997,56.84951],[35.924845,56.849518]]}},{"type":"Feature","properties":{"kind":"road_major"},"geometry":{"type":"LineString","coordinates":[[35.917972,56.858696],[35.917518,56.858763]]}},{"type":"Feature","properties":{"kind":"road_major"},"geometry":{"type":"LineString","coordinates":[[35.90929,56.859883],[35.910127,56.85976],[35.910429,56.859716],[35.910906,56.859645],[35.911025,56.859628],[35.91268,56.859385],[35.912816,56.859365],[35.914756,56.85908],[35.914843,56.859067]]}},{"type":"Feature","properties":{"kind":"road_major"},"geometry":{"type":"LineString","coordinates":[[35.922959,56.857963],[35.921791,56.858135]]}},{"type":"Feature","properties":{"kind":"road_major"},"geometry":{"type":"LineString","coordinates":[[35.922194,56.857987],[35.922683,56.857915]]}},{"type":"Feature","properties":{"kind":"road_major"},"geometry":{"type":"LineString","coordinates":[[35.924479,56.857651],[35.925284,56.857533],[35.9255,56.857501],[35.925762,56.857463],[35.926054,56.85742]]}},{"type":"Feature","properties":{"kind":"road_major"},"geometry":{"type":"LineString","coordinates":[[35.917625,56.858658],[35.919266,56.858417],[35.919457,56.858389],[35.921128,56.858144],[35.922194,56.857987]]}},{"type":"Feature","properties":{"kind":"road_major"},"geometry":{"type":"LineString","coordinates":[[35.922275,56.848431],[35.922433,56.848414]]}},{"type":"Feature","properties":{"kind":"road_major"},"geometry":{"type":"LineString","coordinates":[[35.919018,56.845019],[35.918464,56.844583],[35.918412,56.844541],[35.918292,56.844449]]}},{"type":"Feature","properties":{"kind":"road_major"},"geometry":{"type":"LineString","coordinates":[[35.923026,56.849389],[35.923116,56.849537]]}},{"type":"Feature","properties":{"kind":"road_major"},"geometry":{"type":"LineString","coordinates":[[35.922523,56.84855],[35.923026,56.849389]]}},{"type":"Feature","properties":{"kind":"road_major"},"geometry":{"type":"LineString","coordinates":[[35.918414,56.844402],[35.918535,56.844495],[35.918757,56.844667],[35.918763,56.844671],[35.919325,56.845107],[35.919706,56.845402],[35.920104,56.845713],[35.92019,56.84578],[35.920285,56.845855],[35.920929,56.846363],[35.920991,56.846421],[35.921064,56.846489],[35.92117,56.846594],[35.921301,56.846731],[35.921468,56.84693],[35.92163,56.847139],[35.921766,56.84735],[35.921936,56.84764],[35.922235,56.848115],[35.922433,56.848414]]}},{"type":"Feature","properties":{"kind":"road_major"},"geometry":{"type":"LineString","coordinates":[[35.879626,56.870077],[35.879433,56.869697]]}},{"type":"Feature","properties":{"kind":"road_major"},"geometry":{"type":"LineString","coordinates":[[35.879346,56.869526],[35.879346,56.869509],[35.879351,56.869492],[35.879371,56.869476],[35.879408,56.869461]]}},{"type":"Feature","properties":{"kind":"road_major"},"geometry":{"type":"LineString","coordinates":[[35.880318,56.870727],[35.880273,56.870732],[35.880227,56.870733],[35.880181,56.870731],[35.880137,56.870726],[35.880093,56.870718],[35.88006,56.87071],[35.880029,56.870699],[35.88,56.870687],[35.879974,56.870674],[35.87995,56.870658],[35.879929,56.870642],[35.879916,56.870629],[35.879904,56.870616],[35.879894,56.870602]]}},{"type":"Feature","properties":{"kind":"road_major"},"geometry":{"type":"LineString","coordinates":[[35.893071,56.86875],[35.892894,56.868773],[35.892735,56.868793],[35.892581,56.868814],[35.892478,56.86883],[35.891835,56.868931],[35.891622,56.868964],[35.890941,56.869071],[35.890228,56.869183],[35.889474,56.869301],[35.888191,56.869502],[35.887925,56.869544],[35.887657,56.869586],[35.887471,56.869615],[35.887465,56.869616],[35.887333,56.869636]]}},{"type":"Feature","properties":{"kind":"road_major"},"geometry":{"type":"LineString","coordinates":[[35.910364,56.866623],[35.910893,56.866565]]}},{"type":"Feature","properties":{"kind":"road_major"},"geometry":{"type":"LineString","coordinates":[[35.89294,56.868672],[35.893213,56.86864],[35.894764,56.868459],[35.896515,56.868254],[35.896679,56.868234],[35.897046,56.868192],[35.897581,56.868129],[35.897949,56.868086],[35.899612,56.867892],[35.899805,56.867869],[35.899896,56.867859],[35.900029,56.867844],[35.900428,56.867798]]}},{"type":"Feature","properties":{"kind":"road_major"},"geometry":{"type":"LineString","coordinates":[[35.911964,56.866477],[35.912234,56.866521]]}},{"type":"Feature","properties":{"kind":"road_major"},"geometry":{"type":"LineString","coordinates":[[35.912234,56.866521],[35.912549,56.86657]]}},{"type":"Feature","properties":{"kind":"road_major"},"geometry":{"type":"LineString","coordinates":[[35.912267,56.866594],[35.912,56.866563]]}},{"type":"Feature","properties":{"kind":"road_major"},"geometry":{"type":"LineString","coordinates":[[35.912234,56.866521],[35.912267,56.866594]]}},{"type":"Feature","properties":{"kind":"road_major"},"geometry":{"type":"LineString","coordinates":[[35.913894,56.866822],[35.912703,56.866666],[35.912543,56.866643],[35.912267,56.866594]]}},{"type":"Feature","properties":{"kind":"road_major"},"geometry":{"type":"LineString","coordinates":[[35.910893,56.866565],[35.911467,56.866497],[35.911611,56.866484],[35.911718,56.866476],[35.911964,56.866477]]}},{"type":"Feature","properties":{"kind":"road_major"},"geometry":{"type":"LineString","coordinates":[[35.913203,56.866656],[35.915182,56.86694]]}},{"type":"Feature","properties":{"kind":"road_major"},"geometry":{"type":"LineString","coordinates":[[35.911808,56.865558],[35.911968,56.865921],[35.912113,56.866249],[35.912127,56.86628],[35.912186,56.866413],[35.912234,56.866521]]}},{"type":"Feature","properties":{"kind":"road_major"},"geometry":{"type":"LineString","coordinates":[[35.911679,56.865798],[35.911619,56.865648]]}},{"type":"Feature","properties":{"kind":"road_major"},"geometry":{"type":"LineString","coordinates":[[35.911503,56.865384],[35.911461,56.865289]]}},{"type":"Feature","properties":{"kind":"road_major"},"geometry":{"type":"LineString","coordinates":[[35.911461,56.865289],[35.91131,56.864946]]}},{"type":"Feature","properties":{"kind":"road_major"},"geometry":{"type":"LineString","coordinates":[[35.911557,56.864982],[35.911643,56.865186]]}},{"type":"Feature","properties":{"kind":"road_major"},"geometry":{"type":"LineString","coordinates":[[35.912232,56.865191],[35.911951,56.865231]]}},{"type":"Feature","properties":{"kind":"road_major"},"geometry":{"type":"LineString","coordinates":[[35.911216,56.864378],[35.911379,56.864587],[35.911557,56.864982]]}},{"type":"Feature","properties":{"kind":"road_major"},"geometry":{"type":"LineString","coordinates":[[35.911964,56.866477],[35.911895,56.86631],[35.911679,56.865798]]}},{"type":"Feature","properties":{"kind":"road_major"},"geometry":{"type":"LineString","coordinates":[[35.91131,56.864946],[35.911162,56.864607],[35.911071,56.864399]]}},{"type":"Feature","properties":{"kind":"road_major"},"geometry":{"type":"LineString","coordinates":[[35.911643,56.865186],[35.911677,56.865263],[35.911733,56.865388]]}},{"type":"Feature","properties":{"kind":"road_major"},"geometry":{"type":"LineString","coordinates":[[35.909683,56.861514],[35.909605,56.86141]]}},{"type":"Feature","properties":{"kind":"road_major"},"geometry":{"type":"LineString","coordinates":[[35.909821,56.861495],[35.911216,56.864378]]}},{"type":"Feature","properties":{"kind":"road_major"},"geometry":{"type":"LineString","coordinates":[[35.911071,56.864399],[35.909683,56.861514]]}},{"type":"Feature","properties":{"kind":"road_major"},"geometry":{"type":"LineString","coordinates":[[35.909769,56.861357],[35.909821,56.861495]]}},{"type":"Feature","properties":{"kind":"road_major"},"geometry":{"type":"LineString","coordinates":[[35.909137,56.859994],[35.909181,56.860092],[35.909607,56.86099]]}},{"type":"Feature","properties":{"kind":"road_major"},"geometry":{"type":"LineString","coordinates":[[35.909266,56.860793],[35.908969,56.860168],[35.908949,56.860126],[35.908903,56.860028]]}},{"type":"Feature","properties":{"kind":"road_major"},"geometry":{"type":"LineString","coordinates":[[35.926877,56.854978],[35.926935,56.855099]]}},{"type":"Feature","properties":{"kind":"road_major"},"geometry":{"type":"LineString","coordinates":[[35.927047,56.855005],[35.927203,56.854893]]}},{"type":"Feature","properties":{"kind":"road_major"},"geometry":{"type":"LineString","coordinates":[[35.926935,56.855099],[35.927047,56.855005]]}},{"type":"Feature","properties":{"kind":"road_major"},"geometry":{"type":"LineString","coordinates":[[35.926935,56.855099],[35.926945,56.855125],[35.926953,56.855151],[35.926958,56.855176],[35.926961,56.855202],[35.926961,56.855228],[35.926959,56.855254],[35.926954,56.85528],[35.926947,56.855306],[35.926937,56.855331],[35.926926,56.855357]]}},{"type":"Feature","properties":{"kind":"road_major"},"geometry":{"type":"LineString","coordinates":[[35.900428,56.867798],[35.900761,56.86776],[35.901026,56.86773],[35.901967,56.867622],[35.902893,56.867516],[35.904183,56.867368],[35.904558,56.867325]]}},{"type":"Feature","properties":{"kind":"road_major"},"geometry":{"type":"LineString","coordinates":[[35.912,56.866563],[35.911964,56.866477]]}},{"type":"Feature","properties":{"kind":"road_major"},"geometry":{"type":"LineString","coordinates":[[35.900428,56.867798],[35.90045,56.867848],[35.900466,56.867885]]}},{"type":"Feature","properties":{"kind":"road_major"},"geometry":{"type":"LineString","coordinates":[[35.91126,56.866618],[35.9104,56.866711],[35.910134,56.866743],[35.907758,56.867034]]}},{"type":"Feature","properties":{"kind":"road_major"},"geometry":{"type":"LineString","coordinates":[[35.888476,56.849081],[35.888439,56.848904],[35.88839,56.848652],[35.888197,56.847696],[35.888138,56.847412],[35.888102,56.847213],[35.887861,56.846162],[35.887845,56.846085]]}},{"type":"Feature","properties":{"kind":"road_major"},"geometry":{"type":"LineString","coordinates":[[35.890645,56.849359],[35.890742,56.849347],[35.89156,56.849248],[35.892104,56.849195]]}},{"type":"Feature","properties":{"kind":"road_major"},"geometry":{"type":"LineString","coordinates":[[35.880209,56.870653],[35.880896,56.870548],[35.881202,56.870499],[35.881321,56.870481],[35.881439,56.870462],[35.881795,56.870407],[35.883262,56.870178],[35.884637,56.869964],[35.885743,56.869791],[35.886994,56.869596],[35.88714,56.869573],[35.887278,56.869552]]}},{"type":"Feature","properties":{"kind":"road_major"},"geometry":{"type":"LineString","coordinates":[[35.887333,56.869636],[35.887278,56.869552]]}},{"type":"Feature","properties":{"kind":"road_major"},"geometry":{"type":"LineString","coordinates":[[35.887333,56.869636],[35.887182,56.86966],[35.886661,56.869741],[35.885768,56.869881],[35.884859,56.870022],[35.883289,56.870267],[35.882814,56.870342],[35.881698,56.870516],[35.881481,56.870549],[35.881382,56.870565],[35.880945,56.870633],[35.880318,56.870727]]}},{"type":"Feature","properties":{"kind":"road_major"},"geometry":{"type":"LineString","coordinates":[[35.933424,56.867205],[35.934472,56.867171],[35.936203,56.867117]]}},{"type":"Feature","properties":{"kind":"road_major"},"geometry":{"type":"LineString","coordinates":[[35.937494,56.867164],[35.937291,56.867171],[35.93723,56.867172],[35.936926,56.867182],[35.935501,56.867227],[35.933604,56.86728]]}},{"type":"Feature","properties":{"kind":"road_major"},"geometry":{"type":"LineString","coordinates":[[35.933604,56.86728],[35.933141,56.867295],[35.931264,56.867355],[35.931,56.867363],[35.930626,56.867373],[35.929957,56.867393]]}},{"type":"Feature","properties":{"kind":"road_major"},"geometry":{"type":"LineString","coordinates":[[35.929957,56.867393],[35.92933,56.867412]]}},{"type":"Feature","properties":{"kind":"road"},"geometry":{"type":"LineString","coordinates":[[35.928385,56.869551],[35.928484,56.869269],[35.929105,56.867507],[35.929119,56.86747],[35.929138,56.867417]]}},{"type":"Feature","properties":{"kind":"road_major"},"geometry":{"type":"LineString","coordinates":[[35.933147,56.867213],[35.933424,56.867205]]}},{"type":"Feature","properties":{"kind":"road_major"},"geometry":{"type":"LineString","coordinates":[[35.932037,56.867248],[35.933147,56.867213]]}},{"type":"Feature","properties":{"kind":"road"},"geometry":{"type":"LineString","coordinates":[[35.933147,56.867213],[35.933149,56.867181],[35.933157,56.867152],[35.933446,56.866094],[35.933453,56.866069]]}},{"type":"Feature","properties":{"kind":"road_major"},"geometry":{"type":"LineString","coordinates":[[35.925232,56.867508],[35.924428,56.867485],[35.92429,56.867481]]}},{"type":"Feature","properties":{"kind":"road_major"},"geometry":{"type":"LineString","coordinates":[[35.92933,56.867412],[35.929138,56.867417],[35.927015,56.867487],[35.926862,56.867492],[35.926319,56.86751]]}},{"type":"Feature","properties":{"kind":"road_major"},"geometry":{"type":"LineString","coordinates":[[35.923692,56.868124],[35.924228,56.86761],[35.924259,56.86756],[35.92429,56.867481]]}},{"type":"Feature","properties":{"kind":"road_major"},"geometry":{"type":"LineString","coordinates":[[35.90623,56.848161],[35.9064,56.848476]]}},{"type":"Feature","properties":{"kind":"road_major"},"geometry":{"type":"LineString","coordinates":[[35.916303,56.845102],[35.916657,56.844966],[35.917975,56.84446],[35.918046,56.844434],[35.918195,56.844375]]}},{"type":"Feature","properties":{"kind":"road_major"},"geometry":{"type":"LineString","coordinates":[[35.91336,56.846259],[35.913457,56.84622],[35.916303,56.845102]]}},{"type":"Feature","properties":{"kind":"road_major"},"geometry":{"type":"LineString","coordinates":[[35.912782,56.846472],[35.912923,56.84642],[35.913075,56.846364],[35.913163,56.846331],[35.91336,56.846259]]}},{"type":"Feature","properties":{"kind":"road_major"},"geometry":{"type":"LineString","coordinates":[[35.906954,56.848042],[35.906414,56.848131],[35.90623,56.848161]]}},{"type":"Feature","properties":{"kind":"road_major"},"geometry":{"type":"LineString","coordinates":[[35.90623,56.848161],[35.906107,56.84818],[35.905989,56.848199]]}},{"type":"Feature","properties":{"kind":"road_major"},"geometry":{"type":"LineString","coordinates":[[35.903263,56.848365],[35.901489,56.848492]]}},{"type":"Feature","properties":{"kind":"road_major"},"geometry":{"type":"LineString","coordinates":[[35.905989,56.848199],[35.905256,56.848296],[35.905133,56.848311],[35.905102,56.848314],[35.904278,56.848367]]}},{"type":"Feature","properties":{"kind":"road_major"},"geometry":{"type":"LineString","coordinates":[[35.906845,56.847972],[35.907043,56.847928],[35.907538,56.847819],[35.908255,56.847661],[35.908739,56.847555],[35.909659,56.847355],[35.909873,56.847309],[35.910883,56.84709],[35.911276,56.847004],[35.911415,56.846968],[35.911531,56.846936],[35.912214,56.846683],[35.912782,56.846472]]}},{"type":"Feature","properties":{"kind":"road_major"},"geometry":{"type":"LineString","coordinates":[[35.903263,56.848365],[35.903788,56.848328]]}},{"type":"Feature","properties":{"kind":"road_major"},"geometry":{"type":"LineString","coordinates":[[35.893183,56.860352],[35.892825,56.860191],[35.89241,56.860005],[35.891743,56.859724],[35.891595,56.859656]]}},{"type":"Feature","properties":{"kind":"road_major"},"geometry":{"type":"LineString","coordinates":[[35.879433,56.869697],[35.879346,56.869526]]}},{"type":"Feature","properties":{"kind":"road_major"},"geometry":{"type":"LineString","coordinates":[[35.878762,56.869615],[35.87817,56.869701],[35.87576,56.870054],[35.872569,56.870523],[35.872544,56.870527],[35.87037,56.870844],[35.870118,56.870881],[35.869993,56.870899],[35.869576,56.87096],[35.868724,56.871084],[35.865708,56.871548],[35.864334,56.87176],[35.862964,56.871973],[35.862295,56.872083],[35.862001,56.872131],[35.86176,56.872171],[35.861621,56.872196],[35.861363,56.872237],[35.860363,56.872402],[35.856281,56.873036],[35.855119,56.873217],[35.853862,56.873415],[35.853663,56.873443],[35.853422,56.873481],[35.852376,56.873643]]}},{"type":"Feature","properties":{"kind":"road_major"},"geometry":{"type":"LineString","coordinates":[[35.879408,56.869461],[35.879621,56.869429]]}},{"type":"Feature","properties":{"kind":"road_major"},"geometry":{"type":"LineString","coordinates":[[35.860334,56.872344],[35.861598,56.872135],[35.861731,56.872113],[35.861972,56.872073],[35.862537,56.87198],[35.862941,56.871913],[35.865682,56.871489],[35.868706,56.87103],[35.869976,56.870845],[35.870092,56.870828],[35.87035,56.870791],[35.870824,56.870722],[35.871229,56.870662],[35.871871,56.870568],[35.872409,56.87049],[35.873409,56.870346],[35.875901,56.869979],[35.877827,56.869697]]}},{"type":"Feature","properties":{"kind":"road_major"},"geometry":{"type":"LineString","coordinates":[[35.900346,56.86676],[35.900403,56.866845]]}},{"type":"Feature","properties":{"kind":"road_major"},"geometry":{"type":"LineString","coordinates":[[35.899929,56.866616],[35.90023,56.86658]]}},{"type":"Feature","properties":{"kind":"road_major"},"geometry":{"type":"LineString","coordinates":[[35.90023,56.86658],[35.900266,56.866638]]}},{"type":"Feature","properties":{"kind":"road_major"},"geometry":{"type":"LineString","coordinates":[[35.90023,56.86658],[35.900454,56.866554],[35.902671,56.866269],[35.90357,56.866154],[35.9041,56.866092],[35.905227,56.865961],[35.905599,56.86592],[35.909085,56.865535],[35.910738,56.865348]]}},{"type":"Feature","properties":{"kind":"road_major"},"geometry":{"type":"LineString","coordinates":[[35.899929,56.866616],[35.899893,56.866637],[35.899858,56.866655],[35.899813,56.866674],[35.899778,56.866686],[35.899731,56.866698]]}},{"type":"Feature","properties":{"kind":"road_major"},"geometry":{"type":"LineString","coordinates":[[35.900099,56.866391],[35.900135,56.866422],[35.900169,56.866447],[35.900206,56.866473],[35.900251,56.866495],[35.900293,56.866514],[35.900342,56.86653],[35.900395,56.866543],[35.900454,56.866554]]}},{"type":"Feature","properties":{"kind":"road"},"geometry":{"type":"LineString","coordinates":[[35.89621,56.867537],[35.896071,56.867209],[35.89606,56.867181],[35.896035,56.867123]]}},{"type":"Feature","properties":{"kind":"road"},"geometry":{"type":"LineString","coordinates":[[35.896549,56.868342],[35.896515,56.868254]]}},{"type":"Feature","properties":{"kind":"road_major"},"geometry":{"type":"LineString","coordinates":[[35.899404,56.866737],[35.899335,56.866745],[35.898076,56.866889],[35.897579,56.866946],[35.896875,56.867027],[35.896035,56.867123],[35.895825,56.867147],[35.894487,56.867311],[35.89296,56.867499],[35.892829,56.867515],[35.892509,56.867559],[35.892251,56.867596],[35.892109,56.867616],[35.890524,56.867843],[35.889758,56.867956],[35.888449,56.86815],[35.886996,56.868366],[35.886671,56.868414],[35.88663,56.86842],[35.885474,56.868595],[35.884984,56.86867],[35.882661,56.869023],[35.881559,56.869188],[35.881185,56.869247],[35.880873,56.869295],[35.879754,56.869465],[35.879646,56.869481],[35.879434,56.869513]]}},{"type":"Feature","properties":{"kind":"road_major"},"geometry":{"type":"LineString","coordinates":[[35.892485,56.867506],[35.892509,56.867559],[35.892526,56.867597]]}},{"type":"Feature","properties":{"kind":"road_major"},"geometry":{"type":"LineString","coordinates":[[35.877827,56.869697],[35.878608,56.869583],[35.878796,56.869554],[35.879408,56.869461]]}},{"type":"Feature","properties":{"kind":"road_major"},"geometry":{"type":"LineString","coordinates":[[35.879408,56.869461],[35.879434,56.869513]]}},{"type":"Feature","properties":{"kind":"road_major"},"geometry":{"type":"LineString","coordinates":[[35.879621,56.869429],[35.880542,56.869289],[35.881533,56.869137],[35.886437,56.868392],[35.886641,56.868361],[35.886966,56.868313],[35.887321,56.86826],[35.889338,56.867962],[35.890499,56.86779],[35.892223,56.867544],[35.892485,56.867506],[35.892677,56.867479],[35.895804,56.867094],[35.896105,56.86706],[35.896647,56.866997],[35.899316,56.866689],[35.899568,56.866659],[35.899929,56.866616]]}},{"type":"Feature","properties":{"kind":"road_major"},"geometry":{"type":"LineString","coordinates":[[35.900761,56.86776],[35.900795,56.867848]]}},{"type":"Feature","properties":{"kind":"road_major"},"geometry":{"type":"LineString","coordinates":[[35.879434,56.869513],[35.879346,56.869526],[35.879236,56.869543],[35.878762,56.869615]]}},{"type":"Feature","properties":{"kind":"road_major"},"geometry":{"type":"LineString","coordinates":[[35.894034,56.868636],[35.893394,56.86871],[35.893284,56.868723],[35.893071,56.86875]]}},{"type":"Feature","properties":{"kind":"road_major"},"geometry":{"type":"LineString","coordinates":[[35.900466,56.867885],[35.900029,56.867936],[35.899839,56.867957],[35.898871,56.86807],[35.898069,56.868164],[35.896715,56.868322],[35.896549,56.868342],[35.894034,56.868636]]}},{"type":"Feature","properties":{"kind":"road_major"},"geometry":{"type":"LineString","coordinates":[[35.891076,56.868956],[35.892229,56.868775],[35.892539,56.868727],[35.892692,56.868706],[35.89294,56.868672]]}},{"type":"Feature","properties":{"kind":"road_major"},"geometry":{"type":"LineString","coordinates":[[35.887278,56.869552],[35.88742,56.869529],[35.887712,56.869484],[35.888781,56.869316],[35.891076,56.868956]]}},{"type":"Feature","properties":{"kind":"road_major"},"geometry":{"type":"LineString","coordinates":[[35.89294,56.868672],[35.893071,56.86875]]}},{"type":"Feature","properties":{"kind":"road_major"},"geometry":{"type":"LineString","coordinates":[[35.897163,56.876479],[35.897103,56.876381],[35.897038,56.876276],[35.896628,56.875611],[35.896525,56.875439],[35.896509,56.875412],[35.896334,56.875121],[35.896281,56.875033],[35.896169,56.874846]]}},{"type":"Feature","properties":{"kind":"road_major"},"geometry":{"type":"LineString","coordinates":[[35.895989,56.87424],[35.89604,56.874326],[35.896113,56.874449],[35.896282,56.874731],[35.896786,56.875584],[35.897047,56.876007]]}},{"type":"Feature","properties":{"kind":"road_major"},"geometry":{"type":"LineString","coordinates":[[35.895824,56.874272],[35.895713,56.874087]]}},{"type":"Feature","properties":{"kind":"road_major"},"geometry":{"type":"LineString","coordinates":[[35.895713,56.874087],[35.89566,56.873998],[35.895199,56.873194]]}},{"type":"Feature","properties":{"kind":"road_major"},"geometry":{"type":"LineString","coordinates":[[35.896169,56.874846],[35.896046,56.874642],[35.895878,56.874361],[35.895824,56.874272]]}},{"type":"Feature","properties":{"kind":"road_major"},"geometry":{"type":"LineString","coordinates":[[35.895884,56.874063],[35.895989,56.87424]]}},{"type":"Feature","properties":{"kind":"road_major"},"geometry":{"type":"LineString","coordinates":[[35.89551,56.873424],[35.895594,56.873567],[35.895829,56.873971],[35.895884,56.874063]]}},{"type":"Feature","properties":{"kind":"road_major"},"geometry":{"type":"LineString","coordinates":[[35.89443,56.87151],[35.894669,56.871967]]}},{"type":"Feature","properties":{"kind":"road_major"},"geometry":{"type":"LineString","coordinates":[[35.894157,56.870984],[35.894197,56.871065]]}},{"type":"Feature","properties":{"kind":"road_major"},"geometry":{"type":"LineString","coordinates":[[35.89408,56.87116],[35.894043,56.871088]]}},{"type":"Feature","properties":{"kind":"road_major"},"geometry":{"type":"LineString","coordinates":[[35.895013,56.872568],[35.89551,56.873424]]}},{"type":"Feature","properties":{"kind":"road_major"},"geometry":{"type":"LineString","coordinates":[[35.894857,56.872596],[35.894814,56.872521]]}},{"type":"Feature","properties":{"kind":"road_major"},"geometry":{"type":"LineString","coordinates":[[35.895199,56.873194],[35.894857,56.872596]]}},{"type":"Feature","properties":{"kind":"road_major"},"geometry":{"type":"LineString","coordinates":[[35.894511,56.871982],[35.894281,56.871544]]}},{"type":"Feature","properties":{"kind":"road_major"},"geometry":{"type":"LineString","coordinates":[[35.894814,56.872521],[35.894562,56.872081],[35.894511,56.871982]]}},{"type":"Feature","properties":{"kind":"road_major"},"geometry":{"type":"LineString","coordinates":[[35.894715,56.872056],[35.895013,56.872568]]}},{"type":"Feature","properties":{"kind":"road_major"},"geometry":{"type":"LineString","coordinates":[[35.894669,56.871967],[35.894715,56.872056]]}},{"type":"Feature","properties":{"kind":"road_major"},"geometry":{"type":"LineString","coordinates":[[35.893455,56.869553],[35.893776,56.870197]]}},{"type":"Feature","properties":{"kind":"road_major"},"geometry":{"type":"LineString","coordinates":[[35.893776,56.870197],[35.893959,56.870575]]}},{"type":"Feature","properties":{"kind":"road_major"},"geometry":{"type":"LineString","coordinates":[[35.894197,56.871065],[35.89443,56.87151]]}},{"type":"Feature","properties":{"kind":"road"},"geometry":{"type":"LineString","coordinates":[[35.894043,56.871088],[35.893968,56.871101],[35.892405,56.871341]]}},{"type":"Feature","properties":{"kind":"road_major"},"geometry":{"type":"LineString","coordinates":[[35.893959,56.870575],[35.894157,56.870984]]}},{"type":"Feature","properties":{"kind":"road_major"},"geometry":{"type":"LineString","coordinates":[[35.893071,56.86875],[35.893125,56.868876],[35.893159,56.868956],[35.893192,56.869023],[35.893455,56.869553]]}},{"type":"Feature","properties":{"kind":"road_major"},"geometry":{"type":"LineString","coordinates":[[35.894043,56.871088],[35.893883,56.870765],[35.893772,56.870541]]}},{"type":"Feature","properties":{"kind":"road_major"},"geometry":{"type":"LineString","coordinates":[[35.894281,56.871544],[35.89408,56.87116]]}},{"type":"Feature","properties":{"kind":"road_major"},"geometry":{"type":"LineString","coordinates":[[35.892894,56.868773],[35.89294,56.868672]]}},{"type":"Feature","properties":{"kind":"road_major"},"geometry":{"type":"LineString","coordinates":[[35.893772,56.870541],[35.893611,56.870217],[35.893252,56.869495],[35.892993,56.868973],[35.892954,56.868894],[35.892894,56.868773]]}},{"type":"Feature","properties":{"kind":"road_major"},"geometry":{"type":"LineString","coordinates":[[35.914324,56.871832],[35.914109,56.87186]]}},{"type":"Feature","properties":{"kind":"road"},"geometry":{"type":"LineString","coordinates":[[35.914722,56.871787],[35.914432,56.87182],[35.914324,56.871832]]}},{"type":"Feature","properties":{"kind":"road_major"},"geometry":{"type":"LineString","coordinates":[[35.914167,56.871299],[35.914234,56.871463],[35.914277,56.87157]]}},{"type":"Feature","properties":{"kind":"road_major"},"geometry":{"type":"LineString","coordinates":[[35.914277,56.87157],[35.914324,56.871832]]}},{"type":"Feature","properties":{"kind":"road_major"},"geometry":{"type":"LineString","coordinates":[[35.914277,56.87157],[35.914296,56.871596],[35.914319,56.871622],[35.914346,56.871646],[35.914376,56.871668],[35.91441,56.87169],[35.914436,56.871703],[35.914447,56.871709],[35.914487,56.871727],[35.91453,56.871743],[35.914575,56.871756],[35.914622,56.871768],[35.914671,56.871777],[35.914722,56.871787]]}},{"type":"Feature","properties":{"kind":"road_major"},"geometry":{"type":"LineString","coordinates":[[35.912933,56.868837],[35.912855,56.868642],[35.912591,56.868001],[35.912493,56.867762],[35.912212,56.867079]]}},{"type":"Feature","properties":{"kind":"road_major"},"geometry":{"type":"LineString","coordinates":[[35.913137,56.868809],[35.913771,56.87034],[35.913795,56.8704],[35.913872,56.870585],[35.91393,56.870725],[35.914167,56.871299]]}},{"type":"Feature","properties":{"kind":"road_major"},"geometry":{"type":"LineString","coordinates":[[35.914109,56.87186],[35.914085,56.871704]]}},{"type":"Feature","properties":{"kind":"road_major"},"geometry":{"type":"LineString","coordinates":[[35.905342,56.867327],[35.905372,56.867402],[35.905527,56.867787],[35.905583,56.867927],[35.905734,56.868302],[35.905791,56.868444],[35.905861,56.868619],[35.906124,56.869273],[35.906134,56.869298],[35.906285,56.869674],[35.906297,56.869704],[35.906328,56.869782],[35.906725,56.870767],[35.906802,56.870959],[35.906914,56.871237],[35.907044,56.871562],[35.907416,56.872498],[35.907431,56.872535]]}},{"type":"Feature","properties":{"kind":"road_major"},"geometry":{"type":"LineString","coordinates":[[35.882807,56.855979],[35.883328,56.856218],[35.883429,56.856264]]}},{"type":"Feature","properties":{"kind":"road_major"},"geometry":{"type":"LineString","coordinates":[[35.884603,56.856763],[35.884052,56.856531],[35.88353,56.856311],[35.883429,56.856264]]}},{"type":"Feature","properties":{"kind":"road_major"},"geometry":{"type":"LineString","coordinates":[[35.898136,56.860188],[35.897872,56.860344]]}},{"type":"Feature","properties":{"kind":"road_major"},"geometry":{"type":"LineString","coordinates":[[35.905307,56.86724],[35.905342,56.867327]]}},{"type":"Feature","properties":{"kind":"road_major"},"geometry":{"type":"LineString","coordinates":[[35.905342,56.867327],[35.905201,56.867344],[35.904692,56.867402],[35.903352,56.867555],[35.901389,56.86778]]}},{"type":"Feature","properties":{"kind":"road_major"},"geometry":{"type":"LineString","coordinates":[[35.905307,56.86724],[35.905575,56.867209],[35.905676,56.867198],[35.909075,56.866781],[35.910098,56.866656],[35.910364,56.866623]]}},{"type":"Feature","properties":{"kind":"road_major"},"geometry":{"type":"LineString","coordinates":[[35.9286,56.874586],[35.929655,56.874493],[35.929763,56.874482],[35.92987,56.874471],[35.929979,56.874462],[35.930087,56.874455]]}},{"type":"Feature","properties":{"kind":"road_major"},"geometry":{"type":"LineString","coordinates":[[35.911619,56.865648],[35.911503,56.865384]]}},{"type":"Feature","properties":{"kind":"road_major"},"geometry":{"type":"LineString","coordinates":[[35.912549,56.86657],[35.913203,56.866656]]}},{"type":"Feature","properties":{"kind":"road_major"},"geometry":{"type":"LineString","coordinates":[[35.899929,56.866676],[35.899731,56.866698]]}},{"type":"Feature","properties":{"kind":"road_major"},"geometry":{"type":"LineString","coordinates":[[35.908903,56.860028],[35.908863,56.859946]]}},{"type":"Feature","properties":{"kind":"road_major"},"geometry":{"type":"LineString","coordinates":[[35.909137,56.859994],[35.908903,56.860028]]}},{"type":"Feature","properties":{"kind":"road_major"},"geometry":{"type":"LineString","coordinates":[[35.908863,56.859946],[35.909098,56.859911]]}},{"type":"Feature","properties":{"kind":"road_major"},"geometry":{"type":"LineString","coordinates":[[35.909098,56.859911],[35.90929,56.859883]]}},{"type":"Feature","properties":{"kind":"road_major"},"geometry":{"type":"LineString","coordinates":[[35.907434,56.860155],[35.908404,56.860013],[35.908642,56.859978],[35.908863,56.859946]]}},{"type":"Feature","properties":{"kind":"road_major"},"geometry":{"type":"LineString","coordinates":[[35.898648,56.861944],[35.898609,56.861802]]}},{"type":"Feature","properties":{"kind":"road_major"},"geometry":{"type":"LineString","coordinates":[[35.899198,56.863358],[35.899316,56.863717],[35.899317,56.863851]]}},{"type":"Feature","properties":{"kind":"road_major"},"geometry":{"type":"LineString","coordinates":[[35.898686,56.861672],[35.898743,56.861878]]}},{"type":"Feature","properties":{"kind":"road_major"},"geometry":{"type":"LineString","coordinates":[[35.898602,56.861362],[35.898651,56.861542],[35.898686,56.861672]]}},{"type":"Feature","properties":{"kind":"road_major"},"geometry":{"type":"LineString","coordinates":[[35.897912,56.861435],[35.897728,56.861453],[35.896187,56.861621],[35.896132,56.861626],[35.896078,56.86163],[35.896023,56.861633],[35.895968,56.861636],[35.895913,56.861638],[35.895858,56.861639],[35.895803,56.861639],[35.895747,56.861638],[35.895692,56.861637],[35.895637,56.861634],[35.895582,56.861631],[35.895528,56.861627],[35.895473,56.861623]]}},{"type":"Feature","properties":{"kind":"road_major"},"geometry":{"type":"LineString","coordinates":[[35.898609,56.861802],[35.898591,56.861734],[35.898559,56.861617],[35.898542,56.86155],[35.898493,56.861371]]}},{"type":"Feature","properties":{"kind":"road_major"},"geometry":{"type":"LineString","coordinates":[[35.895497,56.861561],[35.895538,56.861564],[35.895579,56.861567],[35.895621,56.86157],[35.895685,56.861573],[35.895748,56.861575],[35.895812,56.861576],[35.895876,56.861575],[35.89594,56.861574],[35.896003,56.861572],[35.896067,56.861568],[35.89613,56.861564],[35.896193,56.861558],[35.896256,56.861551],[35.896318,56.861544],[35.897962,56.861353],[35.898049,56.861343],[35.898525,56.861295]]}},{"type":"Feature","properties":{"kind":"road"},"geometry":{"type":"LineString","coordinates":[[35.884836,56.858322],[35.884898,56.858279]]}},{"type":"Feature","properties":{"kind":"road_major"},"geometry":{"type":"LineString","coordinates":[[35.88792,56.859636],[35.887738,56.85956],[35.886727,56.859126],[35.884995,56.858385],[35.884836,56.858322]]}},{"type":"Feature","properties":{"kind":"road_major"},"geometry":{"type":"LineString","coordinates":[[35.884898,56.858279],[35.885054,56.858342],[35.886802,56.859083],[35.887979,56.859595]]}},{"type":"Feature","properties":{"kind":"road"},"geometry":{"type":"LineString","coordinates":[[35.88792,56.859636],[35.887979,56.859595]]}},{"type":"Feature","properties":{"kind":"road_major"},"geometry":{"type":"LineString","coordinates":[[35.887979,56.859595],[35.888123,56.859658],[35.888129,56.859661],[35.889268,56.860131]]}},{"type":"Feature","properties":{"kind":"road_major"},"geometry":{"type":"LineString","coordinates":[[35.890253,56.860615],[35.890168,56.860579],[35.890051,56.860532],[35.889826,56.860436],[35.889209,56.860173],[35.888617,56.859926],[35.888072,56.859699],[35.88792,56.859636]]}},{"type":"Feature","properties":{"kind":"road_major"},"geometry":{"type":"LineString","coordinates":[[35.891529,56.860956],[35.892007,56.861029],[35.892183,56.861053]]}},{"type":"Feature","properties":{"kind":"road_major"},"geometry":{"type":"LineString","coordinates":[[35.891481,56.860947],[35.891529,56.860956]]}},{"type":"Feature","properties":{"kind":"road_major"},"geometry":{"type":"LineString","coordinates":[[35.891391,56.86101],[35.89132,56.860988],[35.891205,56.860958],[35.891088,56.860923],[35.890886,56.860852],[35.890733,56.860796],[35.890387,56.860663],[35.890253,56.860615]]}},{"type":"Feature","properties":{"kind":"road_major"},"geometry":{"type":"LineString","coordinates":[[35.889268,56.860131],[35.890224,56.860537],[35.890312,56.860571]]}},{"type":"Feature","properties":{"kind":"road_major"},"geometry":{"type":"LineString","coordinates":[[35.890312,56.860571],[35.890438,56.860623],[35.890715,56.860727],[35.890943,56.860807],[35.891241,56.860892],[35.891348,56.860922],[35.891481,56.860947]]}},{"type":"Feature","properties":{"kind":"road"},"geometry":{"type":"LineString","coordinates":[[35.890253,56.860615],[35.890312,56.860571]]}},{"type":"Feature","properties":{"kind":"road_major"},"geometry":{"type":"LineString","coordinates":[[35.894349,56.861423],[35.894155,56.861386],[35.893966,56.861362]]}},{"type":"Feature","properties":{"kind":"road_major"},"geometry":{"type":"LineString","coordinates":[[35.89228,56.86117],[35.892085,56.861143],[35.891854,56.861106],[35.891614,56.861059],[35.891459,56.861027],[35.891391,56.86101]]}},{"type":"Feature","properties":{"kind":"road_major"},"geometry":{"type":"LineString","coordinates":[[35.892183,56.861053],[35.892393,56.861083],[35.89399,56.86129],[35.894277,56.861334],[35.894415,56.861362]]}},{"type":"Feature","properties":{"kind":"road_major"},"geometry":{"type":"LineString","coordinates":[[35.893966,56.861362],[35.893313,56.861292],[35.892979,56.861261],[35.892534,56.861205],[35.89228,56.86117]]}},{"type":"Feature","properties":{"kind":"road_major"},"geometry":{"type":"LineString","coordinates":[[35.895721,56.861433],[35.895665,56.861413]]}},{"type":"Feature","properties":{"kind":"road_major"},"geometry":{"type":"LineString","coordinates":[[35.898493,56.861371],[35.898525,56.861295]]}},{"type":"Feature","properties":{"kind":"road_major"},"geometry":{"type":"LineString","coordinates":[[35.894415,56.861362],[35.894477,56.861374],[35.895223,56.86152],[35.895388,56.861548],[35.895497,56.861561]]}},{"type":"Feature","properties":{"kind":"road_major"},"geometry":{"type":"LineString","coordinates":[[35.895473,56.861623],[35.895342,56.861607],[35.895152,56.861578],[35.894765,56.861503],[35.894349,56.861423]]}},{"type":"Feature","properties":{"kind":"road_major"},"geometry":{"type":"LineString","coordinates":[[35.898525,56.861295],[35.899172,56.861225],[35.899375,56.861201],[35.90107,56.861005],[35.901258,56.860984],[35.902811,56.860804],[35.903805,56.860687],[35.903934,56.860671],[35.904079,56.860651],[35.904405,56.860606],[35.906058,56.860366],[35.906177,56.860346]]}},{"type":"Feature","properties":{"kind":"road_major"},"geometry":{"type":"LineString","coordinates":[[35.884836,56.858322],[35.884019,56.857996],[35.882853,56.85751],[35.882223,56.857261],[35.882073,56.857202],[35.881966,56.857161],[35.881754,56.857074],[35.879991,56.856316],[35.879582,56.85615]]}},{"type":"Feature","properties":{"kind":"road_major"},"geometry":{"type":"LineString","coordinates":[[35.876623,56.855408],[35.87661,56.855439],[35.876598,56.855462]]}},{"type":"Feature","properties":{"kind":"road_major"},"geometry":{"type":"LineString","coordinates":[[35.876047,56.855798],[35.875904,56.855786]]}},{"type":"Feature","properties":{"kind":"road_major"},"geometry":{"type":"LineString","coordinates":[[35.876228,56.855724],[35.876313,56.85573]]}},{"type":"Feature","properties":{"kind":"road_major"},"geometry":{"type":"LineString","coordinates":[[35.876457,56.85574],[35.876513,56.855744]]}},{"type":"Feature","properties":{"kind":"road_major"},"geometry":{"type":"LineString","coordinates":[[35.876499,56.855732],[35.876457,56.85574]]}},{"type":"Feature","properties":{"kind":"road_major"},"geometry":{"type":"LineString","coordinates":[[35.876457,56.85574],[35.87636,56.85576]]}},{"type":"Feature","properties":{"kind":"road_major"},"geometry":{"type":"LineString","coordinates":[[35.876313,56.85573],[35.876457,56.85574]]}},{"type":"Feature","properties":{"kind":"road_major"},"geometry":{"type":"LineString","coordinates":[[35.876956,56.855634],[35.876557,56.85572],[35.876499,56.855732]]}},{"type":"Feature","properties":{"kind":"road_major"},"geometry":{"type":"LineString","coordinates":[[35.876419,56.855632],[35.876433,56.855629]]}},{"type":"Feature","properties":{"kind":"road_major"},"geometry":{"type":"LineString","coordinates":[[35.87597,56.855707],[35.876419,56.855632]]}},{"type":"Feature","properties":{"kind":"road_major"},"geometry":{"type":"LineString","coordinates":[[35.876433,56.855629],[35.876422,56.855637]]}},{"type":"Feature","properties":{"kind":"road_major"},"geometry":{"type":"LineString","coordinates":[[35.876623,56.855408],[35.876643,56.85544],[35.876666,56.855467],[35.876682,56.855485],[35.876699,56.855499],[35.876734,56.855526],[35.876748,56.855533],[35.876764,56.855539],[35.8768,56.855547],[35.876837,56.855552],[35.876876,56.855556]]}},{"type":"Feature","properties":{"kind":"road_major"},"geometry":{"type":"LineString","coordinates":[[35.87597,56.855707],[35.876228,56.855724]]}},{"type":"Feature","properties":{"kind":"road_major"},"geometry":{"type":"LineString","coordinates":[[35.875845,56.855698],[35.87597,56.855707]]}},{"type":"Feature","properties":{"kind":"road_major"},"geometry":{"type":"LineString","coordinates":[[35.87636,56.85576],[35.876288,56.855775],[35.876262,56.85578],[35.876236,56.855785],[35.87621,56.855789],[35.876183,56.855792],[35.876156,56.855794],[35.876129,56.855796],[35.876102,56.855797],[35.876075,56.855798],[35.876047,56.855798]]}},{"type":"Feature","properties":{"kind":"road_major"},"geometry":{"type":"LineString","coordinates":[[35.876433,56.855629],[35.876876,56.855556]]}},{"type":"Feature","properties":{"kind":"road_major"},"geometry":{"type":"LineString","coordinates":[[35.875845,56.855698],[35.875944,56.85568],[35.876009,56.855666],[35.876091,56.855646],[35.876125,56.855635],[35.876158,56.855624],[35.876205,56.855607],[35.876248,56.855587],[35.876268,56.855576],[35.876287,56.855564],[35.876305,56.855553],[35.876322,56.85554],[35.876337,56.855527],[35.876351,56.855514],[35.876364,56.8555],[35.876376,56.855486],[35.876386,56.855472],[35.876394,56.855457],[35.876401,56.855442]]}},{"type":"Feature","properties":{"kind":"road"},"geometry":{"type":"LineString","coordinates":[[35.876536,56.855762],[35.876559,56.855755],[35.876582,56.855749]]}},{"type":"Feature","properties":{"kind":"road_major"},"geometry":{"type":"LineString","coordinates":[[35.876513,56.855744],[35.876582,56.855749],[35.87702,56.855778],[35.877061,56.855781]]}},{"type":"Feature","properties":{"kind":"road_major"},"geometry":{"type":"LineString","coordinates":[[35.878369,56.855994],[35.877793,56.855942]]}},{"type":"Feature","properties":{"kind":"road_major"},"geometry":{"type":"LineString","coordinates":[[35.877793,56.855942],[35.87697,56.855875],[35.876721,56.855856]]}},{"type":"Feature","properties":{"kind":"road_major"},"geometry":{"type":"LineString","coordinates":[[35.876581,56.853948],[35.87663,56.854267]]}},{"type":"Feature","properties":{"kind":"road_major"},"geometry":{"type":"LineString","coordinates":[[35.876346,56.851592],[35.876521,56.851556]]}},{"type":"Feature","properties":{"kind":"road_major"},"geometry":{"type":"LineString","coordinates":[[35.876346,56.851592],[35.87636,56.851667]]}},{"type":"Feature","properties":{"kind":"road_major"},"geometry":{"type":"LineString","coordinates":[[35.876377,56.85352],[35.876295,56.852882]]}},{"type":"Feature","properties":{"kind":"road_major"},"geometry":{"type":"LineString","coordinates":[[35.876406,56.852286],[35.876538,56.853515]]}},{"type":"Feature","properties":{"kind":"road_major"},"geometry":{"type":"LineString","coordinates":[[35.87636,56.851667],[35.876355,56.851678],[35.87635,56.851694],[35.876368,56.851952]]}},{"type":"Feature","properties":{"kind":"road_major"},"geometry":{"type":"LineString","coordinates":[[35.877388,56.851423],[35.876647,56.851535]]}},{"type":"Feature","properties":{"kind":"road_major"},"geometry":{"type":"LineString","coordinates":[[35.876278,56.851238],[35.876379,56.851378],[35.876393,56.851397],[35.87641,56.851416],[35.87643,56.851434],[35.876452,56.851451],[35.876476,56.851467],[35.876503,56.851481],[35.876528,56.851494],[35.876556,56.851506],[35.876585,56.851517],[35.876615,56.851526],[35.876647,56.851535]]}},{"type":"Feature","properties":{"kind":"road_major"},"geometry":{"type":"LineString","coordinates":[[35.876151,56.851748],[35.876179,56.851678],[35.876185,56.851668],[35.876192,56.851659],[35.876201,56.85165],[35.876211,56.851641],[35.876222,56.851633],[35.876235,56.851626],[35.876248,56.851619],[35.876262,56.851613],[35.876278,56.851607],[35.876294,56.851603],[35.876311,56.851599],[35.876346,56.851592]]}},{"type":"Feature","properties":{"kind":"road_major"},"geometry":{"type":"LineString","coordinates":[[35.876647,56.851535],[35.876587,56.851544],[35.876551,56.85155],[35.876521,56.851556]]}},{"type":"Feature","properties":{"kind":"road_major"},"geometry":{"type":"LineString","coordinates":[[35.876278,56.851238],[35.87633,56.851513],[35.876346,56.851592]]}},{"type":"Feature","properties":{"kind":"road_major"},"geometry":{"type":"LineString","coordinates":[[35.876295,56.852882],[35.876218,56.852292],[35.876151,56.851748]]}},{"type":"Feature","properties":{"kind":"road_major"},"geometry":{"type":"LineString","coordinates":[[35.876151,56.851748],[35.876154,56.851724],[35.87617,56.851552],[35.876166,56.851264],[35.876103,56.850914]]}},{"type":"Feature","properties":{"kind":"road_major"},"geometry":{"type":"LineString","coordinates":[[35.879657,56.856096],[35.882039,56.85711],[35.882146,56.857155],[35.882287,56.857214],[35.88245,56.857281],[35.884898,56.858279]]}},{"type":"Feature","properties":{"kind":"road_major"},"geometry":{"type":"LineString","coordinates":[[35.898743,56.861878],[35.898759,56.861935],[35.899198,56.863358]]}},{"type":"Feature","properties":{"kind":"road_major"},"geometry":{"type":"LineString","coordinates":[[35.911733,56.865388],[35.911808,56.865558]]}},{"type":"Feature","properties":{"kind":"road_major"},"geometry":{"type":"LineString","coordinates":[[35.91443,56.864946],[35.913844,56.865011],[35.912793,56.865132],[35.912232,56.865191]]}},{"type":"Feature","properties":{"kind":"road_major"},"geometry":{"type":"LineString","coordinates":[[35.912,56.866563],[35.91175,56.866565],[35.91126,56.866618]]}},{"type":"Feature","properties":{"kind":"road"},"geometry":{"type":"LineString","coordinates":[[35.934102,56.847488],[35.934213,56.847574]]}},{"type":"Feature","properties":{"kind":"road_major"},"geometry":{"type":"LineString","coordinates":[[35.876456,56.84879],[35.875894,56.848855]]}},{"type":"Feature","properties":{"kind":"road_major"},"geometry":{"type":"LineString","coordinates":[[35.874871,56.848654],[35.875276,56.84882],[35.875391,56.848871],[35.875463,56.848899]]}},{"type":"Feature","properties":{"kind":"road_major"},"geometry":{"type":"LineString","coordinates":[[35.898054,56.855269],[35.897721,56.855449],[35.897232,56.85577],[35.897135,56.855834]]}},{"type":"Feature","properties":{"kind":"road_major"},"geometry":{"type":"LineString","coordinates":[[35.903602,56.855201],[35.903713,56.855446]]}},{"type":"Feature","properties":{"kind":"road_major"},"geometry":{"type":"LineString","coordinates":[[35.906773,56.855065],[35.906897,56.855047]]}},{"type":"Feature","properties":{"kind":"road_major"},"geometry":{"type":"LineString","coordinates":[[35.906773,56.855065],[35.906763,56.854872]]}},{"type":"Feature","properties":{"kind":"road"},"geometry":{"type":"LineString","coordinates":[[35.903655,56.856919],[35.903735,56.856847]]}},{"type":"Feature","properties":{"kind":"road_major"},"geometry":{"type":"LineString","coordinates":[[35.90108,56.859216],[35.901723,56.859122]]}},{"type":"Feature","properties":{"kind":"road_major"},"geometry":{"type":"LineString","coordinates":[[35.900791,56.859261],[35.90108,56.859216]]}},{"type":"Feature","properties":{"kind":"road"},"geometry":{"type":"LineString","coordinates":[[35.90108,56.859216],[35.901503,56.85884]]}},{"type":"Feature","properties":{"kind":"road"},"geometry":{"type":"LineString","coordinates":[[35.902035,56.858364],[35.902251,56.858171]]}},{"type":"Feature","properties":{"kind":"road"},"geometry":{"type":"LineString","coordinates":[[35.901503,56.85884],[35.901655,56.858703],[35.902035,56.858364]]}},{"type":"Feature","properties":{"kind":"road"},"geometry":{"type":"LineString","coordinates":[[35.902859,56.858222],[35.902821,56.858129]]}},{"type":"Feature","properties":{"kind":"road_major"},"geometry":{"type":"LineString","coordinates":[[35.900387,56.859329],[35.900791,56.859261]]}},{"type":"Feature","properties":{"kind":"road_major"},"geometry":{"type":"LineString","coordinates":[[35.900146,56.858731],[35.900299,56.859123]]}},{"type":"Feature","properties":{"kind":"road_major"},"geometry":{"type":"LineString","coordinates":[[35.899569,56.858227],[35.899678,56.858275],[35.899707,56.85829],[35.899729,56.858302],[35.89976,56.85832],[35.899782,56.858334],[35.899804,56.858348],[35.899829,56.858365],[35.899852,56.85838],[35.899875,56.858396],[35.899898,56.858412],[35.89992,56.858428],[35.899942,56.858444]]}},{"type":"Feature","properties":{"kind":"road_major"},"geometry":{"type":"LineString","coordinates":[[35.897586,56.857402],[35.89881,56.857931]]}},{"type":"Feature","properties":{"kind":"road_major"},"geometry":{"type":"LineString","coordinates":[[35.903746,56.855511],[35.904259,56.855436]]}},{"type":"Feature","properties":{"kind":"road"},"geometry":{"type":"LineString","coordinates":[[35.906254,56.856436],[35.905931,56.856483],[35.905785,56.856504],[35.905518,56.856543],[35.905402,56.85656],[35.905168,56.856594],[35.904525,56.856688],[35.90435,56.856713]]}},{"type":"Feature","properties":{"kind":"road_major"},"geometry":{"type":"LineString","coordinates":[[35.906871,56.850527],[35.906885,56.850884],[35.9069,56.851267]]}},{"type":"Feature","properties":{"kind":"road_major"},"geometry":{"type":"LineString","coordinates":[[35.906974,56.853145],[35.906989,56.853529],[35.906996,56.853728],[35.907022,56.854689],[35.907025,56.854792],[35.907027,56.854871],[35.907029,56.855027]]}},{"type":"Feature","properties":{"kind":"road_major"},"geometry":{"type":"LineString","coordinates":[[35.906844,56.849712],[35.906863,56.85033],[35.906871,56.850527]]}},{"type":"Feature","properties":{"kind":"road"},"geometry":{"type":"LineString","coordinates":[[35.906844,56.849712],[35.906964,56.849712]]}},{"type":"Feature","properties":{"kind":"road_major"},"geometry":{"type":"LineString","coordinates":[[35.9069,56.851267],[35.906932,56.852083],[35.906952,56.852583],[35.906974,56.853145]]}},{"type":"Feature","properties":{"kind":"road_major"},"geometry":{"type":"LineString","coordinates":[[35.906605,56.849804],[35.906595,56.849584]]}},{"type":"Feature","properties":{"kind":"road_major"},"geometry":{"type":"LineString","coordinates":[[35.906624,56.850228],[35.906605,56.849804]]}},{"type":"Feature","properties":{"kind":"road_major"},"geometry":{"type":"LineString","coordinates":[[35.906763,56.854872],[35.906758,56.854709],[35.906675,56.852067],[35.906659,56.85135],[35.906628,56.850335],[35.906624,56.850228]]}},{"type":"Feature","properties":{"kind":"road_major"},"geometry":{"type":"LineString","coordinates":[[35.906897,56.855047],[35.907029,56.855027]]}},{"type":"Feature","properties":{"kind":"road_major"},"geometry":{"type":"LineString","coordinates":[[35.90847,56.858584],[35.908216,56.858586]]}},{"type":"Feature","properties":{"kind":"road_major"},"geometry":{"type":"LineString","coordinates":[[35.869622,56.855167],[35.870494,56.855251],[35.870692,56.85527]]}},{"type":"Feature","properties":{"kind":"road_major"},"geometry":{"type":"LineString","coordinates":[[35.868165,56.85503],[35.869622,56.855167]]}},{"type":"Feature","properties":{"kind":"road_major"},"geometry":{"type":"LineString","coordinates":[[35.872999,56.855545],[35.870663,56.855353]]}},{"type":"Feature","properties":{"kind":"road_major"},"geometry":{"type":"LineString","coordinates":[[35.908022,56.8582],[35.907688,56.857555]]}},{"type":"Feature","properties":{"kind":"road_major"},"geometry":{"type":"LineString","coordinates":[[35.90847,56.858584],[35.908536,56.858719],[35.908811,56.859298]]}},{"type":"Feature","properties":{"kind":"road_major"},"geometry":{"type":"LineString","coordinates":[[35.90619,56.848085],[35.906845,56.847972]]}},{"type":"Feature","properties":{"kind":"road_major"},"geometry":{"type":"LineString","coordinates":[[35.905989,56.848199],[35.905943,56.848118]]}},{"type":"Feature","properties":{"kind":"road_major"},"geometry":{"type":"LineString","coordinates":[[35.905731,56.847682],[35.90565,56.847536]]}},{"type":"Feature","properties":{"kind":"road_major"},"geometry":{"type":"LineString","coordinates":[[35.904278,56.848367],[35.903796,56.848388]]}},{"type":"Feature","properties":{"kind":"road_major"},"geometry":{"type":"LineString","coordinates":[[35.924845,56.849518],[35.926315,56.849542],[35.926619,56.849527],[35.927151,56.849495]]}},{"type":"Feature","properties":{"kind":"road_major"},"geometry":{"type":"LineString","coordinates":[[35.927189,56.849597],[35.92663,56.849631],[35.926355,56.849643],[35.925022,56.84965]]}},{"type":"Feature","properties":{"kind":"road_major"},"geometry":{"type":"LineString","coordinates":[[35.922683,56.857915],[35.922921,56.85788]]}},{"type":"Feature","properties":{"kind":"road_major"},"geometry":{"type":"LineString","coordinates":[[35.925325,56.857616],[35.925053,56.857656],[35.924514,56.857735]]}},{"type":"Feature","properties":{"kind":"road_major"},"geometry":{"type":"LineString","coordinates":[[35.926054,56.85742],[35.927128,56.857261]]}},{"type":"Feature","properties":{"kind":"road_major"},"geometry":{"type":"LineString","coordinates":[[35.927191,56.857345],[35.926089,56.857503]]}},{"type":"Feature","properties":{"kind":"road"},"geometry":{"type":"LineString","coordinates":[[35.900764,56.857354],[35.900722,56.857432],[35.900486,56.858024],[35.900328,56.858418],[35.900307,56.858469]]}},{"type":"Feature","properties":{"kind":"road_major"},"geometry":{"type":"LineString","coordinates":[[35.887845,56.846085],[35.887837,56.846046],[35.887763,56.845692],[35.887555,56.844637],[35.887465,56.84423],[35.887445,56.844136],[35.886913,56.841523]]}},{"type":"Feature","properties":{"kind":"road_major"},"geometry":{"type":"LineString","coordinates":[[35.926952,56.855983],[35.926732,56.855521]]}},{"type":"Feature","properties":{"kind":"road"},"geometry":{"type":"LineString","coordinates":[[35.912443,56.854181],[35.912241,56.85377],[35.912164,56.853614],[35.911888,56.853051],[35.911873,56.853021]]}},{"type":"Feature","properties":{"kind":"road_major"},"geometry":{"type":"LineString","coordinates":[[35.898525,56.861295],[35.898602,56.861362]]}},{"type":"Feature","properties":{"kind":"road"},"geometry":{"type":"LineString","coordinates":[[35.871429,56.863104],[35.871726,56.86275],[35.871823,56.862619],[35.872215,56.862202],[35.8733,56.861375]]}},{"type":"Feature","properties":{"kind":"road_major"},"geometry":{"type":"LineString","coordinates":[[35.875894,56.848855],[35.87585,56.848865],[35.875808,56.848878],[35.875769,56.848893],[35.875733,56.84891],[35.875701,56.84893],[35.875674,56.848951]]}},{"type":"Feature","properties":{"kind":"road_major"},"geometry":{"type":"LineString","coordinates":[[35.924667,56.866399],[35.92455,56.866104],[35.924456,56.865865],[35.924237,56.865313],[35.924193,56.865203]]}},{"type":"Feature","properties":{"kind":"road_major"},"geometry":{"type":"LineString","coordinates":[[35.924237,56.865313],[35.92425,56.865304],[35.924264,56.865296],[35.924278,56.865288],[35.924294,56.86528],[35.924311,56.865273],[35.924328,56.865267],[35.924346,56.865261],[35.924365,56.865256],[35.924384,56.865252],[35.924404,56.865248],[35.924424,56.865245],[35.924444,56.865243],[35.924465,56.865241],[35.924486,56.86524],[35.924507,56.86524]]}},{"type":"Feature","properties":{"kind":"road_major"},"geometry":{"type":"LineString","coordinates":[[35.915182,56.86694],[35.91608,56.867049],[35.916201,56.867064],[35.916323,56.867078],[35.916445,56.867092],[35.916567,56.867105],[35.91669,56.867117],[35.916812,56.867129],[35.916935,56.86714],[35.917058,56.86715],[35.917181,56.86716],[35.917304,56.867169],[35.917428,56.867178],[35.917551,56.867186],[35.917675,56.867193],[35.917799,56.8672],[35.917923,56.867206],[35.918047,56.867212],[35.918171,56.867216],[35.923989,56.867413]]}},{"type":"Feature","properties":{"kind":"road_major"},"geometry":{"type":"LineString","coordinates":[[35.91128,56.865341],[35.911013,56.865376],[35.910703,56.865412]]}},{"type":"Feature","properties":{"kind":"road_major"},"geometry":{"type":"LineString","coordinates":[[35.925193,56.867432],[35.925232,56.867508]]}},{"type":"Feature","properties":{"kind":"road_major"},"geometry":{"type":"LineString","coordinates":[[35.925573,56.867517],[35.925232,56.867508]]}},{"type":"Feature","properties":{"kind":"road_major"},"geometry":{"type":"LineString","coordinates":[[35.92429,56.867481],[35.92431,56.867418]]}},{"type":"Feature","properties":{"kind":"road_major"},"geometry":{"type":"LineString","coordinates":[[35.92429,56.867481],[35.924091,56.867475],[35.924042,56.867474],[35.923979,56.867472]]}},{"type":"Feature","properties":{"kind":"road_major"},"geometry":{"type":"LineString","coordinates":[[35.92431,56.867418],[35.924462,56.867421],[35.925193,56.867432]]}},{"type":"Feature","properties":{"kind":"road_major"},"geometry":{"type":"LineString","coordinates":[[35.915156,56.866992],[35.914797,56.866943],[35.913894,56.866822]]}},{"type":"Feature","properties":{"kind":"road_major"},"geometry":{"type":"LineString","coordinates":[[35.923989,56.867413],[35.924052,56.867415],[35.924101,56.867415],[35.92431,56.867418]]}},{"type":"Feature","properties":{"kind":"road_major"},"geometry":{"type":"LineString","coordinates":[[35.912084,56.866767],[35.912,56.866563]]}},{"type":"Feature","properties":{"kind":"road_major"},"geometry":{"type":"LineString","coordinates":[[35.92431,56.867418],[35.924358,56.86728],[35.924368,56.867254]]}},{"type":"Feature","properties":{"kind":"road_major"},"geometry":{"type":"LineString","coordinates":[[35.908115,56.857865],[35.908322,56.858288],[35.908389,56.858424],[35.90842,56.858486],[35.90847,56.858584]]}},{"type":"Feature","properties":{"kind":"road_major"},"geometry":{"type":"LineString","coordinates":[[35.907463,56.857081],[35.907102,56.856308]]}},{"type":"Feature","properties":{"kind":"road"},"geometry":{"type":"LineString","coordinates":[[35.907935,56.856185],[35.90751,56.856246]]}},{"type":"Feature","properties":{"kind":"road"},"geometry":{"type":"LineString","coordinates":[[35.907102,56.856308],[35.906933,56.856333],[35.906601,56.856383],[35.906518,56.856396],[35.906254,56.856436]]}},{"type":"Feature","properties":{"kind":"road_major"},"geometry":{"type":"LineString","coordinates":[[35.906809,56.855596],[35.906806,56.855581],[35.906803,56.855567],[35.9068,56.855553],[35.906798,56.855539],[35.906796,56.855525],[35.906795,56.85551],[35.906781,56.855254],[35.906776,56.855161],[35.906773,56.855065]]}},{"type":"Feature","properties":{"kind":"road_major"},"geometry":{"type":"LineString","coordinates":[[35.876876,56.855556],[35.876904,56.855552],[35.877517,56.85547]]}},{"type":"Feature","properties":{"kind":"road"},"geometry":{"type":"LineString","coordinates":[[35.86487,56.860219],[35.865587,56.860287],[35.866964,56.860415]]}},{"type":"Feature","properties":{"kind":"road_major"},"geometry":{"type":"LineString","coordinates":[[35.903796,56.848388],[35.903263,56.848365]]}},{"type":"Feature","properties":{"kind":"road_major"},"geometry":{"type":"LineString","coordinates":[[35.909931,56.8723],[35.909956,56.872309],[35.909982,56.872316],[35.910008,56.872323],[35.910036,56.872329],[35.910063,56.872335],[35.910092,56.872339],[35.910121,56.872342],[35.91015,56.872344],[35.910179,56.872346],[35.910209,56.872346],[35.910238,56.872345],[35.911343,56.872206],[35.91191,56.872135],[35.912142,56.872109],[35.91234,56.872082]]}},{"type":"Feature","properties":{"kind":"road"},"geometry":{"type":"LineString","coordinates":[[35.896496,56.866315],[35.896512,56.866382]]}},{"type":"Feature","properties":{"kind":"road"},"geometry":{"type":"LineString","coordinates":[[35.883533,56.874964],[35.883223,56.874366],[35.882784,56.873521],[35.882534,56.873451]]}},{"type":"Feature","properties":{"kind":"road_major"},"geometry":{"type":"LineString","coordinates":[[35.879894,56.870602],[35.879626,56.870077]]}},{"type":"Feature","properties":{"kind":"road_major"},"geometry":{"type":"LineString","coordinates":[[35.879568,56.869776],[35.879868,56.870365],[35.879984,56.870592]]}},{"type":"Feature","properties":{"kind":"road_major"},"geometry":{"type":"LineString","coordinates":[[35.908903,56.860028],[35.908682,56.860061],[35.908059,56.860152]]}},{"type":"Feature","properties":{"kind":"road_major"},"geometry":{"type":"LineString","coordinates":[[35.917895,56.858781],[35.91787,56.85881]]}},{"type":"Feature","properties":{"kind":"road_major"},"geometry":{"type":"LineString","coordinates":[[35.917972,56.858696],[35.917895,56.858781]]}},{"type":"Feature","properties":{"kind":"road"},"geometry":{"type":"LineString","coordinates":[[35.884533,56.862933],[35.884528,56.862889],[35.88447,56.862361],[35.884453,56.862223],[35.884458,56.862198],[35.88447,56.862173],[35.884488,56.862149],[35.884513,56.862127]]}},{"type":"Feature","properties":{"kind":"road_major"},"geometry":{"type":"LineString","coordinates":[[35.875614,56.84908],[35.87567,56.849365],[35.875753,56.849693],[35.875856,56.850004],[35.876103,56.850914]]}},{"type":"Feature","properties":{"kind":"road"},"geometry":{"type":"LineString","coordinates":[[35.901648,56.863473],[35.900018,56.863882],[35.899912,56.863878]]}},{"type":"Feature","properties":{"kind":"road"},"geometry":{"type":"LineString","coordinates":[[35.901946,56.863398],[35.901648,56.863473]]}},{"type":"Feature","properties":{"kind":"road"},"geometry":{"type":"LineString","coordinates":[[35.903535,56.862945],[35.903503,56.863001],[35.902909,56.863156],[35.901946,56.863398]]}},{"type":"Feature","properties":{"kind":"road"},"geometry":{"type":"LineString","coordinates":[[35.922842,56.86922],[35.923254,56.869247],[35.923559,56.869255],[35.923806,56.869234],[35.924043,56.869174]]}},{"type":"Feature","properties":{"kind":"road"},"geometry":{"type":"LineString","coordinates":[[35.924043,56.869174],[35.925239,56.86931]]}},{"type":"Feature","properties":{"kind":"road"},"geometry":{"type":"LineString","coordinates":[[35.925239,56.86931],[35.926026,56.8694],[35.926134,56.869405]]}},{"type":"Feature","properties":{"kind":"road_major"},"geometry":{"type":"LineString","coordinates":[[35.909098,56.859911],[35.909137,56.859994]]}},{"type":"Feature","properties":{"kind":"road_major"},"geometry":{"type":"LineString","coordinates":[[35.923167,56.849632],[35.923274,56.84985],[35.923307,56.849904],[35.923436,56.850108],[35.924071,56.851148]]}},{"type":"Feature","properties":{"kind":"road_major"},"geometry":{"type":"LineString","coordinates":[[35.923167,56.849632],[35.923083,56.849606],[35.922993,56.849578]]}},{"type":"Feature","properties":{"kind":"road_major"},"geometry":{"type":"LineString","coordinates":[[35.907758,56.867034],[35.906147,56.867232],[35.90582,56.867272],[35.90572,56.867284],[35.905701,56.867286],[35.905342,56.867327]]}},{"type":"Feature","properties":{"kind":"road_major"},"geometry":{"type":"LineString","coordinates":[[35.904558,56.867325],[35.904865,56.86729],[35.905084,56.867265],[35.905189,56.867253],[35.905307,56.86724]]}},{"type":"Feature","properties":{"kind":"road_major"},"geometry":{"type":"LineString","coordinates":[[35.908863,56.859946],[35.908829,56.859873],[35.90874,56.859687],[35.908587,56.859364]]}},{"type":"Feature","properties":{"kind":"road_major"},"geometry":{"type":"LineString","coordinates":[[35.922275,56.848431],[35.92161,56.84737],[35.921476,56.847163],[35.921318,56.846954],[35.921145,56.846757],[35.92102,56.846625],[35.92092,56.846521],[35.919961,56.845762],[35.919018,56.845019]]}},{"type":"Feature","properties":{"kind":"road_major"},"geometry":{"type":"LineString","coordinates":[[35.922433,56.848414],[35.922523,56.84855]]}},{"type":"Feature","properties":{"kind":"road"},"geometry":{"type":"LineString","coordinates":[[35.91336,56.846259],[35.913464,56.846336]]}},{"type":"Feature","properties":{"kind":"road"},"geometry":{"type":"LineString","coordinates":[[35.928205,56.857207],[35.928561,56.857154]]}},{"type":"Feature","properties":{"kind":"road"},"geometry":{"type":"LineString","coordinates":[[35.921641,56.857335],[35.921729,56.85733],[35.921833,56.85733],[35.921931,56.857329],[35.922027,56.857334],[35.922123,56.857343],[35.922216,56.857358],[35.922306,56.857378],[35.922392,56.857402],[35.922474,56.857431],[35.922549,56.857464],[35.922619,56.857501],[35.922682,56.857541],[35.922737,56.857585],[35.922784,56.857631],[35.922822,56.85768],[35.922852,56.857731],[35.922872,56.857782],[35.922882,56.857803],[35.922921,56.85788]]}},{"type":"Feature","properties":{"kind":"road"},"geometry":{"type":"LineString","coordinates":[[35.914843,56.859067],[35.914823,56.859027],[35.914643,56.858661],[35.914589,56.858551]]}},{"type":"Feature","properties":{"kind":"road_major"},"geometry":{"type":"LineString","coordinates":[[35.914843,56.859067],[35.915053,56.859036],[35.915282,56.859003],[35.916422,56.858835],[35.916587,56.858811],[35.91723,56.858716],[35.917625,56.858658]]}},{"type":"Feature","properties":{"kind":"road"},"geometry":{"type":"LineString","coordinates":[[35.915042,56.871751],[35.914722,56.871787]]}},{"type":"Feature","properties":{"kind":"road"},"geometry":{"type":"LineString","coordinates":[[35.915117,56.871742],[35.915042,56.871751]]}},{"type":"Feature","properties":{"kind":"road_major"},"geometry":{"type":"LineString","coordinates":[[35.907524,56.872772],[35.907544,56.872822],[35.907566,56.872878],[35.907582,56.87292],[35.907623,56.873022],[35.907763,56.873379],[35.907882,56.873681],[35.908009,56.874003],[35.908062,56.874137],[35.908111,56.874262],[35.908117,56.874278],[35.908174,56.874421],[35.908341,56.874846],[35.908368,56.874912],[35.908385,56.874957],[35.908714,56.875792],[35.908997,56.876509],[35.909025,56.876579],[35.909109,56.876793],[35.909135,56.876859],[35.909219,56.877059]]}},{"type":"Feature","properties":{"kind":"road_major"},"geometry":{"type":"LineString","coordinates":[[35.875674,56.848951],[35.875657,56.848968],[35.875643,56.848986],[35.875631,56.849004],[35.875623,56.849022],[35.875617,56.849041],[35.875614,56.849061],[35.875614,56.84908]]}},{"type":"Feature","properties":{"kind":"road_major"},"geometry":{"type":"LineString","coordinates":[[35.875894,56.848855],[35.875463,56.848899]]}},{"type":"Feature","properties":{"kind":"road"},"geometry":{"type":"LineString","coordinates":[[35.920696,56.845577],[35.920583,56.845628],[35.920258,56.845753],[35.92019,56.84578]]}},{"type":"Feature","properties":{"kind":"road"},"geometry":{"type":"LineString","coordinates":[[35.920522,56.84557],[35.920644,56.845537],[35.920787,56.845512]]}},{"type":"Feature","properties":{"kind":"road"},"geometry":{"type":"LineString","coordinates":[[35.920839,56.845492],[35.921388,56.845279],[35.921868,56.845093],[35.921994,56.845044],[35.922643,56.844792],[35.923139,56.8446],[35.923193,56.844579],[35.924824,56.843946],[35.924983,56.843884],[35.925119,56.843832],[35.925318,56.843754],[35.92536,56.843738],[35.925824,56.843558],[35.926038,56.843475],[35.92669,56.843222],[35.927224,56.843015],[35.927826,56.842781],[35.927913,56.842748],[35.928007,56.842711],[35.928469,56.842532],[35.928946,56.842347],[35.929539,56.842117],[35.930679,56.841674],[35.931018,56.841543],[35.931598,56.841318],[35.931655,56.841296]]}},{"type":"Feature","properties":{"kind":"road_major"},"geometry":{"type":"LineString","coordinates":[[35.900795,56.867848],[35.900466,56.867885]]}},{"type":"Feature","properties":{"kind":"road_major"},"geometry":{"type":"LineString","coordinates":[[35.901389,56.86778],[35.901136,56.867809],[35.90106,56.867818],[35.900795,56.867848]]}},{"type":"Feature","properties":{"kind":"road_major"},"geometry":{"type":"LineString","coordinates":[[35.918796,56.860858],[35.91867,56.860878],[35.917824,56.861021],[35.917451,56.861084],[35.917063,56.86115],[35.916707,56.861209],[35.916326,56.861275],[35.915957,56.861335],[35.9159,56.861345],[35.915686,56.86138],[35.915194,56.861452],[35.914719,56.861521],[35.91428,56.861577],[35.91381,56.86163],[35.913539,56.861663],[35.913056,56.861723],[35.912989,56.861732],[35.912897,56.86174],[35.911791,56.861841],[35.911559,56.861863],[35.911097,56.861908],[35.910326,56.861989],[35.91022,56.862001]]}},{"type":"Feature","properties":{"kind":"road_major"},"geometry":{"type":"LineString","coordinates":[[35.918672,56.860616],[35.91876,56.860788],[35.918796,56.860858]]}},{"type":"Feature","properties":{"kind":"road_major"},"geometry":{"type":"LineString","coordinates":[[35.890612,56.875031],[35.890702,56.875179]]}},{"type":"Feature","properties":{"kind":"road_major"},"geometry":{"type":"LineString","coordinates":[[35.890702,56.875179],[35.890731,56.875226],[35.890845,56.875413],[35.891098,56.87583],[35.891677,56.876782],[35.891707,56.876832],[35.892004,56.87732],[35.892463,56.878076],[35.892804,56.878636],[35.892817,56.878657],[35.893121,56.879157],[35.893275,56.879411],[35.893321,56.879486]]}},{"type":"Feature","properties":{"kind":"road_major"},"geometry":{"type":"LineString","coordinates":[[35.903713,56.855446],[35.903746,56.855511]]}},{"type":"Feature","properties":{"kind":"road_major"},"geometry":{"type":"LineString","coordinates":[[35.922921,56.85788],[35.923063,56.857859],[35.924479,56.857651]]}},{"type":"Feature","properties":{"kind":"road_major"},"geometry":{"type":"LineString","coordinates":[[35.907335,56.856274],[35.907568,56.85675]]}},{"type":"Feature","properties":{"kind":"road_major"},"geometry":{"type":"LineString","coordinates":[[35.906177,56.860346],[35.906299,56.860326],[35.907123,56.860202],[35.907434,56.860155]]}},{"type":"Feature","properties":{"kind":"road_major"},"geometry":{"type":"LineString","coordinates":[[35.906341,56.860408],[35.906213,56.860424]]}},{"type":"Feature","properties":{"kind":"road_major"},"geometry":{"type":"LineString","coordinates":[[35.906213,56.860424],[35.906097,56.860439],[35.90572,56.86049],[35.904107,56.860711],[35.90396,56.86073],[35.903828,56.860747],[35.902838,56.860868],[35.901281,56.861046],[35.901098,56.861066],[35.900929,56.861087],[35.899471,56.861261],[35.899202,56.861294],[35.899018,56.861316],[35.898602,56.861362],[35.898493,56.861371],[35.89807,56.861417],[35.897912,56.861435]]}},{"type":"Feature","properties":{"kind":"road_major"},"geometry":{"type":"LineString","coordinates":[[35.906066,56.860126],[35.906154,56.8603],[35.906177,56.860346]]}},{"type":"Feature","properties":{"kind":"road_major"},"geometry":{"type":"LineString","coordinates":[[35.903276,56.858905],[35.903469,56.858878],[35.90368,56.858848]]}},{"type":"Feature","properties":{"kind":"road"},"geometry":{"type":"LineString","coordinates":[[35.903731,56.858946],[35.903997,56.859508],[35.904203,56.859928],[35.904201,56.860001],[35.904198,56.860039],[35.90423,56.860218],[35.904377,56.860546],[35.904405,56.860606]]}},{"type":"Feature","properties":{"kind":"road_major"},"geometry":{"type":"LineString","coordinates":[[35.90368,56.858848],[35.905071,56.858651],[35.905307,56.858617]]}},{"type":"Feature","properties":{"kind":"building","h":9.0},"geometry":{"type":"Polygon","coordinates":[[[35.917788,56.86789],[35.917818,56.867665],[35.918087,56.867675],[35.918057,56.867901],[35.917788,56.86789]]]}},{"type":"Feature","properties":{"kind":"building","h":27.0},"geometry":{"type":"Polygon","coordinates":[[[35.907001,56.869684],[35.906805,56.869242],[35.906996,56.869216],[35.907193,56.869659],[35.907001,56.869684]]]}},{"type":"Feature","properties":{"kind":"building","h":18.0},"geometry":{"type":"Polygon","coordinates":[[[35.896587,56.856724],[35.896813,56.856565],[35.896734,56.856532],[35.897029,56.856324],[35.897087,56.856349],[35.897059,56.856369],[35.897533,56.856571],[35.897619,56.856511],[35.897695,56.856543],[35.89761,56.856603],[35.897712,56.856646],[35.897669,56.856676],[35.897873,56.856763],[35.897668,56.856908],[35.897456,56.856818],[35.89721,56.856991],[35.896726,56.856785],[35.896656,56.856834],[35.896577,56.856801],[35.896648,56.85675],[35.896587,56.856724]]]}},{"type":"Feature","properties":{"kind":"building","h":6.0},"geometry":{"type":"Polygon","coordinates":[[[35.901384,56.861864],[35.901109,56.861146],[35.902176,56.861024],[35.902451,56.861741],[35.902272,56.861762],[35.902054,56.861194],[35.901343,56.861275],[35.901561,56.861844],[35.901384,56.861864]]]}},{"type":"Feature","properties":{"kind":"building","h":9.0},"geometry":{"type":"Polygon","coordinates":[[[35.899124,56.861885],[35.899189,56.861883],[35.899183,56.861848],[35.89939,56.861838],[35.899395,56.861874],[35.899464,56.861872],[35.899479,56.861983],[35.899421,56.861986],[35.899428,56.862024],[35.899407,56.862025],[35.89944,56.862186],[35.89947,56.862184],[35.899496,56.8623],[35.899482,56.8623],[35.899527,56.862386],[35.899587,56.862386],[35.899659,56.862415],[35.899675,56.86245],[35.900209,56.86242],[35.900217,56.862385],[35.900266,56.862356],[35.90031,56.862352],[35.900279,56.862252],[35.900249,56.862254],[35.900222,56.862138],[35.90025,56.862136],[35.900204,56.861972],[35.900183,56.861973],[35.900176,56.861934],[35.900112,56.861937],[35.900089,56.861824],[35.900155,56.86182],[35.900151,56.861784],[35.900351,56.861773],[35.900358,56.86181],[35.900427,56.861805],[35.90045,56.861917],[35.900385,56.861921],[35.900391,56.86196],[35.900376,56.861961],[35.900435,56.862159],[35.900523,56.862549],[35.899444,56.862616],[35.899316,56.862348],[35.899281,56.862267],[35.899239,56.862036],[35.899217,56.862037],[35.89921,56.861995],[35.899141,56.861998],[35.899124,56.861885]]]}},{"type":"Feature","properties":{"kind":"building","h":15.0},"geometry":{"type":"Polygon","coordinates":[[[35.912416,56.866254],[35.912077,56.865355],[35.912606,56.865296],[35.912657,56.865431],[35.912509,56.865448],[35.912498,56.865419],[35.912318,56.86544],[35.912579,56.866134],[35.912736,56.866116],[35.91273,56.8661],[35.912866,56.866085],[35.912909,56.866199],[35.912416,56.866254]]]}},{"type":"Feature","properties":{"kind":"building","h":9.0},"geometry":{"type":"Polygon","coordinates":[[[35.913802,56.868467],[35.914009,56.868442],[35.913987,56.868388],[35.913838,56.868406],[35.913739,56.868166],[35.914406,56.868083],[35.914487,56.868281],[35.914681,56.868257],[35.914558,56.86796],[35.913429,56.868099],[35.913509,56.868294],[35.913578,56.868461],[35.913789,56.868435],[35.913802,56.868467]]]}},{"type":"Feature","properties":{"kind":"building","h":15.0},"geometry":{"type":"Polygon","coordinates":[[[35.913683,56.865948],[35.913892,56.865922],[35.913692,56.865426],[35.913483,56.865451],[35.913683,56.865948]]]}},{"type":"Feature","properties":{"kind":"building","h":15.0},"geometry":{"type":"Polygon","coordinates":[[[35.916216,56.865606],[35.916435,56.86558],[35.916248,56.865106],[35.916028,56.865131],[35.916216,56.865606]]]}},{"type":"Feature","properties":{"kind":"building","h":15.0},"geometry":{"type":"Polygon","coordinates":[[[35.91145,56.866289],[35.911495,56.866402],[35.911432,56.86641],[35.910807,56.866485],[35.910799,56.866466],[35.910762,56.866371],[35.911386,56.866297],[35.91145,56.866289]]]}},{"type":"Feature","properties":{"kind":"building","h":15.0},"geometry":{"type":"Polygon","coordinates":[[[35.912383,56.868794],[35.912643,56.868763],[35.912368,56.868073],[35.912109,56.868103],[35.912383,56.868794]]]}},{"type":"Feature","properties":{"kind":"building","h":6.0},"geometry":{"type":"Polygon","coordinates":[[[35.893966,56.863607],[35.89407,56.863599],[35.894076,56.863619],[35.89409,56.863618],[35.894101,56.863623],[35.894104,56.863629],[35.894096,56.863636],[35.894079,56.863637],[35.894085,56.863659],[35.893983,56.863668],[35.893966,56.863607]]]}},{"type":"Feature","properties":{"kind":"building","h":12.0},"geometry":{"type":"Polygon","coordinates":[[[35.909452,56.861959],[35.90915,56.861988],[35.909128,56.861943],[35.908794,56.861966],[35.908803,56.862017],[35.908434,56.862043],[35.908402,56.862039],[35.908372,56.862032],[35.908347,56.86202],[35.908328,56.862005],[35.908317,56.861988],[35.908314,56.86197],[35.90832,56.861953],[35.908333,56.861936],[35.908355,56.861923],[35.908381,56.861912],[35.908412,56.861906],[35.908742,56.861882],[35.908729,56.861826],[35.909137,56.861794],[35.909162,56.861864],[35.90926,56.861858],[35.909164,56.861685],[35.909394,56.861622],[35.90953,56.861928],[35.909523,56.861936],[35.909513,56.861944],[35.9095,56.86195],[35.909486,56.861955],[35.909469,56.861958],[35.909452,56.861959]]]}},{"type":"Feature","properties":{"kind":"building","h":15.0},"geometry":{"type":"Polygon","coordinates":[[[35.913104,56.865383],[35.913066,56.865278],[35.913709,56.865209],[35.913747,56.865314],[35.913104,56.865383]]]}},{"type":"Feature","properties":{"kind":"building","h":6.0},"geometry":{"type":"Polygon","coordinates":[[[35.917455,56.865499],[35.917656,56.865476],[35.917488,56.865031],[35.917287,56.865054],[35.917455,56.865499]]]}},{"type":"Feature","properties":{"kind":"building","h":15.0},"geometry":{"type":"Polygon","coordinates":[[[35.916132,56.865011],[35.916095,56.864906],[35.916639,56.864846],[35.916676,56.864951],[35.916132,56.865011]]]}},{"type":"Feature","properties":{"kind":"building","h":15.0},"geometry":{"type":"Polygon","coordinates":[[[35.913405,56.866178],[35.913367,56.866072],[35.913917,56.866014],[35.913955,56.86612],[35.913405,56.866178]]]}},{"type":"Feature","properties":{"kind":"building","h":15.0},"geometry":{"type":"Polygon","coordinates":[[[35.916415,56.865831],[35.916378,56.865726],[35.916922,56.865666],[35.916959,56.865771],[35.916415,56.865831]]]}},{"type":"Feature","properties":{"kind":"building","h":27.0},"geometry":{"type":"Polygon","coordinates":[[[35.911954,56.86805],[35.912213,56.868017],[35.911709,56.86684],[35.911446,56.86687],[35.911954,56.86805]]]}},{"type":"Feature","properties":{"kind":"building","h":6.0},"geometry":{"type":"Polygon","coordinates":[[[35.880574,56.851515],[35.880472,56.851307],[35.880139,56.851356],[35.880197,56.851474],[35.880029,56.851499],[35.879891,56.851218],[35.880859,56.851076],[35.881041,56.851447],[35.880574,56.851515]]]}},{"type":"Feature","properties":{"kind":"building","h":15.0},"geometry":{"type":"Polygon","coordinates":[[[35.881483,56.851881],[35.881192,56.85132],[35.881309,56.851302],[35.881441,56.851282],[35.881732,56.851843],[35.881483,56.851881]]]}},{"type":"Feature","properties":{"kind":"building","h":15.0},"geometry":{"type":"Polygon","coordinates":[[[35.882615,56.851702],[35.882324,56.851141],[35.882433,56.851124],[35.882572,56.851103],[35.882863,56.851664],[35.882615,56.851702]]]}},{"type":"Feature","properties":{"kind":"building","h":15.0},"geometry":{"type":"Polygon","coordinates":[[[35.882073,56.851794],[35.881782,56.851234],[35.881894,56.851216],[35.882031,56.851195],[35.882321,56.851756],[35.882073,56.851794]]]}},{"type":"Feature","properties":{"kind":"building","h":15.0},"geometry":{"type":"Polygon","coordinates":[[[35.880429,56.851816],[35.880678,56.851776],[35.880905,56.852193],[35.880656,56.852233],[35.880429,56.851816]]]}},{"type":"Feature","properties":{"kind":"building","h":15.0},"geometry":{"type":"Polygon","coordinates":[[[35.87946,56.85196],[35.879709,56.85192],[35.880011,56.852489],[35.879761,56.852529],[35.87946,56.85196]]]}},{"type":"Feature","properties":{"kind":"building","h":9.0},"geometry":{"type":"Polygon","coordinates":[[[35.88124,56.852624],[35.881716,56.852553],[35.881672,56.852466],[35.880993,56.852566],[35.881113,56.852809],[35.881317,56.852778],[35.88124,56.852624]]]}},{"type":"Feature","properties":{"kind":"building","h":12.0},"geometry":{"type":"Polygon","coordinates":[[[35.883718,56.850985],[35.883606,56.850764],[35.883185,56.850828],[35.883291,56.851036],[35.883062,56.851071],[35.882897,56.850748],[35.883772,56.850614],[35.883944,56.85095],[35.883718,56.850985]]]}},{"type":"Feature","properties":{"kind":"building","h":9.0},"geometry":{"type":"Polygon","coordinates":[[[35.880214,56.852367],[35.880464,56.852331],[35.880552,56.852513],[35.880302,56.85255],[35.880214,56.852367]]]}},{"type":"Feature","properties":{"kind":"building","h":9.0},"geometry":{"type":"Polygon","coordinates":[[[35.908152,56.860627],[35.90829,56.860941],[35.907389,56.861059],[35.907372,56.86102],[35.907106,56.861055],[35.907095,56.861028],[35.906777,56.86107],[35.906708,56.860911],[35.907056,56.860865],[35.907033,56.860812],[35.907308,56.860776],[35.907292,56.86074],[35.908152,56.860627]]]}},{"type":"Feature","properties":{"kind":"building","h":12.0},"geometry":{"type":"Polygon","coordinates":[[[35.906835,56.861243],[35.907041,56.861215],[35.907318,56.861825],[35.907927,56.861656],[35.908024,56.861746],[35.90724,56.861974],[35.907217,56.861976],[35.907195,56.861974],[35.907175,56.861968],[35.907159,56.861959],[35.907149,56.861948],[35.906835,56.861243]]]}},{"type":"Feature","properties":{"kind":"building","h":12.0},"geometry":{"type":"Polygon","coordinates":[[[35.908141,56.860212],[35.908202,56.860336],[35.908506,56.860288],[35.908915,56.861129],[35.908946,56.86119],[35.908913,56.861304],[35.908853,56.861326],[35.908463,56.86147],[35.90855,56.861552],[35.90894,56.861406],[35.909078,56.861353],[35.90915,56.861206],[35.909097,56.861098],[35.908626,56.860137],[35.908141,56.860212]]]}},{"type":"Feature","properties":{"kind":"building","h":9.0},"geometry":{"type":"Polygon","coordinates":[[[35.906619,56.860739],[35.906791,56.860714],[35.906713,56.860553],[35.906652,56.860429],[35.90648,56.860455],[35.906619,56.860739]]]}},{"type":"Feature","properties":{"kind":"building","h":6.0},"geometry":{"type":"Polygon","coordinates":[[[35.907781,56.861368],[35.90827,56.861275],[35.908425,56.861517],[35.908304,56.86154],[35.908199,56.861377],[35.907958,56.861423],[35.908061,56.861584],[35.907935,56.861608],[35.907781,56.861368]]]}},{"type":"Feature","properties":{"kind":"building","h":15.0},"geometry":{"type":"Polygon","coordinates":[[[35.910335,56.860898],[35.910758,56.860779],[35.910834,56.860861],[35.910411,56.860979],[35.910335,56.860898]]]}},{"type":"Feature","properties":{"kind":"building","h":12.0},"geometry":{"type":"Polygon","coordinates":[[[35.909764,56.860598],[35.909833,56.860588],[35.909951,56.860571],[35.910122,56.860947],[35.910335,56.860898],[35.910411,56.860979],[35.910053,56.861082],[35.909994,56.861073],[35.909955,56.861042],[35.909764,56.860598]]]}},{"type":"Feature","properties":{"kind":"building","h":6.0},"geometry":{"type":"Polygon","coordinates":[[[35.909833,56.860588],[35.909604,56.860129],[35.909465,56.86015],[35.909452,56.860152],[35.909574,56.860397],[35.909555,56.860399],[35.909662,56.860613],[35.909764,56.860598],[35.909833,56.860588]]]}},{"type":"Feature","properties":{"kind":"building","h":15.0},"geometry":{"type":"Polygon","coordinates":[[[35.910327,56.861922],[35.910876,56.861868],[35.910849,56.861782],[35.910463,56.86182],[35.910439,56.861774],[35.910423,56.861741],[35.91049,56.861736],[35.910354,56.861442],[35.910636,56.861362],[35.910552,56.861238],[35.910075,56.861373],[35.910264,56.861791],[35.910327,56.861922]]]}},{"type":"Feature","properties":{"kind":"building","h":9.0},"geometry":{"type":"Polygon","coordinates":[[[35.910786,56.861195],[35.911243,56.861059],[35.911356,56.861171],[35.910899,56.861308],[35.910786,56.861195]]]}},{"type":"Feature","properties":{"kind":"building","h":12.0},"geometry":{"type":"Polygon","coordinates":[[[35.883619,56.849973],[35.883709,56.850159],[35.883286,56.85022],[35.883201,56.850038],[35.882925,56.850077],[35.88307,56.85039],[35.884017,56.85025],[35.883864,56.849936],[35.883619,56.849973]]]}},{"type":"Feature","properties":{"kind":"building","h":15.0},"geometry":{"type":"Polygon","coordinates":[[[35.908436,56.859658],[35.908165,56.859103],[35.907976,56.85913],[35.908247,56.859686],[35.908436,56.859658]]]}},{"type":"Feature","properties":{"kind":"building","h":9.0},"geometry":{"type":"Polygon","coordinates":[[[35.910202,56.860447],[35.910083,56.860206],[35.910248,56.860182],[35.910368,56.860422],[35.910202,56.860447]]]}},{"type":"Feature","properties":{"kind":"building","h":6.0},"geometry":{"type":"Polygon","coordinates":[[[35.910707,56.859859],[35.910756,56.859958],[35.910772,56.860009],[35.911831,56.860315],[35.91209,56.860269],[35.912005,56.860142],[35.911806,56.860174],[35.911019,56.859937],[35.910955,56.859823],[35.910707,56.859859]]]}},{"type":"Feature","properties":{"kind":"building","h":9.0},"geometry":{"type":"Polygon","coordinates":[[[35.906774,56.866957],[35.906597,56.866531],[35.906924,56.86649],[35.907039,56.866767],[35.908813,56.866546],[35.908876,56.866697],[35.906774,56.866957]]]}},{"type":"Feature","properties":{"kind":"building","h":15.0},"geometry":{"type":"Polygon","coordinates":[[[35.909098,56.865885],[35.909242,56.865868],[35.909215,56.865803],[35.909967,56.865711],[35.909996,56.865782],[35.910147,56.865764],[35.910073,56.865583],[35.909107,56.865701],[35.909027,56.865711],[35.909098,56.865885]]]}},{"type":"Feature","properties":{"kind":"building","h":9.0},"geometry":{"type":"Polygon","coordinates":[[[35.909229,56.866654],[35.909185,56.866538],[35.909863,56.866462],[35.909906,56.866578],[35.909229,56.866654]]]}},{"type":"Feature","properties":{"kind":"building","h":15.0},"geometry":{"type":"Polygon","coordinates":[[[35.881972,56.857614],[35.881817,56.857547],[35.881148,56.858011],[35.881303,56.858078],[35.881972,56.857614]]]}},{"type":"Feature","properties":{"kind":"building","h":15.0},"geometry":{"type":"Polygon","coordinates":[[[35.882569,56.857562],[35.882103,56.857362],[35.882011,56.857425],[35.882477,56.857626],[35.882569,56.857562]]]}},{"type":"Feature","properties":{"kind":"building","h":12.0},"geometry":{"type":"Polygon","coordinates":[[[35.884485,56.858395],[35.884014,56.858195],[35.883925,56.858258],[35.884273,56.858405],[35.884009,56.858592],[35.884132,56.858644],[35.884485,56.858395]]]}},{"type":"Feature","properties":{"kind":"building","h":6.0},"geometry":{"type":"Polygon","coordinates":[[[35.883105,56.858523],[35.882531,56.85828],[35.88244,56.858344],[35.883014,56.858587],[35.883105,56.858523]]]}},{"type":"Feature","properties":{"kind":"building","h":15.0},"geometry":{"type":"Polygon","coordinates":[[[35.883944,56.858803],[35.883815,56.858749],[35.883421,56.85903],[35.88355,56.859084],[35.883944,56.858803]]]}},{"type":"Feature","properties":{"kind":"building","h":12.0},"geometry":{"type":"Polygon","coordinates":[[[35.884906,56.858779],[35.885098,56.858862],[35.885142,56.858881],[35.885257,56.858801],[35.885304,56.858763],[35.885256,56.858742],[35.884908,56.858595],[35.884838,56.858599],[35.884527,56.858804],[35.884728,56.858887],[35.884906,56.858779]]]}},{"type":"Feature","properties":{"kind":"building","h":15.0},"geometry":{"type":"Polygon","coordinates":[[[35.882129,56.858123],[35.882001,56.858068],[35.881643,56.858316],[35.88177,56.858371],[35.882129,56.858123]]]}},{"type":"Feature","properties":{"kind":"building","h":15.0},"geometry":{"type":"Polygon","coordinates":[[[35.883794,56.858088],[35.882901,56.857695],[35.882788,56.85777],[35.883682,56.858163],[35.883794,56.858088]]]}},{"type":"Feature","properties":{"kind":"building","h":9.0},"geometry":{"type":"Polygon","coordinates":[[[35.909465,56.86015],[35.909416,56.860051],[35.909555,56.860031],[35.909604,56.860129],[35.909465,56.86015]]]}},{"type":"Feature","properties":{"kind":"building","h":9.0},"geometry":{"type":"Polygon","coordinates":[[[35.909555,56.860031],[35.910185,56.859937],[35.910205,56.859934],[35.910228,56.85993],[35.910707,56.859859],[35.910756,56.859958],[35.910277,56.860029],[35.910254,56.860032],[35.910234,56.860035],[35.909604,56.860129],[35.909555,56.860031]]]}},{"type":"Feature","properties":{"kind":"building","h":27.0},"geometry":{"type":"Polygon","coordinates":[[[35.905775,56.851209],[35.905758,56.850714],[35.905731,56.850079],[35.905596,56.849823],[35.905382,56.849431],[35.9056,56.849402],[35.9058,56.849792],[35.905941,56.850069],[35.905965,56.850712],[35.905999,56.851286],[35.904607,56.851536],[35.904552,56.851434],[35.905775,56.851209]]]}},{"type":"Feature","properties":{"kind":"building","h":15.0},"geometry":{"type":"Polygon","coordinates":[[[35.880348,56.870316],[35.880336,56.870292],[35.880031,56.869711],[35.879836,56.869741],[35.880141,56.870323],[35.880153,56.870346],[35.880348,56.870316]]]}},{"type":"Feature","properties":{"kind":"building","h":15.0},"geometry":{"type":"Polygon","coordinates":[[[35.879836,56.869741],[35.879833,56.869735],[35.879754,56.869585],[35.880297,56.8695],[35.88035,56.869601],[35.880002,56.869655],[35.880028,56.869704],[35.880031,56.869711],[35.879836,56.869741]]]}},{"type":"Feature","properties":{"kind":"building","h":15.0},"geometry":{"type":"Polygon","coordinates":[[[35.881442,56.870356],[35.881151,56.86977],[35.881337,56.869741],[35.881628,56.870328],[35.881442,56.870356]]]}},{"type":"Feature","properties":{"kind":"building","h":6.0},"geometry":{"type":"Polygon","coordinates":[[[35.880465,56.869594],[35.880407,56.869481],[35.881199,56.86936],[35.881257,56.869472],[35.880465,56.869594]]]}},{"type":"Feature","properties":{"kind":"building","h":15.0},"geometry":{"type":"Polygon","coordinates":[[[35.882367,56.869396],[35.882598,56.869362],[35.882888,56.86996],[35.882656,56.869994],[35.882367,56.869396]]]}},{"type":"Feature","properties":{"kind":"building","h":15.0},"geometry":{"type":"Polygon","coordinates":[[[35.882656,56.869994],[35.88268,56.870042],[35.881842,56.870163],[35.881885,56.870251],[35.882954,56.870096],[35.882888,56.86996],[35.882656,56.869994]]]}},{"type":"Feature","properties":{"kind":"building","h":12.0},"geometry":{"type":"Polygon","coordinates":[[[35.882598,56.869362],[35.882367,56.869396],[35.882296,56.869364],[35.881372,56.869501],[35.881297,56.869352],[35.882505,56.869175],[35.882598,56.869362]]]}},{"type":"Feature","properties":{"kind":"building","h":3.0},"geometry":{"type":"Polygon","coordinates":[[[35.88372,56.852336],[35.883483,56.852371],[35.883512,56.85243],[35.88307,56.852495],[35.883053,56.85246],[35.882797,56.852498],[35.882785,56.852473],[35.882689,56.852487],[35.88271,56.852529],[35.882539,56.852554],[35.882563,56.852602],[35.88246,56.852617],[35.882436,56.852569],[35.88219,56.852605],[35.882149,56.852523],[35.882073,56.852534],[35.882093,56.852575],[35.881953,56.852596],[35.88188,56.852446],[35.883647,56.852187],[35.88372,56.852336]]]}},{"type":"Feature","properties":{"kind":"building","h":9.0},"geometry":{"type":"Polygon","coordinates":[[[35.901067,56.858662],[35.901388,56.858541],[35.901466,56.858326],[35.901427,56.858294],[35.901255,56.858151],[35.9012,56.858145],[35.901237,56.858043],[35.901514,56.858073],[35.901654,56.857682],[35.90155,56.857671],[35.901474,56.857663],[35.901377,56.857933],[35.900886,56.857881],[35.900982,56.857614],[35.900782,56.857593],[35.900644,56.857977],[35.90094,56.858009],[35.900903,56.858112],[35.900862,56.858108],[35.900538,56.858234],[35.900466,56.858446],[35.900685,56.85862],[35.900699,56.858621],[35.901052,56.85866],[35.901067,56.858662]]]}},{"type":"Feature","properties":{"kind":"building","h":6.0},"geometry":{"type":"Polygon","coordinates":[[[35.909654,56.866281],[35.909475,56.866267],[35.909506,56.86615],[35.90952,56.866098],[35.909699,56.866113],[35.909692,56.866137],[35.909654,56.866281]]]}},{"type":"Feature","properties":{"kind":"building","h":6.0},"geometry":{"type":"Polygon","coordinates":[[[35.894002,56.855808],[35.893844,56.855748],[35.894164,56.855496],[35.894175,56.8555],[35.89428,56.855539],[35.894071,56.855704],[35.894114,56.85572],[35.894002,56.855808]]]}},{"type":"Feature","properties":{"kind":"building","h":9.0},"geometry":{"type":"Polygon","coordinates":[[[35.895671,56.857007],[35.895876,56.856859],[35.89602,56.85692],[35.895977,56.856951],[35.896046,56.856961],[35.89612,56.856978],[35.896157,56.856992],[35.896197,56.857014],[35.896248,56.857038],[35.896287,56.85708],[35.896332,56.857048],[35.896483,56.857111],[35.896277,56.857259],[35.895671,56.857007]]]}},{"type":"Feature","properties":{"kind":"building","h":15.0},"geometry":{"type":"Polygon","coordinates":[[[35.901811,56.859376],[35.901758,56.859267],[35.900789,56.859407],[35.900648,56.859428],[35.900775,56.859691],[35.900969,56.859663],[35.900894,56.859508],[35.901811,56.859376]]]}},{"type":"Feature","properties":{"kind":"building","h":15.0},"geometry":{"type":"Polygon","coordinates":[[[35.905656,56.869224],[35.905905,56.869196],[35.905724,56.868716],[35.905475,56.868744],[35.905656,56.869224]]]}},{"type":"Feature","properties":{"kind":"building","h":12.0},"geometry":{"type":"Polygon","coordinates":[[[35.904675,56.869728],[35.904628,56.869607],[35.905211,56.869539],[35.905258,56.86966],[35.904675,56.869728]]]}},{"type":"Feature","properties":{"kind":"building","h":12.0},"geometry":{"type":"Polygon","coordinates":[[[35.902273,56.867934],[35.902217,56.867793],[35.903303,56.867664],[35.903359,56.867805],[35.902273,56.867934]]]}},{"type":"Feature","properties":{"kind":"building","h":12.0},"geometry":{"type":"Polygon","coordinates":[[[35.901371,56.869075],[35.901564,56.86905],[35.901295,56.868434],[35.901102,56.868459],[35.901121,56.868501],[35.901371,56.869075]]]}},{"type":"Feature","properties":{"kind":"building","h":15.0},"geometry":{"type":"Polygon","coordinates":[[[35.903526,56.869886],[35.903726,56.869859],[35.903474,56.869298],[35.903275,56.869324],[35.903526,56.869886]]]}},{"type":"Feature","properties":{"kind":"building","h":12.0},"geometry":{"type":"Polygon","coordinates":[[[35.904823,56.868986],[35.905023,56.868959],[35.90481,56.868449],[35.90461,56.868476],[35.904823,56.868986]]]}},{"type":"Feature","properties":{"kind":"building","h":12.0},"geometry":{"type":"Polygon","coordinates":[[[35.905471,56.869633],[35.905424,56.869513],[35.906007,56.869445],[35.906054,56.869566],[35.905471,56.869633]]]}},{"type":"Feature","properties":{"kind":"building","h":12.0},"geometry":{"type":"Polygon","coordinates":[[[35.901762,56.870068],[35.901714,56.869947],[35.902298,56.869879],[35.902345,56.87],[35.901762,56.870068]]]}},{"type":"Feature","properties":{"kind":"building","h":12.0},"geometry":{"type":"Polygon","coordinates":[[[35.901063,56.868327],[35.900908,56.867943],[35.901997,56.867811],[35.902051,56.867943],[35.901185,56.868048],[35.901287,56.8683],[35.901063,56.868327]]]}},{"type":"Feature","properties":{"kind":"building","h":12.0},"geometry":{"type":"Polygon","coordinates":[[[35.902388,56.869279],[35.902588,56.869252],[35.902337,56.868691],[35.902137,56.868718],[35.902388,56.869279]]]}},{"type":"Feature","properties":{"kind":"building","h":12.0},"geometry":{"type":"Polygon","coordinates":[[[35.901669,56.869818],[35.901871,56.869791],[35.901598,56.869178],[35.901396,56.869205],[35.901653,56.86978],[35.901669,56.869818]]]}},{"type":"Feature","properties":{"kind":"building","h":12.0},"geometry":{"type":"Polygon","coordinates":[[[35.902668,56.869968],[35.902621,56.869847],[35.903204,56.869779],[35.903252,56.8699],[35.902668,56.869968]]]}},{"type":"Feature","properties":{"kind":"building","h":12.0},"geometry":{"type":"Polygon","coordinates":[[[35.903216,56.869183],[35.903415,56.869156],[35.903164,56.868594],[35.902964,56.868621],[35.903216,56.869183]]]}},{"type":"Feature","properties":{"kind":"building","h":12.0},"geometry":{"type":"Polygon","coordinates":[[[35.904036,56.869089],[35.904235,56.869062],[35.903984,56.868501],[35.903785,56.868527],[35.904036,56.869089]]]}},{"type":"Feature","properties":{"kind":"building","h":15.0},"geometry":{"type":"Polygon","coordinates":[[[35.904327,56.86977],[35.904526,56.869743],[35.904275,56.869181],[35.904075,56.869208],[35.904327,56.86977]]]}},{"type":"Feature","properties":{"kind":"building","h":9.0},"geometry":{"type":"Polygon","coordinates":[[[35.910149,56.868949],[35.910093,56.868815],[35.908791,56.868978],[35.908847,56.869111],[35.910149,56.868949]]]}},{"type":"Feature","properties":{"kind":"building","h":9.0},"geometry":{"type":"Polygon","coordinates":[[[35.90813,56.869226],[35.908331,56.869201],[35.908098,56.868644],[35.907898,56.868669],[35.90813,56.869226]]]}},{"type":"Feature","properties":{"kind":"building","h":15.0},"geometry":{"type":"Polygon","coordinates":[[[35.90544,56.868583],[35.905642,56.86856],[35.905418,56.867966],[35.905216,56.867988],[35.90544,56.868583]]]}},{"type":"Feature","properties":{"kind":"building","h":9.0},"geometry":{"type":"Polygon","coordinates":[[[35.908017,56.868439],[35.907966,56.868318],[35.907049,56.868435],[35.907101,56.868556],[35.908017,56.868439]]]}},{"type":"Feature","properties":{"kind":"building","h":9.0},"geometry":{"type":"Polygon","coordinates":[[[35.912185,56.869199],[35.912129,56.869065],[35.911114,56.869191],[35.91117,56.869326],[35.912185,56.869199]]]}},{"type":"Feature","properties":{"kind":"building","h":9.0},"geometry":{"type":"Polygon","coordinates":[[[35.910961,56.869951],[35.910711,56.869351],[35.910963,56.869319],[35.911198,56.869924],[35.910961,56.869951]]]}},{"type":"Feature","properties":{"kind":"building","h":6.0},"geometry":{"type":"Polygon","coordinates":[[[35.889044,56.85359],[35.888916,56.853685],[35.889009,56.853723],[35.889138,56.853628],[35.889044,56.85359]]]}},{"type":"Feature","properties":{"kind":"building","h":9.0},"geometry":{"type":"Polygon","coordinates":[[[35.889232,56.853671],[35.889103,56.853766],[35.889197,56.853804],[35.889326,56.853709],[35.889232,56.853671]]]}},{"type":"Feature","properties":{"kind":"building","h":6.0},"geometry":{"type":"Polygon","coordinates":[[[35.888402,56.853365],[35.888306,56.853436],[35.888502,56.853516],[35.888599,56.853445],[35.888402,56.853365]]]}},{"type":"Feature","properties":{"kind":"building","h":9.0},"geometry":{"type":"Polygon","coordinates":[[[35.890009,56.854036],[35.889914,56.854107],[35.890079,56.854174],[35.890174,56.854103],[35.890009,56.854036]]]}},{"type":"Feature","properties":{"kind":"building","h":9.0},"geometry":{"type":"Polygon","coordinates":[[[35.889414,56.853788],[35.889318,56.853858],[35.889469,56.853919],[35.889564,56.853848],[35.889414,56.853788]]]}},{"type":"Feature","properties":{"kind":"building","h":6.0},"geometry":{"type":"Polygon","coordinates":[[[35.888702,56.853485],[35.888607,56.853556],[35.888772,56.853623],[35.888867,56.853553],[35.888702,56.853485]]]}},{"type":"Feature","properties":{"kind":"building","h":9.0},"geometry":{"type":"Polygon","coordinates":[[[35.890399,56.854145],[35.890252,56.854249],[35.89033,56.854281],[35.890478,56.854177],[35.890399,56.854145]]]}},{"type":"Feature","properties":{"kind":"building","h":9.0},"geometry":{"type":"Polygon","coordinates":[[[35.889636,56.853878],[35.889541,56.853948],[35.889706,56.854015],[35.889801,56.853945],[35.889636,56.853878]]]}},{"type":"Feature","properties":{"kind":"building","h":9.0},"geometry":{"type":"Polygon","coordinates":[[[35.891072,56.854495],[35.890976,56.854564],[35.891139,56.854633],[35.891236,56.854563],[35.891072,56.854495]]]}},{"type":"Feature","properties":{"kind":"building","h":9.0},"geometry":{"type":"Polygon","coordinates":[[[35.892184,56.854949],[35.892089,56.855019],[35.892246,56.855084],[35.892341,56.855014],[35.892184,56.854949]]]}},{"type":"Feature","properties":{"kind":"building","h":9.0},"geometry":{"type":"Polygon","coordinates":[[[35.89132,56.854599],[35.891224,56.854668],[35.89136,56.854725],[35.891456,56.854655],[35.89132,56.854599]]]}},{"type":"Feature","properties":{"kind":"building","h":9.0},"geometry":{"type":"Polygon","coordinates":[[[35.89253,56.855095],[35.892433,56.855165],[35.892518,56.855201],[35.892615,56.855132],[35.89253,56.855095]]]}},{"type":"Feature","properties":{"kind":"building","h":9.0},"geometry":{"type":"Polygon","coordinates":[[[35.891953,56.854783],[35.891796,56.854901],[35.891952,56.854963],[35.892109,56.854845],[35.891953,56.854783]]]}},{"type":"Feature","properties":{"kind":"building","h":9.0},"geometry":{"type":"Polygon","coordinates":[[[35.895175,56.856113],[35.895023,56.856224],[35.895188,56.856291],[35.89534,56.85618],[35.895175,56.856113]]]}},{"type":"Feature","properties":{"kind":"building","h":3.0},"geometry":{"type":"Polygon","coordinates":[[[35.893422,56.855429],[35.893296,56.855518],[35.89343,56.855575],[35.893556,56.855485],[35.893422,56.855429]]]}},{"type":"Feature","properties":{"kind":"building","h":9.0},"geometry":{"type":"Polygon","coordinates":[[[35.893066,56.85531],[35.89297,56.85538],[35.893116,56.855441],[35.893213,56.855371],[35.893066,56.85531]]]}},{"type":"Feature","properties":{"kind":"building","h":12.0},"geometry":{"type":"Polygon","coordinates":[[[35.894449,56.855991],[35.894194,56.855888],[35.894474,56.85568],[35.894729,56.855783],[35.894449,56.855991]]]}},{"type":"Feature","properties":{"kind":"building","h":6.0},"geometry":{"type":"Polygon","coordinates":[[[35.894888,56.856025],[35.894764,56.856114],[35.894928,56.856182],[35.895052,56.856093],[35.894888,56.856025]]]}},{"type":"Feature","properties":{"kind":"building","h":9.0},"geometry":{"type":"Polygon","coordinates":[[[35.892736,56.855178],[35.892639,56.855248],[35.892786,56.855309],[35.892882,56.855239],[35.892736,56.855178]]]}},{"type":"Feature","properties":{"kind":"building","h":3.0},"geometry":{"type":"Polygon","coordinates":[[[35.888538,56.853865],[35.888667,56.853917],[35.888497,56.854042],[35.888368,56.85399],[35.888538,56.853865]]]}},{"type":"Feature","properties":{"kind":"building","h":3.0},"geometry":{"type":"Polygon","coordinates":[[[35.891916,56.855221],[35.892092,56.855293],[35.891966,56.855381],[35.89179,56.855309],[35.891916,56.855221]]]}},{"type":"Feature","properties":{"kind":"building","h":3.0},"geometry":{"type":"Polygon","coordinates":[[[35.887575,56.853493],[35.887729,56.853555],[35.887578,56.853667],[35.887423,56.853605],[35.887575,56.853493]]]}},{"type":"Feature","properties":{"kind":"building","h":6.0},"geometry":{"type":"Polygon","coordinates":[[[35.889509,56.854245],[35.889587,56.854278],[35.889372,56.85443],[35.889293,56.854396],[35.889509,56.854245]]]}},{"type":"Feature","properties":{"kind":"building","h":9.0},"geometry":{"type":"Polygon","coordinates":[[[35.894501,56.856395],[35.89439,56.85635],[35.894505,56.856266],[35.894616,56.856311],[35.894501,56.856395]]]}},{"type":"Feature","properties":{"kind":"building","h":6.0},"geometry":{"type":"Polygon","coordinates":[[[35.889883,56.854396],[35.890042,56.854463],[35.889873,56.854583],[35.889714,56.854517],[35.889883,56.854396]]]}},{"type":"Feature","properties":{"kind":"building","h":6.0},"geometry":{"type":"Polygon","coordinates":[[[35.889354,56.85418],[35.889451,56.854221],[35.889345,56.854296],[35.889248,56.854255],[35.889354,56.85418]]]}},{"type":"Feature","properties":{"kind":"building","h":9.0},"geometry":{"type":"Polygon","coordinates":[[[35.894809,56.856539],[35.894688,56.856489],[35.894819,56.856395],[35.89494,56.856445],[35.894809,56.856539]]]}},{"type":"Feature","properties":{"kind":"building","h":6.0},"geometry":{"type":"Polygon","coordinates":[[[35.891635,56.855106],[35.891743,56.855151],[35.891637,56.855229],[35.891528,56.855183],[35.891635,56.855106]]]}},{"type":"Feature","properties":{"kind":"building","h":3.0},"geometry":{"type":"Polygon","coordinates":[[[35.895107,56.856513],[35.89501,56.856583],[35.895209,56.856665],[35.895306,56.856596],[35.895107,56.856513]]]}},{"type":"Feature","properties":{"kind":"building","h":3.0},"geometry":{"type":"Polygon","coordinates":[[[35.888734,56.853944],[35.888833,56.853984],[35.88862,56.854141],[35.888521,56.854101],[35.888734,56.853944]]]}},{"type":"Feature","properties":{"kind":"building","h":6.0},"geometry":{"type":"Polygon","coordinates":[[[35.888949,56.854027],[35.889175,56.854114],[35.889044,56.854215],[35.888818,56.854128],[35.888949,56.854027]]]}},{"type":"Feature","properties":{"kind":"building","h":6.0},"geometry":{"type":"Polygon","coordinates":[[[35.89133,56.854987],[35.89146,56.855041],[35.891353,56.855118],[35.891224,56.855064],[35.89133,56.854987]]]}},{"type":"Feature","properties":{"kind":"building","h":6.0},"geometry":{"type":"Polygon","coordinates":[[[35.893895,56.856241],[35.893667,56.856147],[35.893864,56.856004],[35.89409,56.856099],[35.893895,56.856241]]]}},{"type":"Feature","properties":{"kind":"building","h":9.0},"geometry":{"type":"Polygon","coordinates":[[[35.893011,56.855688],[35.893139,56.855742],[35.892949,56.855875],[35.892822,56.855821],[35.893011,56.855688]]]}},{"type":"Feature","properties":{"kind":"building","h":9.0},"geometry":{"type":"Polygon","coordinates":[[[35.892394,56.855566],[35.892317,56.855533],[35.891958,56.855785],[35.891816,56.855725],[35.892301,56.855384],[35.892519,56.855477],[35.892394,56.855566]]]}},{"type":"Feature","properties":{"kind":"building","h":12.0},"geometry":{"type":"Polygon","coordinates":[[[35.904732,56.870268],[35.904959,56.870241],[35.904834,56.869936],[35.904608,56.869964],[35.904732,56.870268]]]}},{"type":"Feature","properties":{"kind":"building","h":12.0},"geometry":{"type":"Polygon","coordinates":[[[35.905142,56.870019],[35.905095,56.869899],[35.905678,56.869831],[35.905725,56.869951],[35.905142,56.870019]]]}},{"type":"Feature","properties":{"kind":"building","h":12.0},"geometry":{"type":"Polygon","coordinates":[[[35.903828,56.870181],[35.903781,56.870061],[35.904364,56.869993],[35.904411,56.870113],[35.903828,56.870181]]]}},{"type":"Feature","properties":{"kind":"building","h":15.0},"geometry":{"type":"Polygon","coordinates":[[[35.906163,56.870432],[35.906384,56.870405],[35.906134,56.869779],[35.905913,56.869805],[35.906163,56.870432]]]}},{"type":"Feature","properties":{"kind":"building","h":15.0},"geometry":{"type":"Polygon","coordinates":[[[35.901432,56.866715],[35.901382,56.866594],[35.902503,56.866456],[35.902552,56.866577],[35.901432,56.866715]]]}},{"type":"Feature","properties":{"kind":"building","h":12.0},"geometry":{"type":"Polygon","coordinates":[[[35.908008,56.857071],[35.908314,56.857026],[35.908007,56.856396],[35.90829,56.856355],[35.908226,56.856225],[35.907641,56.85631],[35.908008,56.857071]]]}},{"type":"Feature","properties":{"kind":"building","h":12.0},"geometry":{"type":"Polygon","coordinates":[[[35.893,56.868082],[35.893171,56.868528],[35.894633,56.868361],[35.894586,56.86824],[35.893347,56.868382],[35.893223,56.868057],[35.893,56.868082]]]}},{"type":"Feature","properties":{"kind":"building","h":12.0},"geometry":{"type":"Polygon","coordinates":[[[35.896886,56.868594],[35.896838,56.868474],[35.897925,56.868344],[35.897973,56.868464],[35.896886,56.868594]]]}},{"type":"Feature","properties":{"kind":"building","h":15.0},"geometry":{"type":"Polygon","coordinates":[[[35.896667,56.868134],[35.896531,56.86781],[35.896764,56.867781],[35.896899,56.868105],[35.896667,56.868134]]]}},{"type":"Feature","properties":{"kind":"building","h":12.0},"geometry":{"type":"Polygon","coordinates":[[[35.899006,56.868164],[35.900132,56.868032],[35.900279,56.868405],[35.900021,56.868435],[35.899929,56.868202],[35.899273,56.868279],[35.899291,56.868324],[35.899078,56.868349],[35.899006,56.868164]]]}},{"type":"Feature","properties":{"kind":"building","h":6.0},"geometry":{"type":"Polygon","coordinates":[[[35.904041,56.868335],[35.903993,56.868216],[35.904703,56.868132],[35.904749,56.868247],[35.904421,56.868286],[35.904448,56.868352],[35.904266,56.868373],[35.904241,56.868311],[35.904041,56.868335]]]}},{"type":"Feature","properties":{"kind":"building","h":3.0},"geometry":{"type":"Polygon","coordinates":[[[35.887741,56.854693],[35.887878,56.854752],[35.88777,56.854827],[35.887634,56.854768],[35.887741,56.854693]]]}},{"type":"Feature","properties":{"kind":"building","h":3.0},"geometry":{"type":"Polygon","coordinates":[[[35.888323,56.854932],[35.888443,56.854984],[35.888328,56.855063],[35.888208,56.855011],[35.888323,56.854932]]]}},{"type":"Feature","properties":{"kind":"building","h":12.0},"geometry":{"type":"Polygon","coordinates":[[[35.901185,56.860084],[35.900981,56.860106],[35.901123,56.860493],[35.901265,56.860478],[35.901327,56.860471],[35.901299,56.860392],[35.901362,56.860384],[35.901336,56.860309],[35.901272,56.860317],[35.901185,56.860084]]]}},{"type":"Feature","properties":{"kind":"building","h":3.0},"geometry":{"type":"Polygon","coordinates":[[[35.888069,56.854826],[35.888188,56.854878],[35.888073,56.854957],[35.887953,56.854905],[35.888069,56.854826]]]}},{"type":"Feature","properties":{"kind":"building","h":6.0},"geometry":{"type":"Polygon","coordinates":[[[35.887021,56.853882],[35.887195,56.853955],[35.886919,56.854153],[35.886745,56.85408],[35.887021,56.853882]]]}},{"type":"Feature","properties":{"kind":"building","h":9.0},"geometry":{"type":"Polygon","coordinates":[[[35.887251,56.853722],[35.887375,56.853775],[35.887208,56.853892],[35.887084,56.85384],[35.887251,56.853722]]]}},{"type":"Feature","properties":{"kind":"building","h":3.0},"geometry":{"type":"Polygon","coordinates":[[[35.889498,56.854652],[35.889676,56.854726],[35.889452,56.854885],[35.889275,56.854811],[35.889498,56.854652]]]}},{"type":"Feature","properties":{"kind":"building","h":6.0},"geometry":{"type":"Polygon","coordinates":[[[35.886586,56.854204],[35.886725,56.854264],[35.886603,56.85435],[35.886463,56.85429],[35.886586,56.854204]]]}},{"type":"Feature","properties":{"kind":"building","h":3.0},"geometry":{"type":"Polygon","coordinates":[[[35.888567,56.855023],[35.888728,56.855089],[35.888604,56.855179],[35.888443,56.855112],[35.888567,56.855023]]]}},{"type":"Feature","properties":{"kind":"building","h":3.0},"geometry":{"type":"Polygon","coordinates":[[[35.88887,56.855149],[35.889008,56.855209],[35.888883,56.855295],[35.888745,56.855236],[35.88887,56.855149]]]}},{"type":"Feature","properties":{"kind":"building","h":3.0},"geometry":{"type":"Polygon","coordinates":[[[35.887243,56.854478],[35.887392,56.854543],[35.887279,56.854622],[35.88713,56.854558],[35.887243,56.854478]]]}},{"type":"Feature","properties":{"kind":"building","h":6.0},"geometry":{"type":"Polygon","coordinates":[[[35.886891,56.854338],[35.887078,56.854417],[35.886964,56.854497],[35.886778,56.854418],[35.886891,56.854338]]]}},{"type":"Feature","properties":{"kind":"building","h":6.0},"geometry":{"type":"Polygon","coordinates":[[[35.887571,56.854612],[35.88767,56.854656],[35.887554,56.854734],[35.887455,56.854691],[35.887571,56.854612]]]}},{"type":"Feature","properties":{"kind":"building","h":3.0},"geometry":{"type":"Polygon","coordinates":[[[35.889107,56.855028],[35.889201,56.855069],[35.889104,56.855137],[35.88901,56.855096],[35.889107,56.855028]]]}},{"type":"Feature","properties":{"kind":"building","h":3.0},"geometry":{"type":"Polygon","coordinates":[[[35.906513,56.861365],[35.906406,56.861381],[35.906474,56.861519],[35.906581,56.861503],[35.906513,56.861365]]]}},{"type":"Feature","properties":{"kind":"building","h":3.0},"geometry":{"type":"Polygon","coordinates":[[[35.891039,56.855983],[35.89094,56.856052],[35.890811,56.855996],[35.89091,56.855927],[35.891039,56.855983]]]}},{"type":"Feature","properties":{"kind":"building","h":3.0},"geometry":{"type":"Polygon","coordinates":[[[35.890355,56.855701],[35.890256,56.85577],[35.890088,56.855698],[35.890187,56.855629],[35.890355,56.855701]]]}},{"type":"Feature","properties":{"kind":"building","h":6.0},"geometry":{"type":"Polygon","coordinates":[[[35.891283,56.856085],[35.891184,56.856155],[35.89103,56.856089],[35.891129,56.85602],[35.891283,56.856085]]]}},{"type":"Feature","properties":{"kind":"building","h":3.0},"geometry":{"type":"Polygon","coordinates":[[[35.891497,56.856175],[35.891397,56.856243],[35.891249,56.856178],[35.891348,56.856109],[35.891497,56.856175]]]}},{"type":"Feature","properties":{"kind":"building","h":9.0},"geometry":{"type":"Polygon","coordinates":[[[35.892132,56.856442],[35.892032,56.856511],[35.891507,56.856289],[35.891862,56.856039],[35.891986,56.856091],[35.89173,56.856272],[35.892132,56.856442]]]}},{"type":"Feature","properties":{"kind":"building","h":3.0},"geometry":{"type":"Polygon","coordinates":[[[35.889834,56.855446],[35.889705,56.855535],[35.889594,56.855488],[35.889723,56.855398],[35.889834,56.855446]]]}},{"type":"Feature","properties":{"kind":"building","h":6.0},"geometry":{"type":"Polygon","coordinates":[[[35.892488,56.856189],[35.892298,56.856322],[35.892058,56.85622],[35.892248,56.856087],[35.892488,56.856189]]]}},{"type":"Feature","properties":{"kind":"building","h":3.0},"geometry":{"type":"Polygon","coordinates":[[[35.889864,56.855097],[35.889808,56.855138],[35.889697,56.855091],[35.889753,56.85505],[35.889864,56.855097]]]}},{"type":"Feature","properties":{"kind":"building","h":3.0},"geometry":{"type":"Polygon","coordinates":[[[35.890119,56.854914],[35.889933,56.855047],[35.889822,56.855],[35.890008,56.854867],[35.890119,56.854914]]]}},{"type":"Feature","properties":{"kind":"building","h":3.0},"geometry":{"type":"Polygon","coordinates":[[[35.890656,56.855826],[35.890556,56.855895],[35.890412,56.855833],[35.890512,56.855764],[35.890656,56.855826]]]}},{"type":"Feature","properties":{"kind":"building","h":6.0},"geometry":{"type":"Polygon","coordinates":[[[35.889653,56.854315],[35.889804,56.854374],[35.889687,56.854465],[35.889536,56.854407],[35.889653,56.854315]]]}},{"type":"Feature","properties":{"kind":"building","h":3.0},"geometry":{"type":"Polygon","coordinates":[[[35.889584,56.855308],[35.889428,56.855417],[35.889317,56.85537],[35.889473,56.855261],[35.889584,56.855308]]]}},{"type":"Feature","properties":{"kind":"building","h":3.0},"geometry":{"type":"Polygon","coordinates":[[[35.890152,56.855615],[35.890053,56.855684],[35.889885,56.855612],[35.889984,56.855543],[35.890152,56.855615]]]}},{"type":"Feature","properties":{"kind":"building","h":3.0},"geometry":{"type":"Polygon","coordinates":[[[35.892686,56.856049],[35.892559,56.856134],[35.892411,56.856069],[35.892537,56.855983],[35.892686,56.856049]]]}},{"type":"Feature","properties":{"kind":"building","h":15.0},"geometry":{"type":"Polygon","coordinates":[[[35.907045,56.870622],[35.90721,56.870601],[35.906867,56.869788],[35.906702,56.869809],[35.907045,56.870622]]]}},{"type":"Feature","properties":{"kind":"building","h":15.0},"geometry":{"type":"Polygon","coordinates":[[[35.912377,56.869051],[35.912579,56.869029],[35.912863,56.869789],[35.912872,56.869813],[35.912879,56.869832],[35.912751,56.869847],[35.912676,56.869855],[35.912669,56.869835],[35.912377,56.869051]]]}},{"type":"Feature","properties":{"kind":"building","h":15.0},"geometry":{"type":"Polygon","coordinates":[[[35.913441,56.868901],[35.913646,56.868875],[35.913986,56.869705],[35.913916,56.869715],[35.913798,56.86973],[35.913441,56.868901]]]}},{"type":"Feature","properties":{"kind":"building","h":9.0},"geometry":{"type":"Polygon","coordinates":[[[35.892519,56.855477],[35.892394,56.855566],[35.892466,56.855596],[35.892119,56.85584],[35.892265,56.855902],[35.892738,56.85557],[35.892519,56.855477]]]}},{"type":"Feature","properties":{"kind":"building","h":6.0},"geometry":{"type":"Polygon","coordinates":[[[35.920926,56.86747],[35.921164,56.867475],[35.921152,56.867635],[35.920914,56.86763],[35.920926,56.86747]]]}},{"type":"Feature","properties":{"kind":"building","h":15.0},"geometry":{"type":"Polygon","coordinates":[[[35.91415,56.867683],[35.915222,56.867543],[35.915173,56.867432],[35.914101,56.867573],[35.91415,56.867683]]]}},{"type":"Feature","properties":{"kind":"building","h":12.0},"geometry":{"type":"Polygon","coordinates":[[[35.921412,56.854319],[35.920493,56.854451],[35.92054,56.854549],[35.92146,56.854418],[35.921412,56.854319]]]}},{"type":"Feature","properties":{"kind":"building","h":9.0},"geometry":{"type":"Polygon","coordinates":[[[35.909513,56.853076],[35.909625,56.853301],[35.908914,56.853407],[35.908732,56.853041],[35.909037,56.852996],[35.909107,56.853137],[35.909513,56.853076]]]}},{"type":"Feature","properties":{"kind":"building","h":3.0},"geometry":{"type":"Polygon","coordinates":[[[35.885353,56.85697],[35.885492,56.857027],[35.885642,56.856916],[35.885503,56.85686],[35.885353,56.85697]]]}},{"type":"Feature","properties":{"kind":"building","h":3.0},"geometry":{"type":"Polygon","coordinates":[[[35.886926,56.857554],[35.887015,56.857592],[35.887133,56.857506],[35.887044,56.857468],[35.886926,56.857554]]]}},{"type":"Feature","properties":{"kind":"building","h":3.0},"geometry":{"type":"Polygon","coordinates":[[[35.888908,56.858389],[35.889011,56.858432],[35.889085,56.858378],[35.888983,56.858336],[35.888908,56.858389]]]}},{"type":"Feature","properties":{"kind":"building","h":3.0},"geometry":{"type":"Polygon","coordinates":[[[35.889187,56.858505],[35.889317,56.858559],[35.889403,56.858496],[35.889273,56.858443],[35.889187,56.858505]]]}},{"type":"Feature","properties":{"kind":"building","h":6.0},"geometry":{"type":"Polygon","coordinates":[[[35.889554,56.85865],[35.88965,56.858691],[35.889778,56.858601],[35.889682,56.858561],[35.889554,56.85865]]]}},{"type":"Feature","properties":{"kind":"building","h":6.0},"geometry":{"type":"Polygon","coordinates":[[[35.884534,56.85662],[35.884672,56.856678],[35.884805,56.856583],[35.884667,56.856525],[35.884534,56.85662]]]}},{"type":"Feature","properties":{"kind":"building","h":3.0},"geometry":{"type":"Polygon","coordinates":[[[35.886453,56.857364],[35.886668,56.857452],[35.886806,56.857352],[35.88659,56.857264],[35.886453,56.857364]]]}},{"type":"Feature","properties":{"kind":"building","h":6.0},"geometry":{"type":"Polygon","coordinates":[[[35.887611,56.857843],[35.887735,56.857894],[35.887821,56.857832],[35.887697,56.857781],[35.887611,56.857843]]]}},{"type":"Feature","properties":{"kind":"building","h":6.0},"geometry":{"type":"Polygon","coordinates":[[[35.892727,56.860279],[35.892952,56.860374],[35.892739,56.860519],[35.892514,56.860424],[35.892727,56.860279]]]}},{"type":"Feature","properties":{"kind":"building","h":3.0},"geometry":{"type":"Polygon","coordinates":[[[35.890243,56.858967],[35.890399,56.859036],[35.890475,56.858985],[35.890319,56.858916],[35.890243,56.858967]]]}},{"type":"Feature","properties":{"kind":"building","h":3.0},"geometry":{"type":"Polygon","coordinates":[[[35.887934,56.857978],[35.888159,56.858072],[35.888246,56.85801],[35.888021,56.857916],[35.887934,56.857978]]]}},{"type":"Feature","properties":{"kind":"building","h":6.0},"geometry":{"type":"Polygon","coordinates":[[[35.885044,56.85684],[35.885212,56.85691],[35.885423,56.85676],[35.885255,56.856689],[35.885044,56.85684]]]}},{"type":"Feature","properties":{"kind":"building","h":6.0},"geometry":{"type":"Polygon","coordinates":[[[35.888522,56.858226],[35.88862,56.858268],[35.888779,56.858158],[35.888681,56.858115],[35.888522,56.858226]]]}},{"type":"Feature","properties":{"kind":"building","h":12.0},"geometry":{"type":"Polygon","coordinates":[[[35.891413,56.859359],[35.891363,56.859338],[35.891265,56.859408],[35.891476,56.859497],[35.891861,56.859225],[35.891701,56.859155],[35.891413,56.859359]]]}},{"type":"Feature","properties":{"kind":"building","h":6.0},"geometry":{"type":"Polygon","coordinates":[[[35.88993,56.85877],[35.890121,56.858854],[35.890215,56.858792],[35.890024,56.858707],[35.88993,56.85877]]]}},{"type":"Feature","properties":{"kind":"building","h":3.0},"geometry":{"type":"Polygon","coordinates":[[[35.885964,56.857224],[35.886157,56.857303],[35.886331,56.85718],[35.886133,56.857102],[35.885964,56.857224]]]}},{"type":"Feature","properties":{"kind":"building","h":3.0},"geometry":{"type":"Polygon","coordinates":[[[35.887135,56.857641],[35.887315,56.857717],[35.887426,56.857638],[35.887246,56.857562],[35.887135,56.857641]]]}},{"type":"Feature","properties":{"kind":"building","h":9.0},"geometry":{"type":"Polygon","coordinates":[[[35.884255,56.856499],[35.884392,56.856558],[35.884493,56.856489],[35.884355,56.85643],[35.884255,56.856499]]]}},{"type":"Feature","properties":{"kind":"building","h":3.0},"geometry":{"type":"Polygon","coordinates":[[[35.884059,56.856418],[35.884233,56.856491],[35.884399,56.856374],[35.884225,56.8563],[35.884059,56.856418]]]}},{"type":"Feature","properties":{"kind":"building","h":3.0},"geometry":{"type":"Polygon","coordinates":[[[35.884766,56.856719],[35.884933,56.85679],[35.885033,56.856719],[35.884866,56.856648],[35.884766,56.856719]]]}},{"type":"Feature","properties":{"kind":"building","h":3.0},"geometry":{"type":"Polygon","coordinates":[[[35.883789,56.856126],[35.88363,56.856239],[35.883865,56.856335],[35.88399,56.856244],[35.8839,56.856207],[35.883933,56.856183],[35.883789,56.856126]]]}},{"type":"Feature","properties":{"kind":"building","h":6.0},"geometry":{"type":"Polygon","coordinates":[[[35.890763,56.859187],[35.890989,56.859287],[35.891099,56.859213],[35.890873,56.859113],[35.890763,56.859187]]]}},{"type":"Feature","properties":{"kind":"building","h":6.0},"geometry":{"type":"Polygon","coordinates":[[[35.888267,56.85812],[35.888417,56.858183],[35.888575,56.858069],[35.888425,56.858007],[35.888267,56.85812]]]}},{"type":"Feature","properties":{"kind":"building","h":9.0},"geometry":{"type":"Polygon","coordinates":[[[35.887108,56.856244],[35.887144,56.856357],[35.887177,56.856458],[35.887535,56.856423],[35.887521,56.856381],[35.88766,56.856368],[35.887618,56.856236],[35.887477,56.856249],[35.887464,56.85621],[35.887108,56.856244]]]}},{"type":"Feature","properties":{"kind":"building","h":9.0},"geometry":{"type":"Polygon","coordinates":[[[35.908571,56.858195],[35.909063,56.858137],[35.909246,56.858115],[35.909204,56.858007],[35.90902,56.858028],[35.908981,56.857928],[35.909169,56.857906],[35.909126,56.857797],[35.908938,56.85782],[35.908446,56.857877],[35.908571,56.858195]]]}},{"type":"Feature","properties":{"kind":"building","h":12.0},"geometry":{"type":"Polygon","coordinates":[[[35.909627,56.857334],[35.909679,56.857436],[35.910131,56.857367],[35.910079,56.857265],[35.909627,56.857334]]]}},{"type":"Feature","properties":{"kind":"building","h":6.0},"geometry":{"type":"Polygon","coordinates":[[[35.907218,56.858326],[35.906984,56.858329],[35.906985,56.858346],[35.906987,56.858399],[35.906989,56.858471],[35.907224,56.858469],[35.907218,56.858326]]]}},{"type":"Feature","properties":{"kind":"building","h":15.0},"geometry":{"type":"Polygon","coordinates":[[[35.907314,56.858372],[35.907309,56.858469],[35.907786,56.858467],[35.90783,56.858391],[35.907802,56.858337],[35.907722,56.858345],[35.907455,56.857819],[35.907276,56.857845],[35.907532,56.858366],[35.907314,56.858372]]]}},{"type":"Feature","properties":{"kind":"building","h":12.0},"geometry":{"type":"Polygon","coordinates":[[[35.907276,56.857845],[35.907455,56.857819],[35.907424,56.857751],[35.907503,56.857739],[35.907453,56.85764],[35.906456,56.857789],[35.906515,56.857906],[35.907254,56.857796],[35.907276,56.857845]]]}},{"type":"Feature","properties":{"kind":"building","h":15.0},"geometry":{"type":"Polygon","coordinates":[[[35.909039,56.857421],[35.90827,56.857542],[35.908349,56.857693],[35.908497,56.85767],[35.908471,56.85762],[35.909092,56.857523],[35.909039,56.857421]]]}},{"type":"Feature","properties":{"kind":"building","h":12.0},"geometry":{"type":"Polygon","coordinates":[[[35.909239,56.857584],[35.909149,56.857407],[35.909627,56.857334],[35.909679,56.857436],[35.909386,56.85748],[35.909424,56.857556],[35.909239,56.857584]]]}},{"type":"Feature","properties":{"kind":"building","h":9.0},"geometry":{"type":"Polygon","coordinates":[[[35.883442,56.856397],[35.883297,56.856499],[35.883494,56.856583],[35.883639,56.85648],[35.883442,56.856397]]]}},{"type":"Feature","properties":{"kind":"building","h":9.0},"geometry":{"type":"Polygon","coordinates":[[[35.886769,56.85778],[35.886629,56.857885],[35.886741,56.85793],[35.886881,56.857825],[35.886769,56.85778]]]}},{"type":"Feature","properties":{"kind":"building","h":3.0},"geometry":{"type":"Polygon","coordinates":[[[35.890171,56.85919],[35.890074,56.859258],[35.890244,56.85933],[35.89034,56.859263],[35.890171,56.85919]]]}},{"type":"Feature","properties":{"kind":"building","h":6.0},"geometry":{"type":"Polygon","coordinates":[[[35.886248,56.857665],[35.886329,56.857697],[35.886266,56.857744],[35.886488,56.857834],[35.886629,56.85773],[35.886406,56.857639],[35.886398,56.857646],[35.886319,56.857613],[35.886323,56.85761],[35.886178,56.857551],[35.885951,56.857718],[35.886095,56.857777],[35.886248,56.857665]]]}},{"type":"Feature","properties":{"kind":"building","h":3.0},"geometry":{"type":"Polygon","coordinates":[[[35.889997,56.859114],[35.889915,56.859172],[35.89005,56.85923],[35.890132,56.859172],[35.889997,56.859114]]]}},{"type":"Feature","properties":{"kind":"building","h":3.0},"geometry":{"type":"Polygon","coordinates":[[[35.887413,56.858051],[35.887318,56.858118],[35.887409,56.858156],[35.887504,56.858089],[35.887413,56.858051]]]}},{"type":"Feature","properties":{"kind":"building","h":6.0},"geometry":{"type":"Polygon","coordinates":[[[35.88431,56.856771],[35.884192,56.856856],[35.884336,56.856914],[35.884454,56.85683],[35.88431,56.856771]]]}},{"type":"Feature","properties":{"kind":"building","h":9.0},"geometry":{"type":"Polygon","coordinates":[[[35.887048,56.858013],[35.887148,56.85794],[35.887047,56.857897],[35.886945,56.857969],[35.887048,56.858013]]]}},{"type":"Feature","properties":{"kind":"building","h":9.0},"geometry":{"type":"Polygon","coordinates":[[[35.887611,56.858132],[35.887525,56.858193],[35.887607,56.858227],[35.887693,56.858167],[35.887611,56.858132]]]}},{"type":"Feature","properties":{"kind":"building","h":3.0},"geometry":{"type":"Polygon","coordinates":[[[35.888124,56.858352],[35.888038,56.858413],[35.888151,56.858461],[35.888237,56.8584],[35.888124,56.858352]]]}},{"type":"Feature","properties":{"kind":"building","h":9.0},"geometry":{"type":"Polygon","coordinates":[[[35.885621,56.857319],[35.885411,56.857229],[35.884931,56.857567],[35.88514,56.857656],[35.885621,56.857319]]]}},{"type":"Feature","properties":{"kind":"building","h":3.0},"geometry":{"type":"Polygon","coordinates":[[[35.888617,56.858562],[35.888532,56.858622],[35.888629,56.858663],[35.888714,56.858603],[35.888617,56.858562]]]}},{"type":"Feature","properties":{"kind":"building","h":6.0},"geometry":{"type":"Polygon","coordinates":[[[35.888398,56.858467],[35.888319,56.858522],[35.888467,56.858584],[35.888545,56.858529],[35.888398,56.858467]]]}},{"type":"Feature","properties":{"kind":"building","h":12.0},"geometry":{"type":"Polygon","coordinates":[[[35.890958,56.859696],[35.890548,56.859997],[35.890683,56.860052],[35.891203,56.85967],[35.891075,56.859617],[35.890958,56.859696]]]}},{"type":"Feature","properties":{"kind":"building","h":9.0},"geometry":{"type":"Polygon","coordinates":[[[35.884571,56.85688],[35.884454,56.856965],[35.884708,56.85707],[35.884825,56.856985],[35.884571,56.85688]]]}},{"type":"Feature","properties":{"kind":"building","h":9.0},"geometry":{"type":"Polygon","coordinates":[[[35.885101,56.857104],[35.884789,56.857332],[35.885006,56.857419],[35.885318,56.857192],[35.885101,56.857104]]]}},{"type":"Feature","properties":{"kind":"building","h":6.0},"geometry":{"type":"Polygon","coordinates":[[[35.883754,56.856532],[35.883485,56.856724],[35.883643,56.85679],[35.883913,56.856598],[35.883754,56.856532]]]}},{"type":"Feature","properties":{"kind":"building","h":3.0},"geometry":{"type":"Polygon","coordinates":[[[35.885689,56.857345],[35.885539,56.857455],[35.885659,56.857504],[35.885809,56.857394],[35.885689,56.857345]]]}},{"type":"Feature","properties":{"kind":"building","h":3.0},"geometry":{"type":"Polygon","coordinates":[[[35.88902,56.85873],[35.888832,56.858649],[35.8887,56.858742],[35.888889,56.858822],[35.88902,56.85873]]]}},{"type":"Feature","properties":{"kind":"building","h":3.0},"geometry":{"type":"Polygon","coordinates":[[[35.884015,56.856646],[35.883897,56.85673],[35.884054,56.856796],[35.884172,56.856712],[35.884015,56.856646]]]}},{"type":"Feature","properties":{"kind":"building","h":3.0},"geometry":{"type":"Polygon","coordinates":[[[35.889303,56.85882],[35.88908,56.858977],[35.889237,56.859044],[35.889461,56.858888],[35.889303,56.85882]]]}},{"type":"Feature","properties":{"kind":"building","h":3.0},"geometry":{"type":"Polygon","coordinates":[[[35.889553,56.85892],[35.88947,56.858978],[35.889616,56.859041],[35.8897,56.858982],[35.889553,56.85892]]]}},{"type":"Feature","properties":{"kind":"building","h":9.0},"geometry":{"type":"Polygon","coordinates":[[[35.909142,56.859593],[35.909174,56.859661],[35.909147,56.859665],[35.909123,56.859668],[35.909141,56.859706],[35.909157,56.85974],[35.90918,56.859736],[35.90921,56.859732],[35.909238,56.85979],[35.909621,56.859735],[35.909574,56.859637],[35.909527,56.859538],[35.909185,56.859587],[35.909142,56.859593]]]}},{"type":"Feature","properties":{"kind":"building","h":12.0},"geometry":{"type":"Polygon","coordinates":[[[35.913999,56.858018],[35.914204,56.858434],[35.914395,56.858425],[35.914183,56.857992],[35.913999,56.858018]]]}},{"type":"Feature","properties":{"kind":"building","h":9.0},"geometry":{"type":"Polygon","coordinates":[[[35.917775,56.85747],[35.917444,56.857521],[35.917747,56.858107],[35.917979,56.858071],[35.917967,56.858048],[35.917854,56.857829],[35.918069,56.857795],[35.918012,56.857684],[35.917806,56.857716],[35.917723,56.857556],[35.917812,56.857543],[35.917775,56.85747]]]}},{"type":"Feature","properties":{"kind":"building","h":12.0},"geometry":{"type":"Polygon","coordinates":[[[35.913842,56.857263],[35.913688,56.856942],[35.913501,56.856969],[35.913655,56.857289],[35.913842,56.857263]]]}},{"type":"Feature","properties":{"kind":"building","h":15.0},"geometry":{"type":"Polygon","coordinates":[[[35.914721,56.858295],[35.914725,56.85842],[35.916404,56.858406],[35.916401,56.858281],[35.914721,56.858295]]]}},{"type":"Feature","properties":{"kind":"building","h":9.0},"geometry":{"type":"Polygon","coordinates":[[[35.911517,56.858444],[35.911996,56.858437],[35.91199,56.858294],[35.911451,56.858303],[35.911517,56.858444]]]}},{"type":"Feature","properties":{"kind":"building","h":9.0},"geometry":{"type":"Polygon","coordinates":[[[35.912109,56.858441],[35.912366,56.85844],[35.912365,56.858304],[35.912108,56.858304],[35.912109,56.858441]]]}},{"type":"Feature","properties":{"kind":"building","h":6.0},"geometry":{"type":"Polygon","coordinates":[[[35.885301,56.85399],[35.885166,56.854083],[35.885559,56.854252],[35.885414,56.854352],[35.885011,56.854179],[35.884886,56.854265],[35.885269,56.85443],[35.885112,56.854539],[35.884717,56.854368],[35.884573,56.854468],[35.885169,56.854725],[35.885873,56.854236],[35.885301,56.85399]]]}},{"type":"Feature","properties":{"kind":"building","h":9.0},"geometry":{"type":"Polygon","coordinates":[[[35.886121,56.853113],[35.886346,56.853208],[35.886638,56.853],[35.886669,56.852979],[35.886594,56.852947],[35.886444,56.852884],[35.886121,56.853113]]]}},{"type":"Feature","properties":{"kind":"building","h":9.0},"geometry":{"type":"Polygon","coordinates":[[[35.887334,56.853261],[35.887454,56.853177],[35.887341,56.853128],[35.887406,56.853083],[35.887281,56.853029],[35.887211,56.853077],[35.886715,56.852863],[35.886594,56.852947],[35.886669,56.852979],[35.886638,56.853],[35.886975,56.853145],[35.88701,56.853121],[35.887334,56.853261]]]}},{"type":"Feature","properties":{"kind":"building","h":15.0},"geometry":{"type":"Polygon","coordinates":[[[35.902984,56.859218],[35.90319,56.85919],[35.903135,56.85907],[35.901997,56.859227],[35.902023,56.859282],[35.902052,56.859346],[35.902984,56.859218]]]}},{"type":"Feature","properties":{"kind":"building","h":6.0},"geometry":{"type":"Polygon","coordinates":[[[35.922234,56.859197],[35.922041,56.859227],[35.921746,56.859272],[35.92181,56.859396],[35.921918,56.859379],[35.92189,56.859324],[35.922084,56.859293],[35.922137,56.859396],[35.922322,56.859367],[35.922234,56.859197]]]}},{"type":"Feature","properties":{"kind":"building","h":12.0},"geometry":{"type":"Polygon","coordinates":[[[35.916798,56.859347],[35.916223,56.859518],[35.916296,56.859591],[35.916871,56.859419],[35.916798,56.859347]]]}},{"type":"Feature","properties":{"kind":"building","h":3.0},"geometry":{"type":"Polygon","coordinates":[[[35.883442,56.857422],[35.883312,56.857512],[35.883495,56.857593],[35.883625,56.857502],[35.883442,56.857422]]]}},{"type":"Feature","properties":{"kind":"building","h":6.0},"geometry":{"type":"Polygon","coordinates":[[[35.882878,56.857177],[35.882749,56.857268],[35.882995,56.857372],[35.883124,56.857281],[35.882878,56.857177]]]}},{"type":"Feature","properties":{"kind":"building","h":3.0},"geometry":{"type":"Polygon","coordinates":[[[35.883213,56.857321],[35.883083,56.857412],[35.883257,56.857487],[35.883387,56.857397],[35.883213,56.857321]]]}},{"type":"Feature","properties":{"kind":"building","h":9.0},"geometry":{"type":"Polygon","coordinates":[[[35.883646,56.857534],[35.883537,56.857609],[35.883629,56.857649],[35.883738,56.857573],[35.883646,56.857534]]]}},{"type":"Feature","properties":{"kind":"building","h":6.0},"geometry":{"type":"Polygon","coordinates":[[[35.883978,56.85765],[35.883848,56.85774],[35.884034,56.85782],[35.884164,56.85773],[35.883978,56.85765]]]}},{"type":"Feature","properties":{"kind":"building","h":6.0},"geometry":{"type":"Polygon","coordinates":[[[35.884289,56.857786],[35.884159,56.857877],[35.884307,56.85794],[35.884437,56.85785],[35.884289,56.857786]]]}},{"type":"Feature","properties":{"kind":"building","h":3.0},"geometry":{"type":"Polygon","coordinates":[[[35.883785,56.857591],[35.883677,56.857667],[35.883769,56.857706],[35.883877,56.857631],[35.883785,56.857591]]]}},{"type":"Feature","properties":{"kind":"building","h":6.0},"geometry":{"type":"Polygon","coordinates":[[[35.882565,56.85704],[35.882436,56.857131],[35.882693,56.85724],[35.882822,56.857149],[35.882565,56.85704]]]}},{"type":"Feature","properties":{"kind":"building","h":6.0},"geometry":{"type":"Polygon","coordinates":[[[35.884862,56.858018],[35.884733,56.858109],[35.88488,56.858171],[35.885009,56.85808],[35.884862,56.858018]]]}},{"type":"Feature","properties":{"kind":"building","h":15.0},"geometry":{"type":"Polygon","coordinates":[[[35.88964,56.860059],[35.890305,56.860335],[35.8906,56.860122],[35.890424,56.860049],[35.890265,56.860163],[35.889777,56.85996],[35.88964,56.860059]]]}},{"type":"Feature","properties":{"kind":"building","h":9.0},"geometry":{"type":"Polygon","coordinates":[[[35.918701,56.858264],[35.918753,56.858382],[35.919803,56.858226],[35.919739,56.858093],[35.919458,56.858134],[35.919465,56.858151],[35.918701,56.858264]]]}},{"type":"Feature","properties":{"kind":"building","h":9.0},"geometry":{"type":"Polygon","coordinates":[[[35.918701,56.858264],[35.918335,56.858316],[35.918313,56.858292],[35.918225,56.858301],[35.918164,56.858294],[35.918042,56.858062],[35.917979,56.858071],[35.917747,56.858107],[35.917909,56.858421],[35.917936,56.858452],[35.917976,56.858472],[35.91803,56.858482],[35.918092,56.858479],[35.918753,56.858382],[35.918701,56.858264]]]}},{"type":"Feature","properties":{"kind":"building","h":6.0},"geometry":{"type":"Polygon","coordinates":[[[35.920411,56.858138],[35.920587,56.858113],[35.920531,56.857995],[35.920355,56.85802],[35.920411,56.858138]]]}},{"type":"Feature","properties":{"kind":"building","h":6.0},"geometry":{"type":"Polygon","coordinates":[[[35.919803,56.858226],[35.919739,56.858093],[35.920342,56.858007],[35.920406,56.858139],[35.919803,56.858226]]]}},{"type":"Feature","properties":{"kind":"building","h":6.0},"geometry":{"type":"Polygon","coordinates":[[[35.896342,56.861889],[35.896473,56.862263],[35.89668,56.862242],[35.896616,56.86206],[35.8973,56.861989],[35.897363,56.862169],[35.897583,56.862146],[35.897451,56.861768],[35.897109,56.861804],[35.897094,56.861761],[35.896637,56.861809],[35.896654,56.861856],[35.896342,56.861889]]]}},{"type":"Feature","properties":{"kind":"building","h":9.0},"geometry":{"type":"Polygon","coordinates":[[[35.906146,56.857954],[35.906088,56.857844],[35.906456,56.857789],[35.906515,56.857906],[35.906332,56.85793],[35.906427,56.858147],[35.90625,56.85817],[35.906155,56.857953],[35.906146,56.857954]]]}},{"type":"Feature","properties":{"kind":"building","h":12.0},"geometry":{"type":"Polygon","coordinates":[[[35.904456,56.860198],[35.904321,56.860217],[35.904441,56.860472],[35.905972,56.860255],[35.905741,56.859768],[35.90548,56.859805],[35.905504,56.859857],[35.905253,56.859893],[35.905338,56.860073],[35.904801,56.860149],[35.904456,56.860198]]]}},{"type":"Feature","properties":{"kind":"building","h":15.0},"geometry":{"type":"Polygon","coordinates":[[[35.905927,56.858959],[35.905732,56.858987],[35.905974,56.859501],[35.906169,56.859474],[35.905927,56.858959]]]}},{"type":"Feature","properties":{"kind":"building","h":15.0},"geometry":{"type":"Polygon","coordinates":[[[35.909515,56.85881],[35.909515,56.858829],[35.909739,56.858828],[35.909738,56.858686],[35.909514,56.858686],[35.909514,56.858707],[35.908822,56.858709],[35.908771,56.858748],[35.908897,56.859001],[35.909128,56.858971],[35.909041,56.858816],[35.909515,56.85881]]]}},{"type":"Feature","properties":{"kind":"building","h":12.0},"geometry":{"type":"Polygon","coordinates":[[[35.906214,56.859546],[35.90602,56.859575],[35.906257,56.860047],[35.906451,56.860018],[35.906214,56.859546]]]}},{"type":"Feature","properties":{"kind":"building","h":12.0},"geometry":{"type":"Polygon","coordinates":[[[35.909146,56.859505],[35.909377,56.859476],[35.909303,56.859331],[35.909275,56.859269],[35.909202,56.859116],[35.909128,56.858971],[35.908897,56.859001],[35.908971,56.859145],[35.909074,56.859361],[35.909146,56.859505]]]}},{"type":"Feature","properties":{"kind":"building","h":9.0},"geometry":{"type":"Polygon","coordinates":[[[35.879943,56.857882],[35.879771,56.858005],[35.879896,56.858057],[35.879942,56.858024],[35.880067,56.858076],[35.879875,56.858213],[35.879999,56.858264],[35.880187,56.85813],[35.880371,56.858207],[35.8805,56.858114],[35.880239,56.858005],[35.879943,56.857882]]]}},{"type":"Feature","properties":{"kind":"building","h":6.0},"geometry":{"type":"Polygon","coordinates":[[[35.879855,56.858971],[35.880018,56.859041],[35.8801,56.858984],[35.880048,56.858962],[35.880236,56.85883],[35.880274,56.858846],[35.880369,56.85878],[35.88022,56.858716],[35.879855,56.858971]]]}},{"type":"Feature","properties":{"kind":"building","h":6.0},"geometry":{"type":"Polygon","coordinates":[[[35.880283,56.858674],[35.880439,56.858741],[35.880677,56.858575],[35.880521,56.858508],[35.880283,56.858674]]]}},{"type":"Feature","properties":{"kind":"building","h":3.0},"geometry":{"type":"Polygon","coordinates":[[[35.885062,56.854966],[35.884962,56.854923],[35.884723,56.855089],[35.884826,56.855133],[35.885062,56.854966]]]}},{"type":"Feature","properties":{"kind":"building","h":3.0},"geometry":{"type":"Polygon","coordinates":[[[35.907548,56.858733],[35.907548,56.858829],[35.907739,56.858828],[35.907738,56.858732],[35.907548,56.858733]]]}},{"type":"Feature","properties":{"kind":"building","h":6.0},"geometry":{"type":"Polygon","coordinates":[[[35.908065,56.858848],[35.907989,56.858727],[35.907784,56.858728],[35.907906,56.859018],[35.908037,56.859009],[35.907952,56.858848],[35.908065,56.858848]]]}},{"type":"Feature","properties":{"kind":"building","h":6.0},"geometry":{"type":"Polygon","coordinates":[[[35.905985,56.858725],[35.905605,56.858724],[35.905662,56.858861],[35.905985,56.85886],[35.905985,56.85885],[35.905985,56.858725]]]}},{"type":"Feature","properties":{"kind":"building","h":9.0},"geometry":{"type":"Polygon","coordinates":[[[35.907117,56.85873],[35.907117,56.85885],[35.907469,56.85885],[35.90747,56.85873],[35.907117,56.85873]]]}},{"type":"Feature","properties":{"kind":"building","h":12.0},"geometry":{"type":"Polygon","coordinates":[[[35.905715,56.857899],[35.905608,56.857914],[35.905233,56.857966],[35.905341,56.858201],[35.905516,56.858176],[35.905456,56.858047],[35.905651,56.85802],[35.905764,56.858005],[35.905715,56.857899]]]}},{"type":"Feature","properties":{"kind":"building","h":9.0},"geometry":{"type":"Polygon","coordinates":[[[35.909101,56.856915],[35.908837,56.856957],[35.908904,56.857084],[35.909171,56.857043],[35.909101,56.856915]]]}},{"type":"Feature","properties":{"kind":"building","h":9.0},"geometry":{"type":"Polygon","coordinates":[[[35.908629,56.858451],[35.908578,56.858326],[35.908741,56.858324],[35.908751,56.858361],[35.909187,56.858352],[35.909213,56.858447],[35.908629,56.858451]]]}},{"type":"Feature","properties":{"kind":"building","h":9.0},"geometry":{"type":"Polygon","coordinates":[[[35.910108,56.856446],[35.909846,56.856487],[35.91007,56.856914],[35.910332,56.856873],[35.910108,56.856446]]]}},{"type":"Feature","properties":{"kind":"building","h":9.0},"geometry":{"type":"Polygon","coordinates":[[[35.910631,56.858447],[35.911114,56.858439],[35.910952,56.858073],[35.910712,56.858104],[35.91082,56.858335],[35.910617,56.858341],[35.910363,56.858346],[35.910374,56.85845],[35.910631,56.858447]]]}},{"type":"Feature","properties":{"kind":"building","h":6.0},"geometry":{"type":"Polygon","coordinates":[[[35.909213,56.858447],[35.909656,56.85844],[35.90962,56.858263],[35.909707,56.858258],[35.909658,56.858131],[35.909375,56.858162],[35.909426,56.858343],[35.909187,56.858352],[35.909213,56.858447]]]}},{"type":"Feature","properties":{"kind":"building","h":15.0},"geometry":{"type":"Polygon","coordinates":[[[35.897877,56.870487],[35.898147,56.870454],[35.897903,56.869851],[35.897633,56.869883],[35.897877,56.870487]]]}},{"type":"Feature","properties":{"kind":"building","h":15.0},"geometry":{"type":"Polygon","coordinates":[[[35.897804,56.868748],[35.898136,56.869564],[35.898369,56.869535],[35.898037,56.868719],[35.897804,56.868748]]]}},{"type":"Feature","properties":{"kind":"building","h":15.0},"geometry":{"type":"Polygon","coordinates":[[[35.898435,56.868503],[35.898697,56.869134],[35.898947,56.869103],[35.898685,56.868472],[35.898435,56.868503]]]}},{"type":"Feature","properties":{"kind":"building","h":27.0},"geometry":{"type":"Polygon","coordinates":[[[35.896516,56.8685],[35.894311,56.868751],[35.894368,56.868899],[35.896573,56.868648],[35.896516,56.8685]]]}},{"type":"Feature","properties":{"kind":"building","h":12.0},"geometry":{"type":"Polygon","coordinates":[[[35.898173,56.868262],[35.898218,56.868374],[35.89877,56.868307],[35.898725,56.868195],[35.898173,56.868262]]]}},{"type":"Feature","properties":{"kind":"building","h":15.0},"geometry":{"type":"Polygon","coordinates":[[[35.898622,56.870442],[35.898877,56.87041],[35.898587,56.869718],[35.898332,56.86975],[35.898622,56.870442]]]}},{"type":"Feature","properties":{"kind":"building","h":9.0},"geometry":{"type":"Polygon","coordinates":[[[35.900601,56.869804],[35.900779,56.870209],[35.900998,56.87018],[35.90082,56.869775],[35.900601,56.869804]]]}},{"type":"Feature","properties":{"kind":"building","h":6.0},"geometry":{"type":"Polygon","coordinates":[[[35.880921,56.855642],[35.880777,56.855743],[35.881657,56.85612],[35.881459,56.856259],[35.881855,56.856429],[35.881985,56.856338],[35.881763,56.856243],[35.882052,56.856041],[35.881844,56.855952],[35.881768,56.856005],[35.880921,56.855642]]]}},{"type":"Feature","properties":{"kind":"building","h":9.0},"geometry":{"type":"Polygon","coordinates":[[[35.88027,56.856201],[35.880482,56.856292],[35.880644,56.856177],[35.880431,56.856085],[35.88027,56.856201]]]}},{"type":"Feature","properties":{"kind":"building","h":6.0},"geometry":{"type":"Polygon","coordinates":[[[35.889213,56.868836],[35.889285,56.868974],[35.889996,56.868863],[35.889925,56.868725],[35.889213,56.868836]]]}},{"type":"Feature","properties":{"kind":"building","h":15.0},"geometry":{"type":"Polygon","coordinates":[[[35.889993,56.868078],[35.890056,56.868207],[35.891558,56.867989],[35.891495,56.86786],[35.889993,56.868078]]]}},{"type":"Feature","properties":{"kind":"building","h":15.0},"geometry":{"type":"Polygon","coordinates":[[[35.890825,56.868323],[35.891116,56.868882],[35.891345,56.868846],[35.891053,56.868287],[35.890825,56.868323]]]}},{"type":"Feature","properties":{"kind":"building","h":15.0},"geometry":{"type":"Polygon","coordinates":[[[35.888517,56.868638],[35.88881,56.869201],[35.889021,56.869168],[35.888728,56.868605],[35.888517,56.868638]]]}},{"type":"Feature","properties":{"kind":"building","h":15.0},"geometry":{"type":"Polygon","coordinates":[[[35.890183,56.868439],[35.890467,56.868984],[35.890691,56.868949],[35.890407,56.868404],[35.890267,56.868426],[35.890183,56.868439]]]}},{"type":"Feature","properties":{"kind":"building","h":9.0},"geometry":{"type":"Polygon","coordinates":[[[35.888292,56.86878],[35.888351,56.868885],[35.88851,56.868858],[35.888452,56.868753],[35.888292,56.86878]]]}},{"type":"Feature","properties":{"kind":"building","h":15.0},"geometry":{"type":"Polygon","coordinates":[[[35.887792,56.8688],[35.888078,56.869349],[35.888293,56.869315],[35.888007,56.868767],[35.887792,56.8688]]]}},{"type":"Feature","properties":{"kind":"building","h":15.0},"geometry":{"type":"Polygon","coordinates":[[[35.89202,56.868743],[35.891706,56.86814],[35.891483,56.868175],[35.891797,56.868777],[35.89202,56.868743]]]}},{"type":"Feature","properties":{"kind":"building","h":15.0},"geometry":{"type":"Polygon","coordinates":[[[35.886935,56.868542],[35.88699,56.868655],[35.888481,56.868437],[35.888425,56.868324],[35.886935,56.868542]]]}},{"type":"Feature","properties":{"kind":"building","h":15.0},"geometry":{"type":"Polygon","coordinates":[[[35.88767,56.869423],[35.887315,56.868797],[35.887239,56.86881],[35.88711,56.868832],[35.887465,56.869457],[35.88767,56.869423]]]}},{"type":"Feature","properties":{"kind":"building","h":15.0},"geometry":{"type":"Polygon","coordinates":[[[35.887895,56.869739],[35.88769,56.869775],[35.888161,56.870589],[35.888366,56.870554],[35.887895,56.869739]]]}},{"type":"Feature","properties":{"kind":"building","h":15.0},"geometry":{"type":"Polygon","coordinates":[[[35.891582,56.869196],[35.891352,56.869232],[35.891599,56.869709],[35.891829,56.869674],[35.891582,56.869196]]]}},{"type":"Feature","properties":{"kind":"building","h":9.0},"geometry":{"type":"Polygon","coordinates":[[[35.892318,56.869806],[35.892352,56.869873],[35.892375,56.869869],[35.89242,56.869955],[35.892381,56.869961],[35.892443,56.870083],[35.892479,56.870077],[35.892522,56.870163],[35.892499,56.870167],[35.892529,56.870225],[35.892739,56.870193],[35.892719,56.870153],[35.892744,56.870149],[35.89268,56.870025],[35.892657,56.870029],[35.892612,56.869941],[35.892638,56.869937],[35.892578,56.86982],[35.892554,56.869824],[35.892529,56.869774],[35.892318,56.869806]]]}},{"type":"Feature","properties":{"kind":"building","h":15.0},"geometry":{"type":"Polygon","coordinates":[[[35.890871,56.869298],[35.890622,56.869335],[35.890874,56.869835],[35.891122,56.869797],[35.890871,56.869298]]]}},{"type":"Feature","properties":{"kind":"building","h":15.0},"geometry":{"type":"Polygon","coordinates":[[[35.889198,56.869582],[35.888994,56.869616],[35.889297,56.870153],[35.889501,56.870118],[35.889198,56.869582]]]}},{"type":"Feature","properties":{"kind":"building","h":15.0},"geometry":{"type":"Polygon","coordinates":[[[35.888528,56.869655],[35.88834,56.869688],[35.888657,56.870236],[35.888844,56.870204],[35.888528,56.869655]]]}},{"type":"Feature","properties":{"kind":"building","h":15.0},"geometry":{"type":"Polygon","coordinates":[[[35.891973,56.86911],[35.892226,56.869614],[35.892439,56.869581],[35.892191,56.869075],[35.891973,56.86911]]]}},{"type":"Feature","properties":{"kind":"building","h":9.0},"geometry":{"type":"Polygon","coordinates":[[[35.889835,56.869789],[35.890054,56.869753],[35.890016,56.869684],[35.890223,56.86965],[35.890261,56.869719],[35.890461,56.869686],[35.890361,56.869506],[35.889736,56.869608],[35.889835,56.869789]]]}},{"type":"Feature","properties":{"kind":"building","h":3.0},"geometry":{"type":"Polygon","coordinates":[[[35.879878,56.855021],[35.880038,56.855003],[35.879997,56.854891],[35.879836,56.854909],[35.879878,56.855021]]]}},{"type":"Feature","properties":{"kind":"building","h":6.0},"geometry":{"type":"Polygon","coordinates":[[[35.88259,56.855147],[35.882428,56.855267],[35.882595,56.855334],[35.882463,56.855431],[35.882597,56.855485],[35.882729,56.855387],[35.882888,56.855451],[35.882842,56.855486],[35.883133,56.855603],[35.88318,56.855567],[35.883333,56.855629],[35.883231,56.855704],[35.883367,56.855759],[35.883472,56.855682],[35.883602,56.855734],[35.883758,56.855618],[35.88259,56.855147]]]}},{"type":"Feature","properties":{"kind":"building","h":3.0},"geometry":{"type":"Polygon","coordinates":[[[35.880195,56.854985],[35.880475,56.854954],[35.880441,56.85486],[35.880161,56.85489],[35.880195,56.854985]]]}},{"type":"Feature","properties":{"kind":"building","h":3.0},"geometry":{"type":"Polygon","coordinates":[[[35.880641,56.854932],[35.880868,56.854906],[35.880826,56.854796],[35.880599,56.854822],[35.880641,56.854932]]]}},{"type":"Feature","properties":{"kind":"building","h":6.0},"geometry":{"type":"Polygon","coordinates":[[[35.880018,56.856095],[35.880168,56.856154],[35.880318,56.85604],[35.880168,56.855981],[35.880018,56.856095]]]}},{"type":"Feature","properties":{"kind":"building","h":6.0},"geometry":{"type":"Polygon","coordinates":[[[35.893648,56.869172],[35.893719,56.869358],[35.894435,56.869276],[35.894364,56.86909],[35.893648,56.869172]]]}},{"type":"Feature","properties":{"kind":"building","h":15.0},"geometry":{"type":"Polygon","coordinates":[[[35.894231,56.870008],[35.894009,56.869534],[35.893755,56.869569],[35.893978,56.870044],[35.894231,56.870008]]]}},{"type":"Feature","properties":{"kind":"building","h":15.0},"geometry":{"type":"Polygon","coordinates":[[[35.897036,56.870583],[35.897306,56.87055],[35.897062,56.869947],[35.896792,56.869979],[35.897036,56.870583]]]}},{"type":"Feature","properties":{"kind":"building","h":9.0},"geometry":{"type":"Polygon","coordinates":[[[35.899947,56.869356],[35.900371,56.869299],[35.900481,56.869543],[35.900766,56.869505],[35.900488,56.868882],[35.90021,56.86892],[35.900317,56.869159],[35.899885,56.869217],[35.899861,56.869163],[35.89937,56.869229],[35.899478,56.86947],[35.899721,56.869437],[35.899969,56.869404],[35.899947,56.869356]]]}},{"type":"Feature","properties":{"kind":"building","h":3.0},"geometry":{"type":"Polygon","coordinates":[[[35.879926,56.854418],[35.880135,56.85439],[35.880095,56.854302],[35.879887,56.854329],[35.879926,56.854418]]]}},{"type":"Feature","properties":{"kind":"building","h":3.0},"geometry":{"type":"Polygon","coordinates":[[[35.88032,56.854361],[35.880529,56.854334],[35.880489,56.854245],[35.880281,56.854273],[35.88032,56.854361]]]}},{"type":"Feature","properties":{"kind":"building","h":3.0},"geometry":{"type":"Polygon","coordinates":[[[35.880952,56.854326],[35.881161,56.854299],[35.881107,56.85417],[35.880898,56.854197],[35.880952,56.854326]]]}},{"type":"Feature","properties":{"kind":"building","h":3.0},"geometry":{"type":"Polygon","coordinates":[[[35.880632,56.854329],[35.880754,56.854313],[35.880715,56.854225],[35.880593,56.854241],[35.880632,56.854329]]]}},{"type":"Feature","properties":{"kind":"building","h":9.0},"geometry":{"type":"Polygon","coordinates":[[[35.880947,56.854631],[35.880894,56.854753],[35.881093,56.854779],[35.881146,56.854656],[35.880947,56.854631]]]}},{"type":"Feature","properties":{"kind":"building","h":9.0},"geometry":{"type":"Polygon","coordinates":[[[35.881014,56.854488],[35.880979,56.854576],[35.881179,56.854599],[35.881214,56.854511],[35.881014,56.854488]]]}},{"type":"Feature","properties":{"kind":"building","h":9.0},"geometry":{"type":"Polygon","coordinates":[[[35.880164,56.854119],[35.880308,56.854093],[35.880245,56.853991],[35.880101,56.854018],[35.880164,56.854119]]]}},{"type":"Feature","properties":{"kind":"building","h":3.0},"geometry":{"type":"Polygon","coordinates":[[[35.882087,56.854452],[35.882058,56.85452],[35.882281,56.854549],[35.88231,56.854481],[35.882087,56.854452]]]}},{"type":"Feature","properties":{"kind":"building","h":3.0},"geometry":{"type":"Polygon","coordinates":[[[35.881538,56.854671],[35.881479,56.854754],[35.881666,56.854794],[35.881725,56.854711],[35.881538,56.854671]]]}},{"type":"Feature","properties":{"kind":"building","h":3.0},"geometry":{"type":"Polygon","coordinates":[[[35.881801,56.854418],[35.881793,56.854528],[35.881925,56.85453],[35.881934,56.85442],[35.881801,56.854418]]]}},{"type":"Feature","properties":{"kind":"building","h":9.0},"geometry":{"type":"Polygon","coordinates":[[[35.88079,56.854002],[35.880993,56.853966],[35.880934,56.853864],[35.880731,56.8539],[35.88079,56.854002]]]}},{"type":"Feature","properties":{"kind":"building","h":9.0},"geometry":{"type":"Polygon","coordinates":[[[35.880472,56.854063],[35.880617,56.854036],[35.880554,56.853934],[35.880409,56.853961],[35.880472,56.854063]]]}},{"type":"Feature","properties":{"kind":"building","h":6.0},"geometry":{"type":"Polygon","coordinates":[[[35.883688,56.854686],[35.884241,56.854904],[35.884339,56.854829],[35.883786,56.854611],[35.883688,56.854686]]]}},{"type":"Feature","properties":{"kind":"building","h":9.0},"geometry":{"type":"Polygon","coordinates":[[[35.881811,56.850173],[35.881746,56.850043],[35.881533,56.850075],[35.881598,56.850205],[35.881811,56.850173]]]}},{"type":"Feature","properties":{"kind":"building","h":3.0},"geometry":{"type":"Polygon","coordinates":[[[35.880313,56.850357],[35.880393,56.850347],[35.880364,56.850278],[35.880285,56.850288],[35.880293,56.850308],[35.880313,56.850357]]]}},{"type":"Feature","properties":{"kind":"building","h":3.0},"geometry":{"type":"Polygon","coordinates":[[[35.881006,56.850735],[35.881143,56.850715],[35.881101,56.850632],[35.880964,56.850653],[35.881006,56.850735]]]}},{"type":"Feature","properties":{"kind":"building","h":3.0},"geometry":{"type":"Polygon","coordinates":[[[35.880425,56.850825],[35.880562,56.850804],[35.88052,56.850722],[35.880383,56.850743],[35.880425,56.850825]]]}},{"type":"Feature","properties":{"kind":"building","h":3.0},"geometry":{"type":"Polygon","coordinates":[[[35.880184,56.850375],[35.880313,56.850357],[35.880293,56.850308],[35.880164,56.850325],[35.880184,56.850375]]]}},{"type":"Feature","properties":{"kind":"building","h":9.0},"geometry":{"type":"Polygon","coordinates":[[[35.881728,56.850007],[35.881674,56.849896],[35.881535,56.849916],[35.881589,56.850027],[35.881728,56.850007]]]}},{"type":"Feature","properties":{"kind":"building","h":9.0},"geometry":{"type":"Polygon","coordinates":[[[35.881882,56.850358],[35.881819,56.85023],[35.881645,56.850255],[35.881707,56.850383],[35.881882,56.850358]]]}},{"type":"Feature","properties":{"kind":"building","h":3.0},"geometry":{"type":"Polygon","coordinates":[[[35.881624,56.850643],[35.881761,56.850622],[35.881719,56.85054],[35.881582,56.850561],[35.881624,56.850643]]]}},{"type":"Feature","properties":{"kind":"building","h":6.0},"geometry":{"type":"Polygon","coordinates":[[[35.880088,56.850156],[35.880743,56.850073],[35.880696,56.849962],[35.880041,56.850045],[35.880088,56.850156]]]}},{"type":"Feature","properties":{"kind":"building","h":3.0},"geometry":{"type":"Polygon","coordinates":[[[35.881325,56.850661],[35.881462,56.85064],[35.88142,56.850558],[35.881283,56.850579],[35.881325,56.850661]]]}},{"type":"Feature","properties":{"kind":"building","h":3.0},"geometry":{"type":"Polygon","coordinates":[[[35.880393,56.850347],[35.880479,56.850336],[35.88045,56.850267],[35.880364,56.850278],[35.880393,56.850347]]]}},{"type":"Feature","properties":{"kind":"building","h":9.0},"geometry":{"type":"Polygon","coordinates":[[[35.884158,56.850226],[35.884313,56.850204],[35.884251,56.850073],[35.884095,56.850095],[35.884158,56.850226]]]}},{"type":"Feature","properties":{"kind":"building","h":9.0},"geometry":{"type":"Polygon","coordinates":[[[35.882075,56.850167],[35.882368,56.85012],[35.882318,56.850026],[35.882025,56.850073],[35.882075,56.850167]]]}},{"type":"Feature","properties":{"kind":"building","h":9.0},"geometry":{"type":"Polygon","coordinates":[[[35.882181,56.850395],[35.88236,56.85037],[35.882287,56.850217],[35.882109,56.850242],[35.882181,56.850395]]]}},{"type":"Feature","properties":{"kind":"building","h":6.0},"geometry":{"type":"Polygon","coordinates":[[[35.888514,56.849852],[35.888136,56.8499],[35.888223,56.850103],[35.8886,56.850055],[35.888514,56.849852]]]}},{"type":"Feature","properties":{"kind":"building","h":12.0},"geometry":{"type":"Polygon","coordinates":[[[35.896434,56.867602],[35.89627,56.867212],[35.89681,56.867144],[35.896869,56.867282],[35.896655,56.867309],[35.896645,56.867285],[35.896565,56.867295],[35.89663,56.867449],[35.896651,56.867446],[35.896702,56.867568],[35.896434,56.867602]]]}},{"type":"Feature","properties":{"kind":"building","h":15.0},"geometry":{"type":"Polygon","coordinates":[[[35.897129,56.868011],[35.897087,56.867898],[35.897705,56.86783],[35.897746,56.867943],[35.897129,56.868011]]]}},{"type":"Feature","properties":{"kind":"building","h":12.0},"geometry":{"type":"Polygon","coordinates":[[[35.899148,56.867841],[35.899106,56.86773],[35.899361,56.867701],[35.899082,56.866968],[35.898882,56.866991],[35.89884,56.866881],[35.899245,56.866835],[35.899608,56.867788],[35.899148,56.867841]]]}},{"type":"Feature","properties":{"kind":"building","h":12.0},"geometry":{"type":"Polygon","coordinates":[[[35.897997,56.867971],[35.897954,56.86786],[35.898787,56.867764],[35.89883,56.867874],[35.897997,56.867971]]]}},{"type":"Feature","properties":{"kind":"building","h":15.0},"geometry":{"type":"Polygon","coordinates":[[[35.894731,56.868255],[35.894674,56.868117],[35.89566,56.867996],[35.895716,56.868134],[35.894731,56.868255]]]}},{"type":"Feature","properties":{"kind":"building","h":12.0},"geometry":{"type":"Polygon","coordinates":[[[35.897118,56.867255],[35.89707,56.867131],[35.898094,56.867016],[35.89814,56.86713],[35.897118,56.867255]]]}},{"type":"Feature","properties":{"kind":"building","h":9.0},"geometry":{"type":"Polygon","coordinates":[[[35.898248,56.867049],[35.898207,56.866944],[35.898628,56.866902],[35.898668,56.867006],[35.898248,56.867049]]]}},{"type":"Feature","properties":{"kind":"building","h":12.0},"geometry":{"type":"Polygon","coordinates":[[[35.900702,56.866836],[35.900984,56.867624],[35.901804,56.867536],[35.901756,56.867402],[35.901148,56.867467],[35.900914,56.866814],[35.900702,56.866836]]]}},{"type":"Feature","properties":{"kind":"building","h":12.0},"geometry":{"type":"Polygon","coordinates":[[[35.900674,56.866826],[35.900622,56.866672],[35.901202,56.866606],[35.901255,56.86676],[35.900674,56.866826]]]}},{"type":"Feature","properties":{"kind":"building","h":3.0},"geometry":{"type":"Polygon","coordinates":[[[35.887413,56.850112],[35.887446,56.850226],[35.887736,56.850203],[35.887703,56.850089],[35.887413,56.850112]]]}},{"type":"Feature","properties":{"kind":"building","h":9.0},"geometry":{"type":"Polygon","coordinates":[[[35.896669,56.867738],[35.896638,56.867666],[35.896737,56.867653],[35.896768,56.867725],[35.896669,56.867738]]]}},{"type":"Feature","properties":{"kind":"building","h":9.0},"geometry":{"type":"Polygon","coordinates":[[[35.897158,56.86769],[35.897118,56.86758],[35.897303,56.86756],[35.897343,56.86767],[35.897158,56.86769]]]}},{"type":"Feature","properties":{"kind":"building","h":12.0},"geometry":{"type":"Polygon","coordinates":[[[35.895982,56.868248],[35.895926,56.868114],[35.896022,56.868102],[35.895927,56.867872],[35.896174,56.867841],[35.896325,56.868206],[35.895982,56.868248]]]}},{"type":"Feature","properties":{"kind":"building","h":9.0},"geometry":{"type":"Polygon","coordinates":[[[35.894717,56.867873],[35.894664,56.867739],[35.895721,56.867614],[35.895774,56.867748],[35.894717,56.867873]]]}},{"type":"Feature","properties":{"kind":"building","h":15.0},"geometry":{"type":"Polygon","coordinates":[[[35.893159,56.867669],[35.893119,56.867565],[35.894433,56.867413],[35.894474,56.867517],[35.893159,56.867669]]]}},{"type":"Feature","properties":{"kind":"building","h":12.0},"geometry":{"type":"Polygon","coordinates":[[[35.89475,56.867654],[35.894644,56.867384],[35.895922,56.867234],[35.896033,56.867516],[35.895792,56.867544],[35.895722,56.867367],[35.894916,56.867462],[35.894981,56.867627],[35.89475,56.867654]]]}},{"type":"Feature","properties":{"kind":"building","h":15.0},"geometry":{"type":"Polygon","coordinates":[[[35.892883,56.867958],[35.892753,56.867636],[35.893005,56.867605],[35.893128,56.867591],[35.893159,56.867669],[35.893036,56.867683],[35.892994,56.867689],[35.893093,56.867933],[35.892883,56.867958]]]}},{"type":"Feature","properties":{"kind":"building","h":3.0},"geometry":{"type":"Polygon","coordinates":[[[35.919703,56.859541],[35.919888,56.859516],[35.919933,56.859613],[35.919748,56.859638],[35.919703,56.859541]]]}},{"type":"Feature","properties":{"kind":"building","h":15.0},"geometry":{"type":"Polygon","coordinates":[[[35.91914,56.860416],[35.918948,56.860036],[35.918713,56.860071],[35.918904,56.860451],[35.918959,56.860443],[35.91914,56.860416]]]}},{"type":"Feature","properties":{"kind":"building","h":6.0},"geometry":{"type":"Polygon","coordinates":[[[35.919584,56.860638],[35.91988,56.860585],[35.919804,56.860456],[35.919508,56.860508],[35.919584,56.860638]]]}},{"type":"Feature","properties":{"kind":"building","h":6.0},"geometry":{"type":"Polygon","coordinates":[[[35.919083,56.860716],[35.919037,56.860618],[35.919307,56.860576],[35.919353,56.860674],[35.919083,56.860716]]]}},{"type":"Feature","properties":{"kind":"building","h":15.0},"geometry":{"type":"Polygon","coordinates":[[[35.918963,56.859757],[35.919434,56.859687],[35.919578,56.859977],[35.9198,56.859944],[35.919636,56.859614],[35.919506,56.859634],[35.919476,56.859574],[35.918914,56.859658],[35.918963,56.859757]]]}},{"type":"Feature","properties":{"kind":"building","h":15.0},"geometry":{"type":"Polygon","coordinates":[[[35.918627,56.859901],[35.918713,56.860071],[35.918948,56.860036],[35.918863,56.859866],[35.918627,56.859901]]]}},{"type":"Feature","properties":{"kind":"building","h":9.0},"geometry":{"type":"Polygon","coordinates":[[[35.920237,56.860319],[35.920362,56.860298],[35.920303,56.860194],[35.920434,56.860172],[35.920311,56.859953],[35.920174,56.859976],[35.919958,56.860012],[35.920139,56.860336],[35.920237,56.860319]]]}},{"type":"Feature","properties":{"kind":"building","h":6.0},"geometry":{"type":"Polygon","coordinates":[[[35.920667,56.860428],[35.920943,56.860384],[35.921041,56.860368],[35.920979,56.860253],[35.920604,56.860313],[35.920667,56.860428]]]}},{"type":"Feature","properties":{"kind":"building","h":27.0},"geometry":{"type":"Polygon","coordinates":[[[35.910435,56.866984],[35.91137,56.866879],[35.911327,56.866764],[35.910392,56.866868],[35.910435,56.866984]]]}},{"type":"Feature","properties":{"kind":"building","h":9.0},"geometry":{"type":"Polygon","coordinates":[[[35.911446,56.86687],[35.911709,56.86684],[35.911738,56.866838],[35.911797,56.866832],[35.911778,56.866788],[35.911754,56.866744],[35.911722,56.866717],[35.911658,56.866691],[35.91155,56.866685],[35.911311,56.866716],[35.911321,56.866741],[35.911327,56.866764],[35.91137,56.866879],[35.911446,56.86687]]]}},{"type":"Feature","properties":{"kind":"building","h":15.0},"geometry":{"type":"Polygon","coordinates":[[[35.909456,56.867065],[35.910033,56.866998],[35.909988,56.866884],[35.909412,56.866951],[35.909456,56.867065]]]}},{"type":"Feature","properties":{"kind":"building","h":15.0},"geometry":{"type":"Polygon","coordinates":[[[35.910148,56.867846],[35.910369,56.86782],[35.910119,56.867196],[35.909898,56.867223],[35.910148,56.867846]]]}},{"type":"Feature","properties":{"kind":"building","h":27.0},"geometry":{"type":"Polygon","coordinates":[[[35.912936,56.870272],[35.912911,56.870275],[35.912751,56.869847],[35.912676,56.869855],[35.91249,56.869875],[35.912653,56.870312],[35.912592,56.870318],[35.912561,56.870236],[35.912123,56.870285],[35.9122,56.870492],[35.912755,56.87043],[35.912762,56.87045],[35.912858,56.87044],[35.912843,56.8704],[35.912978,56.870385],[35.912936,56.870272]]]}},{"type":"Feature","properties":{"kind":"building","h":27.0},"geometry":{"type":"Polygon","coordinates":[[[35.913916,56.869715],[35.91402,56.870005],[35.913903,56.870014],[35.913994,56.870243],[35.914325,56.870203],[35.914317,56.870183],[35.91485,56.870118],[35.914786,56.869968],[35.914355,56.870021],[35.914363,56.870052],[35.914302,56.870058],[35.914246,56.869919],[35.914194,56.869791],[35.91415,56.869683],[35.913986,56.869705],[35.913916,56.869715]]]}},{"type":"Feature","properties":{"kind":"building","h":15.0},"geometry":{"type":"Polygon","coordinates":[[[35.910365,56.868195],[35.910652,56.868159],[35.910576,56.867979],[35.910361,56.868006],[35.910365,56.868195]]]}},{"type":"Feature","properties":{"kind":"building","h":15.0},"geometry":{"type":"Polygon","coordinates":[[[35.906449,56.869193],[35.90665,56.869169],[35.90636,56.868429],[35.906327,56.868432],[35.906159,56.868452],[35.906449,56.869193]]]}},{"type":"Feature","properties":{"kind":"building","h":18.0},"geometry":{"type":"Polygon","coordinates":[[[35.913752,56.866948],[35.913224,56.86701],[35.913209,56.866973],[35.912721,56.867031],[35.912786,56.867195],[35.912856,56.867187],[35.913117,56.867844],[35.912994,56.867859],[35.913054,56.86801],[35.914002,56.867897],[35.913857,56.867533],[35.913589,56.867564],[35.91368,56.867793],[35.913382,56.867828],[35.913341,56.867725],[35.913403,56.867718],[35.913233,56.867291],[35.913122,56.867304],[35.913065,56.867161],[35.913802,56.867073],[35.913752,56.866948]]]}},{"type":"Feature","properties":{"kind":"building","h":15.0},"geometry":{"type":"Polygon","coordinates":[[[35.905864,56.867376],[35.906193,56.868229],[35.906326,56.868214],[35.906409,56.868204],[35.906395,56.868167],[35.9061,56.867401],[35.906081,56.867351],[35.905864,56.867376]]]}},{"type":"Feature","properties":{"kind":"building","h":9.0},"geometry":{"type":"Polygon","coordinates":[[[35.906476,56.868277],[35.907112,56.868204],[35.907068,56.868089],[35.906395,56.868167],[35.906409,56.868204],[35.906447,56.8682],[35.906476,56.868277]]]}},{"type":"Feature","properties":{"kind":"building","h":9.0},"geometry":{"type":"Polygon","coordinates":[[[35.906329,56.867477],[35.906568,56.867448],[35.906561,56.867433],[35.906763,56.867408],[35.906769,56.867423],[35.907017,56.867392],[35.906957,56.867247],[35.906269,56.867332],[35.906329,56.867477]]]}},{"type":"Feature","properties":{"kind":"building","h":6.0},"geometry":{"type":"Polygon","coordinates":[[[35.881125,56.856975],[35.880978,56.857082],[35.880823,56.857194],[35.881222,56.857358],[35.881523,56.85714],[35.881125,56.856975]]]}},{"type":"Feature","properties":{"kind":"building","h":9.0},"geometry":{"type":"Polygon","coordinates":[[[35.914696,56.868827],[35.914911,56.868807],[35.914877,56.868696],[35.914662,56.868716],[35.914696,56.868827]]]}},{"type":"Feature","properties":{"kind":"building","h":3.0},"geometry":{"type":"Polygon","coordinates":[[[35.914749,56.868975],[35.914865,56.868963],[35.914848,56.868913],[35.914731,56.868924],[35.914749,56.868975]]]}},{"type":"Feature","properties":{"kind":"building","h":3.0},"geometry":{"type":"Polygon","coordinates":[[[35.914799,56.869122],[35.914891,56.869112],[35.914875,56.869067],[35.914783,56.869077],[35.914799,56.869122]]]}},{"type":"Feature","properties":{"kind":"building","h":3.0},"geometry":{"type":"Polygon","coordinates":[[[35.914916,56.869402],[35.915058,56.869387],[35.915025,56.86929],[35.914883,56.869304],[35.914916,56.869402]]]}},{"type":"Feature","properties":{"kind":"building","h":12.0},"geometry":{"type":"Polygon","coordinates":[[[35.906988,56.857343],[35.907268,56.857304],[35.907255,56.857276],[35.907247,56.857257],[35.907191,56.857142],[35.90703,56.857165],[35.907066,56.85724],[35.906945,56.857257],[35.906988,56.857343]]]}},{"type":"Feature","properties":{"kind":"building","h":9.0},"geometry":{"type":"Polygon","coordinates":[[[35.888564,56.855366],[35.888685,56.855415],[35.888575,56.855496],[35.888454,56.855447],[35.888564,56.855366]]]}},{"type":"Feature","properties":{"kind":"building","h":6.0},"geometry":{"type":"Polygon","coordinates":[[[35.892184,56.856884],[35.892066,56.856833],[35.891962,56.856905],[35.89208,56.856955],[35.892184,56.856884]]]}},{"type":"Feature","properties":{"kind":"building","h":9.0},"geometry":{"type":"Polygon","coordinates":[[[35.890587,56.856217],[35.890763,56.856293],[35.890654,56.856375],[35.890479,56.856299],[35.890587,56.856217]]]}},{"type":"Feature","properties":{"kind":"building","h":9.0},"geometry":{"type":"Polygon","coordinates":[[[35.886284,56.854408],[35.886386,56.85445],[35.88629,56.85452],[35.886188,56.854478],[35.886284,56.854408]]]}},{"type":"Feature","properties":{"kind":"building","h":6.0},"geometry":{"type":"Polygon","coordinates":[[[35.894763,56.858041],[35.894617,56.857978],[35.894666,56.857944],[35.894457,56.857854],[35.894329,56.857942],[35.894683,56.858096],[35.894763,56.858041]]]}},{"type":"Feature","properties":{"kind":"building","h":9.0},"geometry":{"type":"Polygon","coordinates":[[[35.88901,56.85556],[35.889131,56.855609],[35.889021,56.85569],[35.8889,56.855641],[35.88901,56.85556]]]}},{"type":"Feature","properties":{"kind":"building","h":9.0},"geometry":{"type":"Polygon","coordinates":[[[35.895003,56.858109],[35.894857,56.85821],[35.895127,56.858326],[35.895273,56.858225],[35.895003,56.858109]]]}},{"type":"Feature","properties":{"kind":"building","h":6.0},"geometry":{"type":"Polygon","coordinates":[[[35.891635,56.856659],[35.891486,56.856762],[35.891668,56.856841],[35.891817,56.856738],[35.891635,56.856659]]]}},{"type":"Feature","properties":{"kind":"building","h":9.0},"geometry":{"type":"Polygon","coordinates":[[[35.889666,56.855831],[35.88978,56.855876],[35.889671,56.855958],[35.889557,56.855912],[35.889666,56.855831]]]}},{"type":"Feature","properties":{"kind":"building","h":9.0},"geometry":{"type":"Polygon","coordinates":[[[35.887358,56.854856],[35.887479,56.854905],[35.887369,56.854986],[35.887248,56.854937],[35.887358,56.854856]]]}},{"type":"Feature","properties":{"kind":"building","h":9.0},"geometry":{"type":"Polygon","coordinates":[[[35.886997,56.854891],[35.887118,56.85494],[35.887008,56.855021],[35.886887,56.854972],[35.886997,56.854891]]]}},{"type":"Feature","properties":{"kind":"building","h":9.0},"geometry":{"type":"Polygon","coordinates":[[[35.890039,56.856556],[35.889926,56.856641],[35.890441,56.856847],[35.890554,56.856762],[35.890039,56.856556]]]}},{"type":"Feature","properties":{"kind":"building","h":3.0},"geometry":{"type":"Polygon","coordinates":[[[35.894118,56.857785],[35.89402,56.857743],[35.89394,56.857799],[35.894038,56.857841],[35.894118,56.857785]]]}},{"type":"Feature","properties":{"kind":"building","h":9.0},"geometry":{"type":"Polygon","coordinates":[[[35.892775,56.857129],[35.892681,56.857088],[35.892589,56.857152],[35.892683,56.857192],[35.892775,56.857129]]]}},{"type":"Feature","properties":{"kind":"building","h":9.0},"geometry":{"type":"Polygon","coordinates":[[[35.886954,56.854687],[35.887075,56.854737],[35.886964,56.854818],[35.886844,56.854769],[35.886954,56.854687]]]}},{"type":"Feature","properties":{"kind":"building","h":9.0},"geometry":{"type":"Polygon","coordinates":[[[35.893757,56.857541],[35.893601,56.857474],[35.893498,56.857546],[35.893653,56.857613],[35.893757,56.857541]]]}},{"type":"Feature","properties":{"kind":"building","h":9.0},"geometry":{"type":"Polygon","coordinates":[[[35.893436,56.857404],[35.893306,56.857348],[35.893202,56.857419],[35.893333,56.857476],[35.893436,56.857404]]]}},{"type":"Feature","properties":{"kind":"building","h":9.0},"geometry":{"type":"Polygon","coordinates":[[[35.895832,56.858465],[35.895419,56.858293],[35.895261,56.858406],[35.895674,56.858578],[35.895832,56.858465]]]}},{"type":"Feature","properties":{"kind":"building","h":3.0},"geometry":{"type":"Polygon","coordinates":[[[35.894197,56.857728],[35.894098,56.857687],[35.89402,56.857743],[35.894118,56.857785],[35.894197,56.857728]]]}},{"type":"Feature","properties":{"kind":"building","h":9.0},"geometry":{"type":"Polygon","coordinates":[[[35.891122,56.856441],[35.891225,56.856486],[35.891111,56.856565],[35.891007,56.85652],[35.891122,56.856441]]]}},{"type":"Feature","properties":{"kind":"building","h":9.0},"geometry":{"type":"Polygon","coordinates":[[[35.887753,56.855024],[35.887893,56.855082],[35.887782,56.855163],[35.887642,56.855105],[35.887753,56.855024]]]}},{"type":"Feature","properties":{"kind":"building","h":9.0},"geometry":{"type":"Polygon","coordinates":[[[35.890171,56.856044],[35.890285,56.856089],[35.890176,56.856171],[35.890062,56.856126],[35.890171,56.856044]]]}},{"type":"Feature","properties":{"kind":"building","h":9.0},"geometry":{"type":"Polygon","coordinates":[[[35.886629,56.854552],[35.886769,56.85461],[35.886658,56.854691],[35.886518,56.854633],[35.886629,56.854552]]]}},{"type":"Feature","properties":{"kind":"building","h":9.0},"geometry":{"type":"Polygon","coordinates":[[[35.89145,56.856582],[35.891553,56.856626],[35.891439,56.856705],[35.891335,56.856661],[35.89145,56.856582]]]}},{"type":"Feature","properties":{"kind":"building","h":9.0},"geometry":{"type":"Polygon","coordinates":[[[35.892598,56.857059],[35.892429,56.856991],[35.892226,56.85714],[35.892395,56.857208],[35.892598,56.857059]]]}},{"type":"Feature","properties":{"kind":"building","h":9.0},"geometry":{"type":"Polygon","coordinates":[[[35.890961,56.856373],[35.891065,56.856417],[35.89095,56.856497],[35.890847,56.856452],[35.890961,56.856373]]]}},{"type":"Feature","properties":{"kind":"building","h":9.0},"geometry":{"type":"Polygon","coordinates":[[[35.893128,56.857277],[35.892982,56.857219],[35.892878,56.857296],[35.893025,56.857355],[35.893128,56.857277]]]}},{"type":"Feature","properties":{"kind":"building","h":9.0},"geometry":{"type":"Polygon","coordinates":[[[35.892351,56.857525],[35.892222,56.857617],[35.892803,56.857861],[35.892932,56.857769],[35.892351,56.857525]]]}},{"type":"Feature","properties":{"kind":"building","h":9.0},"geometry":{"type":"Polygon","coordinates":[[[35.892947,56.857203],[35.892829,56.857152],[35.892725,56.857224],[35.892843,56.857275],[35.892947,56.857203]]]}},{"type":"Feature","properties":{"kind":"building","h":6.0},"geometry":{"type":"Polygon","coordinates":[[[35.884902,56.855963],[35.884986,56.855901],[35.884921,56.855875],[35.885056,56.855775],[35.88514,56.855809],[35.885362,56.855646],[35.885239,56.855596],[35.885137,56.855671],[35.884829,56.855546],[35.884936,56.855467],[35.884813,56.855417],[35.884579,56.85557],[35.884947,56.85572],[35.884719,56.855888],[35.884902,56.855963]]]}},{"type":"Feature","properties":{"kind":"building","h":3.0},"geometry":{"type":"Polygon","coordinates":[[[35.881653,56.857137],[35.881832,56.857211],[35.881727,56.857289],[35.881549,56.857215],[35.881653,56.857137]]]}},{"type":"Feature","properties":{"kind":"building","h":3.0},"geometry":{"type":"Polygon","coordinates":[[[35.893734,56.855335],[35.893874,56.855236],[35.893771,56.855192],[35.89363,56.855291],[35.893734,56.855335]]]}},{"type":"Feature","properties":{"kind":"building","h":3.0},"geometry":{"type":"Polygon","coordinates":[[[35.890903,56.854163],[35.891094,56.854244],[35.891249,56.854126],[35.891059,56.854053],[35.890903,56.854163]]]}},{"type":"Feature","properties":{"kind":"building","h":3.0},"geometry":{"type":"Polygon","coordinates":[[[35.891231,56.85393],[35.891357,56.853982],[35.891492,56.853883],[35.891366,56.853831],[35.891231,56.85393]]]}},{"type":"Feature","properties":{"kind":"building","h":3.0},"geometry":{"type":"Polygon","coordinates":[[[35.893956,56.85517],[35.894085,56.855073],[35.893898,56.854999],[35.89377,56.855096],[35.893956,56.85517]]]}},{"type":"Feature","properties":{"kind":"building","h":3.0},"geometry":{"type":"Polygon","coordinates":[[[35.891553,56.853699],[35.89166,56.853744],[35.891822,56.853629],[35.891715,56.853584],[35.891553,56.853699]]]}},{"type":"Feature","properties":{"kind":"building","h":9.0},"geometry":{"type":"Polygon","coordinates":[[[35.901936,56.867315],[35.901993,56.867463],[35.902232,56.867435],[35.902239,56.867453],[35.90257,56.867414],[35.902562,56.867395],[35.902806,56.867366],[35.90275,56.867221],[35.901936,56.867315]]]}},{"type":"Feature","properties":{"kind":"building","h":12.0},"geometry":{"type":"Polygon","coordinates":[[[35.884655,56.869823],[35.885081,56.869757],[35.885573,56.86968],[35.885509,56.869556],[35.88459,56.869699],[35.884655,56.869823]]]}},{"type":"Feature","properties":{"kind":"building","h":9.0},"geometry":{"type":"Polygon","coordinates":[[[35.910247,56.854759],[35.909961,56.854801],[35.910083,56.855046],[35.909855,56.85508],[35.909741,56.854852],[35.909717,56.854804],[35.909685,56.85474],[35.910197,56.85466],[35.910247,56.854759]]]}},{"type":"Feature","properties":{"kind":"building","h":12.0},"geometry":{"type":"Polygon","coordinates":[[[35.910911,56.854796],[35.912064,56.854633],[35.911993,56.854482],[35.911335,56.854575],[35.91084,56.854644],[35.910911,56.854796]]]}},{"type":"Feature","properties":{"kind":"building","h":3.0},"geometry":{"type":"Polygon","coordinates":[[[35.909148,56.854818],[35.909197,56.854905],[35.909336,56.854881],[35.909287,56.854795],[35.909148,56.854818]]]}},{"type":"Feature","properties":{"kind":"building","h":9.0},"geometry":{"type":"Polygon","coordinates":[[[35.90988,56.855964],[35.909535,56.856014],[35.909585,56.856116],[35.909678,56.856103],[35.909831,56.856422],[35.910083,56.856385],[35.90988,56.855964]]]}},{"type":"Feature","properties":{"kind":"building","h":12.0},"geometry":{"type":"Polygon","coordinates":[[[35.910546,56.857199],[35.910268,56.85724],[35.910339,56.857385],[35.910388,56.857377],[35.910531,56.85767],[35.910758,56.857638],[35.910546,56.857199]]]}},{"type":"Feature","properties":{"kind":"building","h":6.0},"geometry":{"type":"Polygon","coordinates":[[[35.910531,56.85767],[35.910566,56.857753],[35.910354,56.857778],[35.910383,56.857852],[35.910511,56.857838],[35.910588,56.857828],[35.910592,56.857837],[35.910834,56.857805],[35.910837,56.857805],[35.910758,56.857638],[35.910531,56.85767]]]}},{"type":"Feature","properties":{"kind":"building","h":6.0},"geometry":{"type":"Polygon","coordinates":[[[35.909336,56.854881],[35.909197,56.854905],[35.909171,56.854909],[35.909242,56.855049],[35.909412,56.855023],[35.909336,56.854881]]]}},{"type":"Feature","properties":{"kind":"building","h":9.0},"geometry":{"type":"Polygon","coordinates":[[[35.909174,56.855101],[35.909409,56.855591],[35.909676,56.855553],[35.909441,56.855063],[35.909174,56.855101]]]}},{"type":"Feature","properties":{"kind":"building","h":9.0},"geometry":{"type":"Polygon","coordinates":[[[35.908382,56.853657],[35.908468,56.853809],[35.908737,56.853764],[35.908652,56.853612],[35.908382,56.853657]]]}},{"type":"Feature","properties":{"kind":"building","h":6.0},"geometry":{"type":"Polygon","coordinates":[[[35.910567,56.856727],[35.910631,56.856845],[35.911033,56.85678],[35.910961,56.856645],[35.910849,56.856663],[35.910819,56.856608],[35.910651,56.856635],[35.91069,56.856707],[35.910567,56.856727]]]}},{"type":"Feature","properties":{"kind":"building","h":9.0},"geometry":{"type":"Polygon","coordinates":[[[35.910562,56.855879],[35.910254,56.855925],[35.910322,56.856062],[35.91063,56.856016],[35.910562,56.855879]]]}},{"type":"Feature","properties":{"kind":"building","h":9.0},"geometry":{"type":"Polygon","coordinates":[[[35.910266,56.85616],[35.910506,56.856634],[35.910632,56.856615],[35.910796,56.85659],[35.910728,56.856455],[35.910808,56.856443],[35.910775,56.856376],[35.910704,56.856386],[35.910567,56.856115],[35.910266,56.85616]]]}},{"type":"Feature","properties":{"kind":"building","h":9.0},"geometry":{"type":"Polygon","coordinates":[[[35.910008,56.855386],[35.910176,56.855722],[35.910404,56.855687],[35.910236,56.855352],[35.910008,56.855386]]]}},{"type":"Feature","properties":{"kind":"building","h":12.0},"geometry":{"type":"Polygon","coordinates":[[[35.909518,56.853574],[35.909464,56.853469],[35.908996,56.853541],[35.909129,56.8538],[35.90933,56.853769],[35.909251,56.853614],[35.909518,56.853574]]]}},{"type":"Feature","properties":{"kind":"building","h":15.0},"geometry":{"type":"Polygon","coordinates":[[[35.911109,56.857151],[35.910911,56.857177],[35.911135,56.857678],[35.911333,56.857651],[35.911109,56.857151]]]}},{"type":"Feature","properties":{"kind":"building","h":6.0},"geometry":{"type":"Polygon","coordinates":[[[35.909636,56.854268],[35.909401,56.854304],[35.909537,56.854567],[35.909638,56.854551],[35.909978,56.854499],[35.90993,56.854406],[35.909724,56.854437],[35.909636,56.854268]]]}},{"type":"Feature","properties":{"kind":"building","h":6.0},"geometry":{"type":"Polygon","coordinates":[[[35.911375,56.857741],[35.911152,56.857772],[35.911125,56.857775],[35.911215,56.857973],[35.911465,56.857939],[35.911375,56.857741]]]}},{"type":"Feature","properties":{"kind":"building","h":6.0},"geometry":{"type":"Polygon","coordinates":[[[35.909936,56.855242],[35.910008,56.855386],[35.910236,56.855352],[35.910165,56.855208],[35.909936,56.855242]]]}},{"type":"Feature","properties":{"kind":"building","h":9.0},"geometry":{"type":"Polygon","coordinates":[[[35.909558,56.854158],[35.909498,56.854041],[35.909473,56.854045],[35.90933,56.853769],[35.909129,56.8538],[35.90927,56.854074],[35.909296,56.85407],[35.909357,56.854189],[35.909558,56.854158]]]}},{"type":"Feature","properties":{"kind":"building","h":9.0},"geometry":{"type":"Polygon","coordinates":[[[35.910491,56.858811],[35.911118,56.858805],[35.911122,56.858856],[35.911272,56.858853],[35.911251,56.858744],[35.911214,56.858714],[35.911148,56.858708],[35.91049,56.858713],[35.910491,56.858811]]]}},{"type":"Feature","properties":{"kind":"building","h":9.0},"geometry":{"type":"Polygon","coordinates":[[[35.91049,56.858692],[35.909887,56.858694],[35.909888,56.858847],[35.910369,56.858845],[35.91037,56.858926],[35.910492,56.858926],[35.910491,56.858845],[35.910491,56.858811],[35.91049,56.858713],[35.91049,56.858692]]]}},{"type":"Feature","properties":{"kind":"building","h":9.0},"geometry":{"type":"Polygon","coordinates":[[[35.907501,56.850202],[35.907656,56.850181],[35.907673,56.850219],[35.907831,56.850196],[35.907539,56.84961],[35.907207,56.849662],[35.90729,56.849821],[35.907341,56.849814],[35.907475,56.850084],[35.907453,56.850114],[35.907501,56.850202]]]}},{"type":"Feature","properties":{"kind":"building","h":12.0},"geometry":{"type":"Polygon","coordinates":[[[35.915853,56.857787],[35.915915,56.857766],[35.916125,56.857757],[35.916125,56.857812],[35.916015,56.857822],[35.915986,56.857862],[35.916025,56.857972],[35.91584,56.857997],[35.915796,56.857868],[35.91579,56.857847],[35.915804,56.857817],[35.915853,56.857787]]]}},{"type":"Feature","properties":{"kind":"building","h":15.0},"geometry":{"type":"Polygon","coordinates":[[[35.908977,56.852237],[35.909017,56.852323],[35.909029,56.852349],[35.908656,56.8524],[35.908668,56.852425],[35.908744,56.852589],[35.908868,56.852858],[35.908599,56.852895],[35.908394,56.852453],[35.908335,56.852325],[35.908977,56.852237]]]}},{"type":"Feature","properties":{"kind":"building","h":3.0},"geometry":{"type":"Polygon","coordinates":[[[35.908601,56.850546],[35.90856,56.850547],[35.908515,56.850553],[35.908502,56.850529],[35.908186,56.850583],[35.908204,56.850626],[35.908206,56.850642],[35.908197,56.850656],[35.908183,56.850666],[35.90816,56.850671],[35.908135,56.850672],[35.908116,56.85067],[35.908097,56.850664],[35.908086,56.850655],[35.90807,56.850624],[35.90804,56.850566],[35.907916,56.850335],[35.907657,56.850373],[35.907573,56.850385],[35.907784,56.850798],[35.907944,56.850772],[35.908679,56.850646],[35.908648,56.850574],[35.908634,56.850555],[35.908601,56.850546]]]}},{"type":"Feature","properties":{"kind":"building","h":18.0},"geometry":{"type":"Polygon","coordinates":[[[35.907517,56.853341],[35.90755,56.85332],[35.907477,56.853191],[35.907391,56.853169],[35.907385,56.853001],[35.907374,56.852672],[35.907371,56.852466],[35.907531,56.852469],[35.90769,56.852486],[35.907809,56.852512],[35.907906,56.852549],[35.908013,56.852603],[35.908071,56.852643],[35.908113,56.852689],[35.90818,56.852792],[35.908253,56.852788],[35.908462,56.853222],[35.908112,56.853281],[35.90819,56.853445],[35.907614,56.853524],[35.907517,56.853341]]]}},{"type":"Feature","properties":{"kind":"building","h":18.0},"geometry":{"type":"Polygon","coordinates":[[[35.908744,56.852589],[35.908868,56.852858],[35.909629,56.852752],[35.909405,56.852269],[35.909017,56.852323],[35.909029,56.852349],[35.909116,56.852537],[35.908744,56.852589]]]}},{"type":"Feature","properties":{"kind":"building","h":9.0},"geometry":{"type":"Polygon","coordinates":[[[35.88144,56.857504],[35.881338,56.85746],[35.881459,56.857377],[35.881561,56.857422],[35.88144,56.857504]]]}},{"type":"Feature","properties":{"kind":"building","h":9.0},"geometry":{"type":"Polygon","coordinates":[[[35.880905,56.857883],[35.880963,56.857842],[35.880922,56.857825],[35.880864,56.857865],[35.880905,56.857883]]]}},{"type":"Feature","properties":{"kind":"building","h":6.0},"geometry":{"type":"Polygon","coordinates":[[[35.902687,56.866541],[35.903422,56.866451],[35.903384,56.866348],[35.902639,56.866433],[35.902687,56.866541]]]}},{"type":"Feature","properties":{"kind":"building","h":6.0},"geometry":{"type":"Polygon","coordinates":[[[35.903657,56.866433],[35.903613,56.86632],[35.904006,56.866272],[35.904065,56.866287],[35.904102,56.86631],[35.904242,56.866691],[35.903968,56.866724],[35.903885,56.866489],[35.903947,56.866479],[35.90392,56.866402],[35.903657,56.866433]]]}},{"type":"Feature","properties":{"kind":"building","h":12.0},"geometry":{"type":"Polygon","coordinates":[[[35.912424,56.854332],[35.912166,56.854366],[35.912304,56.854641],[35.912213,56.854655],[35.912294,56.854818],[35.912021,56.854859],[35.912091,56.855],[35.912324,56.854966],[35.912396,56.855122],[35.912504,56.855107],[35.91265,56.855399],[35.91291,56.85536],[35.912767,56.855072],[35.912709,56.85508],[35.912478,56.854618],[35.91256,56.854605],[35.912424,56.854332]]]}},{"type":"Feature","properties":{"kind":"building","h":6.0},"geometry":{"type":"Polygon","coordinates":[[[35.911104,56.85365],[35.911361,56.853611],[35.911295,56.853481],[35.911183,56.853498],[35.911203,56.853537],[35.910773,56.853602],[35.910751,56.853559],[35.910605,56.853581],[35.910672,56.853713],[35.910927,56.853674],[35.91102,56.853857],[35.911195,56.85383],[35.911104,56.85365]]]}},{"type":"Feature","properties":{"kind":"building","h":6.0},"geometry":{"type":"Polygon","coordinates":[[[35.912191,56.853929],[35.911992,56.853958],[35.912039,56.854058],[35.912238,56.854029],[35.912191,56.853929]]]}},{"type":"Feature","properties":{"kind":"building","h":15.0},"geometry":{"type":"Polygon","coordinates":[[[35.909565,56.853449],[35.909621,56.853557],[35.910495,56.853423],[35.91044,56.853315],[35.909565,56.853449]]]}},{"type":"Feature","properties":{"kind":"building","h":6.0},"geometry":{"type":"Polygon","coordinates":[[[35.912259,56.854081],[35.912063,56.854109],[35.91211,56.854208],[35.912307,56.854181],[35.912259,56.854081]]]}},{"type":"Feature","properties":{"kind":"building","h":6.0},"geometry":{"type":"Polygon","coordinates":[[[35.911842,56.853206],[35.911791,56.853104],[35.911573,56.853137],[35.911624,56.853239],[35.911842,56.853206]]]}},{"type":"Feature","properties":{"kind":"building","h":15.0},"geometry":{"type":"Polygon","coordinates":[[[35.910748,56.853395],[35.911228,56.853324],[35.911243,56.853352],[35.911532,56.853309],[35.911468,56.853181],[35.9112,56.85322],[35.911185,56.85319],[35.910683,56.853264],[35.910748,56.853395]]]}},{"type":"Feature","properties":{"kind":"building","h":12.0},"geometry":{"type":"Polygon","coordinates":[[[35.912796,56.856353],[35.912548,56.856388],[35.912607,56.856514],[35.912855,56.856479],[35.912796,56.856353]]]}},{"type":"Feature","properties":{"kind":"building","h":12.0},"geometry":{"type":"Polygon","coordinates":[[[35.913299,56.856281],[35.912796,56.856353],[35.912855,56.856479],[35.91336,56.856406],[35.913299,56.856281]]]}},{"type":"Feature","properties":{"kind":"building","h":6.0},"geometry":{"type":"Polygon","coordinates":[[[35.916559,56.857027],[35.916435,56.857046],[35.916309,56.857065],[35.916358,56.857163],[35.916608,56.857125],[35.916559,56.857027]]]}},{"type":"Feature","properties":{"kind":"building","h":6.0},"geometry":{"type":"Polygon","coordinates":[[[35.916853,56.857557],[35.916673,56.857585],[35.916817,56.857861],[35.916998,56.857833],[35.916853,56.857557]]]}},{"type":"Feature","properties":{"kind":"building","h":9.0},"geometry":{"type":"Polygon","coordinates":[[[35.914263,56.856653],[35.914324,56.856772],[35.914651,56.856721],[35.915063,56.856659],[35.915002,56.85654],[35.914588,56.856603],[35.914263,56.856653]]]}},{"type":"Feature","properties":{"kind":"building","h":9.0},"geometry":{"type":"Polygon","coordinates":[[[35.915067,56.856528],[35.915154,56.856697],[35.915308,56.856673],[35.915445,56.856939],[35.915489,56.857023],[35.915495,56.857034],[35.915653,56.85701],[35.915467,56.856649],[35.915441,56.856599],[35.91538,56.85648],[35.915067,56.856528]]]}},{"type":"Feature","properties":{"kind":"building","h":6.0},"geometry":{"type":"Polygon","coordinates":[[[35.915967,56.856484],[35.915989,56.856481],[35.916045,56.85659],[35.916355,56.856543],[35.91626,56.856355],[35.915927,56.856405],[35.915967,56.856484]]]}},{"type":"Feature","properties":{"kind":"building","h":3.0},"geometry":{"type":"Polygon","coordinates":[[[35.913119,56.856855],[35.913149,56.856921],[35.913646,56.856852],[35.913615,56.856786],[35.913119,56.856855]]]}},{"type":"Feature","properties":{"kind":"building","h":12.0},"geometry":{"type":"Polygon","coordinates":[[[35.913185,56.856083],[35.912958,56.856119],[35.912941,56.856086],[35.912787,56.85611],[35.912764,56.856065],[35.912325,56.856133],[35.912427,56.856331],[35.913248,56.856204],[35.913185,56.856083]]]}},{"type":"Feature","properties":{"kind":"building","h":6.0},"geometry":{"type":"Polygon","coordinates":[[[35.912954,56.855525],[35.912759,56.855555],[35.91281,56.855655],[35.913005,56.855625],[35.912954,56.855525]]]}},{"type":"Feature","properties":{"kind":"building","h":6.0},"geometry":{"type":"Polygon","coordinates":[[[35.916353,56.856624],[35.91623,56.856643],[35.916435,56.857046],[35.916559,56.857027],[35.916353,56.856624]]]}},{"type":"Feature","properties":{"kind":"building","h":6.0},"geometry":{"type":"Polygon","coordinates":[[[35.916624,56.857171],[35.916422,56.857205],[35.916523,56.857386],[35.916724,56.857352],[35.916624,56.857171]]]}},{"type":"Feature","properties":{"kind":"building","h":6.0},"geometry":{"type":"Polygon","coordinates":[[[35.914242,56.856655],[35.913806,56.856721],[35.91388,56.856864],[35.914171,56.85682],[35.914316,56.856799],[35.914242,56.856655]]]}},{"type":"Feature","properties":{"kind":"building","h":9.0},"geometry":{"type":"Polygon","coordinates":[[[35.913041,56.855741],[35.912856,56.85577],[35.912977,56.856005],[35.913161,56.855977],[35.913041,56.855741]]]}},{"type":"Feature","properties":{"kind":"building","h":3.0},"geometry":{"type":"Polygon","coordinates":[[[35.919857,56.857135],[35.919577,56.857177],[35.91964,56.857305],[35.919921,56.857263],[35.919857,56.857135]]]}},{"type":"Feature","properties":{"kind":"building","h":6.0},"geometry":{"type":"Polygon","coordinates":[[[35.919447,56.857291],[35.919409,56.857214],[35.919094,56.857259],[35.919132,56.857337],[35.919447,56.857291]]]}},{"type":"Feature","properties":{"kind":"building","h":6.0},"geometry":{"type":"Polygon","coordinates":[[[35.920374,56.857191],[35.920317,56.857074],[35.920554,56.857039],[35.920611,56.857157],[35.920374,56.857191]]]}},{"type":"Feature","properties":{"kind":"building","h":6.0},"geometry":{"type":"Polygon","coordinates":[[[35.920317,56.857074],[35.920072,56.857111],[35.920157,56.857279],[35.920288,56.85726],[35.920264,56.857206],[35.920374,56.857191],[35.920317,56.857074]]]}},{"type":"Feature","properties":{"kind":"building","h":6.0},"geometry":{"type":"Polygon","coordinates":[[[35.918348,56.857518],[35.91828,56.857383],[35.918016,56.857422],[35.918021,56.857431],[35.918055,56.8575],[35.918204,56.857478],[35.918254,56.857577],[35.918368,56.85756],[35.918348,56.857518]]]}},{"type":"Feature","properties":{"kind":"building","h":9.0},"geometry":{"type":"Polygon","coordinates":[[[35.91828,56.857383],[35.918348,56.857518],[35.918387,56.857512],[35.918354,56.857446],[35.918389,56.857441],[35.918497,56.857425],[35.918532,56.857494],[35.918639,56.857478],[35.918711,56.857622],[35.918821,56.857605],[35.91868,56.857323],[35.918354,56.857371],[35.91828,56.857383]]]}},{"type":"Feature","properties":{"kind":"building","h":12.0},"geometry":{"type":"Polygon","coordinates":[[[35.912879,56.854265],[35.913099,56.854712],[35.913208,56.854696],[35.913297,56.854876],[35.913193,56.854892],[35.913393,56.855297],[35.91375,56.855245],[35.913708,56.855158],[35.913606,56.855172],[35.913456,56.854859],[35.913524,56.854849],[35.913421,56.85464],[35.913293,56.854659],[35.913261,56.854594],[35.913301,56.854588],[35.913179,56.854341],[35.913261,56.854329],[35.913207,56.854219],[35.912879,56.854265]]]}},{"type":"Feature","properties":{"kind":"building","h":9.0},"geometry":{"type":"Polygon","coordinates":[[[35.909864,56.85315],[35.909914,56.85325],[35.910057,56.853229],[35.910008,56.853129],[35.909864,56.85315]]]}},{"type":"Feature","properties":{"kind":"building","h":12.0},"geometry":{"type":"Polygon","coordinates":[[[35.911986,56.853081],[35.912226,56.85357],[35.912448,56.85354],[35.912208,56.853051],[35.911986,56.853081]]]}},{"type":"Feature","properties":{"kind":"building","h":9.0},"geometry":{"type":"Polygon","coordinates":[[[35.912365,56.853825],[35.912521,56.854137],[35.912822,56.854092],[35.912774,56.853998],[35.912689,56.854011],[35.91258,56.853793],[35.912365,56.853825]]]}},{"type":"Feature","properties":{"kind":"building","h":15.0},"geometry":{"type":"Polygon","coordinates":[[[35.914132,56.855996],[35.913913,56.856053],[35.914009,56.856175],[35.914059,56.856305],[35.914349,56.856266],[35.914258,56.856116],[35.914132,56.855996]]]}},{"type":"Feature","properties":{"kind":"building","h":6.0},"geometry":{"type":"Polygon","coordinates":[[[35.912318,56.853775],[35.912503,56.853749],[35.912448,56.853622],[35.912262,56.853648],[35.912318,56.853775]]]}},{"type":"Feature","properties":{"kind":"building","h":9.0},"geometry":{"type":"Polygon","coordinates":[[[35.913557,56.856218],[35.913619,56.856373],[35.913876,56.856342],[35.913813,56.856187],[35.913557,56.856218]]]}},{"type":"Feature","properties":{"kind":"building","h":15.0},"geometry":{"type":"Polygon","coordinates":[[[35.913846,56.855196],[35.914467,56.855107],[35.914415,56.854998],[35.913794,56.855087],[35.913846,56.855196]]]}},{"type":"Feature","properties":{"kind":"building","h":6.0},"geometry":{"type":"Polygon","coordinates":[[[35.913536,56.856091],[35.913717,56.856065],[35.913596,56.855808],[35.913414,56.855834],[35.913448,56.855906],[35.913497,56.855899],[35.913548,56.856009],[35.913501,56.856016],[35.913536,56.856091]]]}},{"type":"Feature","properties":{"kind":"building","h":6.0},"geometry":{"type":"Polygon","coordinates":[[[35.915024,56.855996],[35.914863,56.85602],[35.914938,56.856172],[35.9151,56.856148],[35.915024,56.855996]]]}},{"type":"Feature","properties":{"kind":"building","h":6.0},"geometry":{"type":"Polygon","coordinates":[[[35.915916,56.855885],[35.915734,56.855913],[35.915807,56.856056],[35.915989,56.856028],[35.915916,56.855885]]]}},{"type":"Feature","properties":{"kind":"building","h":6.0},"geometry":{"type":"Polygon","coordinates":[[[35.915261,56.855897],[35.915106,56.85592],[35.915213,56.856129],[35.915368,56.856105],[35.915261,56.855897]]]}},{"type":"Feature","properties":{"kind":"building","h":3.0},"geometry":{"type":"Polygon","coordinates":[[[35.913264,56.855577],[35.913431,56.855554],[35.913381,56.855448],[35.913214,56.855472],[35.913264,56.855577]]]}},{"type":"Feature","properties":{"kind":"building","h":9.0},"geometry":{"type":"Polygon","coordinates":[[[35.914763,56.856031],[35.914605,56.856054],[35.914681,56.85621],[35.914839,56.856187],[35.914763,56.856031]]]}},{"type":"Feature","properties":{"kind":"building","h":6.0},"geometry":{"type":"Polygon","coordinates":[[[35.91332,56.855758],[35.913487,56.855734],[35.913437,56.855629],[35.91327,56.855652],[35.91332,56.855758]]]}},{"type":"Feature","properties":{"kind":"building","h":6.0},"geometry":{"type":"Polygon","coordinates":[[[35.914412,56.856136],[35.914458,56.856244],[35.914627,56.85622],[35.914577,56.856113],[35.914412,56.856136]]]}},{"type":"Feature","properties":{"kind":"building","h":9.0},"geometry":{"type":"Polygon","coordinates":[[[35.908546,56.855566],[35.909088,56.855483],[35.908979,56.85527],[35.907949,56.855427],[35.908057,56.855639],[35.908339,56.855596],[35.908421,56.855757],[35.908282,56.855778],[35.90836,56.855931],[35.90885,56.855857],[35.908772,56.855705],[35.908628,56.855727],[35.908546,56.855566]]]}},{"type":"Feature","properties":{"kind":"building","h":3.0},"geometry":{"type":"Polygon","coordinates":[[[35.908491,56.85382],[35.908628,56.854076],[35.908856,56.854044],[35.908712,56.853786],[35.908491,56.85382]]]}},{"type":"Feature","properties":{"kind":"building","h":9.0},"geometry":{"type":"Polygon","coordinates":[[[35.909374,56.856872],[35.909443,56.857],[35.909713,56.856958],[35.909645,56.85683],[35.909374,56.856872]]]}},{"type":"Feature","properties":{"kind":"building","h":6.0},"geometry":{"type":"Polygon","coordinates":[[[35.907989,56.856094],[35.908319,56.856043],[35.908255,56.855919],[35.907926,56.85597],[35.907989,56.856094]]]}},{"type":"Feature","properties":{"kind":"building","h":12.0},"geometry":{"type":"Polygon","coordinates":[[[35.9077,56.855076],[35.907289,56.85514],[35.907228,56.85519],[35.907227,56.855453],[35.907466,56.855452],[35.907465,56.855304],[35.907479,56.855242],[35.907564,56.855218],[35.907745,56.855192],[35.9077,56.855076]]]}},{"type":"Feature","properties":{"kind":"building","h":15.0},"geometry":{"type":"Polygon","coordinates":[[[35.907549,56.855541],[35.907247,56.855586],[35.907533,56.856158],[35.907835,56.856113],[35.907549,56.855541]]]}},{"type":"Feature","properties":{"kind":"building","h":12.0},"geometry":{"type":"Polygon","coordinates":[[[35.908402,56.855083],[35.909178,56.854958],[35.909112,56.854834],[35.908336,56.854959],[35.908391,56.855063],[35.908402,56.855083]]]}},{"type":"Feature","properties":{"kind":"building","h":9.0},"geometry":{"type":"Polygon","coordinates":[[[35.909171,56.857043],[35.909443,56.857],[35.909374,56.856872],[35.909101,56.856915],[35.909171,56.857043]]]}},{"type":"Feature","properties":{"kind":"building","h":9.0},"geometry":{"type":"Polygon","coordinates":[[[35.909713,56.856958],[35.909989,56.856914],[35.909922,56.856786],[35.909645,56.85683],[35.909713,56.856958]]]}},{"type":"Feature","properties":{"kind":"building","h":9.0},"geometry":{"type":"Polygon","coordinates":[[[35.909026,56.856173],[35.908437,56.856261],[35.908503,56.856393],[35.908753,56.856357],[35.908793,56.856442],[35.908719,56.856446],[35.908646,56.856443],[35.908582,56.856434],[35.908514,56.856553],[35.90861,56.856571],[35.908693,56.856581],[35.90879,56.856581],[35.908884,56.856575],[35.908981,56.856557],[35.909075,56.856528],[35.909151,56.856496],[35.909225,56.856452],[35.909043,56.856365],[35.908992,56.856393],[35.908931,56.856415],[35.908864,56.856432],[35.908823,56.856346],[35.909093,56.856305],[35.909026,56.856173]]]}},{"type":"Feature","properties":{"kind":"building","h":6.0},"geometry":{"type":"Polygon","coordinates":[[[35.907935,56.855157],[35.908238,56.855113],[35.908225,56.855087],[35.908177,56.854988],[35.907874,56.855032],[35.907935,56.855157]]]}},{"type":"Feature","properties":{"kind":"building","h":6.0},"geometry":{"type":"Polygon","coordinates":[[[35.910582,56.859598],[35.910831,56.85957],[35.910789,56.859468],[35.911175,56.859054],[35.911337,56.859024],[35.9113,56.858905],[35.911035,56.858943],[35.91052,56.859463],[35.910535,56.859499],[35.910582,56.859598]]]}},{"type":"Feature","properties":{"kind":"building","h":12.0},"geometry":{"type":"Polygon","coordinates":[[[35.913346,56.859146],[35.914296,56.859035],[35.914516,56.859009],[35.914405,56.858727],[35.914159,56.858727],[35.91421,56.858863],[35.91341,56.858956],[35.913345,56.858964],[35.913282,56.858972],[35.913315,56.859075],[35.913346,56.859146]]]}},{"type":"Feature","properties":{"kind":"building","h":3.0},"geometry":{"type":"Polygon","coordinates":[[[35.897056,56.855704],[35.897287,56.855546],[35.897136,56.85548],[35.896905,56.855638],[35.897056,56.855704]]]}},{"type":"Feature","properties":{"kind":"building","h":3.0},"geometry":{"type":"Polygon","coordinates":[[[35.89561,56.855059],[35.895713,56.855103],[35.895825,56.855023],[35.895722,56.854979],[35.89561,56.855059]]]}},{"type":"Feature","properties":{"kind":"building","h":3.0},"geometry":{"type":"Polygon","coordinates":[[[35.895995,56.855224],[35.896104,56.855148],[35.895948,56.855081],[35.895839,56.855157],[35.895995,56.855224]]]}},{"type":"Feature","properties":{"kind":"building","h":3.0},"geometry":{"type":"Polygon","coordinates":[[[35.895362,56.854965],[35.895467,56.855009],[35.895566,56.854939],[35.895461,56.854894],[35.895362,56.854965]]]}},{"type":"Feature","properties":{"kind":"building","h":3.0},"geometry":{"type":"Polygon","coordinates":[[[35.89286,56.853847],[35.892983,56.853902],[35.893115,56.853815],[35.892992,56.85376],[35.89286,56.853847]]]}},{"type":"Feature","properties":{"kind":"building","h":3.0},"geometry":{"type":"Polygon","coordinates":[[[35.89414,56.8544],[35.894366,56.854503],[35.894536,56.85439],[35.894309,56.854288],[35.89414,56.8544]]]}},{"type":"Feature","properties":{"kind":"building","h":6.0},"geometry":{"type":"Polygon","coordinates":[[[35.892298,56.853605],[35.892461,56.853673],[35.892719,56.853487],[35.892555,56.853419],[35.892298,56.853605]]]}},{"type":"Feature","properties":{"kind":"building","h":3.0},"geometry":{"type":"Polygon","coordinates":[[[35.893299,56.854038],[35.893443,56.8541],[35.893538,56.854033],[35.893393,56.853972],[35.893299,56.854038]]]}},{"type":"Feature","properties":{"kind":"building","h":6.0},"geometry":{"type":"Polygon","coordinates":[[[35.893122,56.853963],[35.893227,56.854008],[35.893377,56.853903],[35.893273,56.853858],[35.893122,56.853963]]]}},{"type":"Feature","properties":{"kind":"building","h":6.0},"geometry":{"type":"Polygon","coordinates":[[[35.893893,56.854296],[35.894048,56.854361],[35.894184,56.854264],[35.894029,56.854199],[35.893893,56.854296]]]}},{"type":"Feature","properties":{"kind":"building","h":6.0},"geometry":{"type":"Polygon","coordinates":[[[35.892123,56.853308],[35.892288,56.853376],[35.892538,56.853195],[35.892374,56.853127],[35.892123,56.853308]]]}},{"type":"Feature","properties":{"kind":"building","h":3.0},"geometry":{"type":"Polygon","coordinates":[[[35.89452,56.854568],[35.894636,56.854618],[35.894791,56.854511],[35.894675,56.854461],[35.89452,56.854568]]]}},{"type":"Feature","properties":{"kind":"building","h":3.0},"geometry":{"type":"Polygon","coordinates":[[[35.893608,56.854174],[35.893726,56.854227],[35.893835,56.854153],[35.893716,56.8541],[35.893608,56.854174]]]}},{"type":"Feature","properties":{"kind":"building","h":3.0},"geometry":{"type":"Polygon","coordinates":[[[35.892606,56.853735],[35.892728,56.853788],[35.892868,56.853691],[35.892746,56.853638],[35.892606,56.853735]]]}},{"type":"Feature","properties":{"kind":"building","h":3.0},"geometry":{"type":"Polygon","coordinates":[[[35.898599,56.861023],[35.89849,56.860777],[35.898693,56.86075],[35.898802,56.860996],[35.898599,56.861023]]]}},{"type":"Feature","properties":{"kind":"building","h":12.0},"geometry":{"type":"Polygon","coordinates":[[[35.899084,56.860751],[35.900258,56.860595],[35.900176,56.86041],[35.90016,56.860374],[35.900138,56.860324],[35.899931,56.860352],[35.899959,56.860416],[35.899183,56.860519],[35.899152,56.860449],[35.898961,56.860475],[35.899084,56.860751]]]}},{"type":"Feature","properties":{"kind":"building","h":9.0},"geometry":{"type":"Polygon","coordinates":[[[35.898674,56.861192],[35.899017,56.861146],[35.898942,56.860977],[35.898802,56.860996],[35.898599,56.861023],[35.898674,56.861192]]]}},{"type":"Feature","properties":{"kind":"building","h":12.0},"geometry":{"type":"Polygon","coordinates":[[[35.905808,56.858501],[35.905599,56.858497],[35.905467,56.858447],[35.905341,56.858201],[35.905516,56.858176],[35.905639,56.858162],[35.905725,56.858362],[35.905795,56.858363],[35.905808,56.858501]]]}},{"type":"Feature","properties":{"kind":"building","h":15.0},"geometry":{"type":"Polygon","coordinates":[[[35.903435,56.856275],[35.903088,56.85657],[35.903266,56.856633],[35.903613,56.856337],[35.903435,56.856275]]]}},{"type":"Feature","properties":{"kind":"building","h":12.0},"geometry":{"type":"Polygon","coordinates":[[[35.902892,56.855937],[35.903334,56.855751],[35.903418,56.855811],[35.903654,56.855711],[35.903408,56.855537],[35.90273,56.855822],[35.902892,56.855937]]]}},{"type":"Feature","properties":{"kind":"building","h":9.0},"geometry":{"type":"Polygon","coordinates":[[[35.903583,56.856801],[35.903376,56.856734],[35.903132,56.85696],[35.903339,56.857027],[35.903583,56.856801]]]}},{"type":"Feature","properties":{"kind":"building","h":15.0},"geometry":{"type":"Polygon","coordinates":[[[35.901436,56.856691],[35.901751,56.856381],[35.901887,56.856423],[35.901632,56.856674],[35.901741,56.856703],[35.901681,56.856762],[35.901436,56.856691]]]}},{"type":"Feature","properties":{"kind":"building","h":15.0},"geometry":{"type":"Polygon","coordinates":[[[35.902748,56.857541],[35.903204,56.857127],[35.903035,56.857071],[35.902579,56.857485],[35.902748,56.857541]]]}},{"type":"Feature","properties":{"kind":"building","h":6.0},"geometry":{"type":"Polygon","coordinates":[[[35.903818,56.856435],[35.903734,56.856508],[35.903784,56.856524],[35.903878,56.856555],[35.904003,56.856431],[35.903818,56.856435]]]}},{"type":"Feature","properties":{"kind":"building","h":9.0},"geometry":{"type":"Polygon","coordinates":[[[35.903488,56.857276],[35.903808,56.856984],[35.903954,56.857018],[35.904068,56.857029],[35.904182,56.857029],[35.90427,56.857021],[35.904306,56.857012],[35.904319,56.85704],[35.904411,56.857235],[35.904173,56.857274],[35.904126,56.85716],[35.903921,56.85715],[35.903701,56.857349],[35.903488,56.857276]]]}},{"type":"Feature","properties":{"kind":"building","h":6.0},"geometry":{"type":"Polygon","coordinates":[[[35.903818,56.856435],[35.904003,56.856431],[35.903785,56.855998],[35.903607,56.856022],[35.903818,56.856435]]]}},{"type":"Feature","properties":{"kind":"building","h":9.0},"geometry":{"type":"Polygon","coordinates":[[[35.903612,56.856772],[35.903755,56.856632],[35.903692,56.856611],[35.903571,56.856576],[35.903427,56.856716],[35.903612,56.856772]]]}},{"type":"Feature","properties":{"kind":"building","h":15.0},"geometry":{"type":"Polygon","coordinates":[[[35.902477,56.8564],[35.902718,56.856471],[35.90297,56.856216],[35.902729,56.856145],[35.902477,56.8564]]]}},{"type":"Feature","properties":{"kind":"building","h":9.0},"geometry":{"type":"Polygon","coordinates":[[[35.901988,56.857952],[35.902246,56.858036],[35.902424,56.857871],[35.902166,56.857788],[35.901988,56.857952]]]}},{"type":"Feature","properties":{"kind":"building","h":12.0},"geometry":{"type":"Polygon","coordinates":[[[35.901837,56.85625],[35.90198,56.85633],[35.90252,56.856043],[35.902378,56.855963],[35.901837,56.85625]]]}},{"type":"Feature","properties":{"kind":"building","h":9.0},"geometry":{"type":"Polygon","coordinates":[[[35.902237,56.857767],[35.902462,56.85784],[35.902662,56.857656],[35.902437,56.857583],[35.902349,56.857664],[35.902237,56.857767]]]}},{"type":"Feature","properties":{"kind":"building","h":36.0},"geometry":{"type":"Polygon","coordinates":[[[35.9013,56.857121],[35.901518,56.856878],[35.901784,56.85695],[35.901676,56.85707],[35.901638,56.857111],[35.901565,56.857193],[35.9013,56.857121]]]}},{"type":"Feature","properties":{"kind":"building","h":9.0},"geometry":{"type":"Polygon","coordinates":[[[35.913016,56.859253],[35.913373,56.859206],[35.913346,56.859146],[35.913315,56.859075],[35.912958,56.859122],[35.913016,56.859253]]]}},{"type":"Feature","properties":{"kind":"building","h":6.0},"geometry":{"type":"Polygon","coordinates":[[[35.911899,56.858946],[35.912704,56.859215],[35.912766,56.859292],[35.913016,56.859253],[35.912958,56.859122],[35.91193,56.858772],[35.911905,56.858704],[35.911635,56.858721],[35.911715,56.858953],[35.911899,56.858946]]]}},{"type":"Feature","properties":{"kind":"building","h":12.0},"geometry":{"type":"Polygon","coordinates":[[[35.917706,56.859474],[35.918176,56.86039],[35.917963,56.860422],[35.91749,56.859506],[35.917706,56.859474]]]}},{"type":"Feature","properties":{"kind":"building","h":18.0},"geometry":{"type":"Polygon","coordinates":[[[35.91006,56.852715],[35.910324,56.852677],[35.91028,56.852584],[35.91045,56.852559],[35.910395,56.852443],[35.910223,56.852468],[35.910111,56.852235],[35.910429,56.852189],[35.910475,56.852285],[35.910731,56.852248],[35.910685,56.852153],[35.910991,56.852109],[35.91103,56.85219],[35.911251,56.852159],[35.911135,56.851916],[35.909771,56.852111],[35.91006,56.852715]]]}},{"type":"Feature","properties":{"kind":"building","h":9.0},"geometry":{"type":"Polygon","coordinates":[[[35.9045,56.856332],[35.90486,56.85628],[35.904809,56.856176],[35.904698,56.856192],[35.904638,56.856069],[35.904742,56.856053],[35.904698,56.855961],[35.904345,56.856013],[35.9045,56.856332]]]}},{"type":"Feature","properties":{"kind":"building","h":12.0},"geometry":{"type":"Polygon","coordinates":[[[35.904052,56.855669],[35.904074,56.855719],[35.904137,56.855853],[35.904156,56.855851],[35.904195,56.855931],[35.904357,56.855908],[35.904255,56.855693],[35.904243,56.855668],[35.904382,56.855646],[35.904336,56.855553],[35.904116,56.855591],[35.904101,56.855596],[35.904086,56.855603],[35.904074,56.855611],[35.904064,56.85562],[35.904057,56.855629],[35.904051,56.855639],[35.904049,56.855649],[35.904049,56.855659],[35.904052,56.855669]]]}},{"type":"Feature","properties":{"kind":"building","h":6.0},"geometry":{"type":"Polygon","coordinates":[[[35.904552,56.856579],[35.905031,56.85651],[35.904975,56.856393],[35.904497,56.856462],[35.904552,56.856579]]]}},{"type":"Feature","properties":{"kind":"building","h":6.0},"geometry":{"type":"Polygon","coordinates":[[[35.906262,56.856344],[35.906493,56.856311],[35.906428,56.856177],[35.906339,56.85619],[35.906267,56.856042],[35.906125,56.856062],[35.906262,56.856344]]]}},{"type":"Feature","properties":{"kind":"building","h":3.0},"geometry":{"type":"Polygon","coordinates":[[[35.90009,56.85431],[35.90016,56.854368],[35.900307,56.854318],[35.900238,56.854259],[35.90009,56.85431]]]}},{"type":"Feature","properties":{"kind":"building","h":3.0},"geometry":{"type":"Polygon","coordinates":[[[35.900565,56.854147],[35.900395,56.854207],[35.900463,56.854266],[35.900636,56.854205],[35.900565,56.854147]]]}},{"type":"Feature","properties":{"kind":"building","h":3.0},"geometry":{"type":"Polygon","coordinates":[[[35.90009,56.85431],[35.899941,56.854361],[35.90001,56.85442],[35.90016,56.854368],[35.90009,56.85431]]]}},{"type":"Feature","properties":{"kind":"building","h":3.0},"geometry":{"type":"Polygon","coordinates":[[[35.899727,56.854519],[35.899892,56.854462],[35.899824,56.854404],[35.899659,56.854461],[35.899727,56.854519]]]}},{"type":"Feature","properties":{"kind":"building","h":3.0},"geometry":{"type":"Polygon","coordinates":[[[35.900565,56.854147],[35.900636,56.854205],[35.90081,56.854146],[35.900741,56.854087],[35.900565,56.854147]]]}},{"type":"Feature","properties":{"kind":"building","h":15.0},"geometry":{"type":"Polygon","coordinates":[[[35.906377,56.855785],[35.906618,56.856296],[35.906836,56.856266],[35.9067,56.855978],[35.906594,56.855754],[35.906377,56.855785]]]}},{"type":"Feature","properties":{"kind":"building","h":9.0},"geometry":{"type":"Polygon","coordinates":[[[35.904562,56.857563],[35.904435,56.857294],[35.904239,56.857322],[35.904367,56.857591],[35.904562,56.857563]]]}},{"type":"Feature","properties":{"kind":"building","h":18.0},"geometry":{"type":"Polygon","coordinates":[[[35.903307,56.857969],[35.904667,56.857776],[35.904614,56.857664],[35.903254,56.857857],[35.903307,56.857969]]]}},{"type":"Feature","properties":{"kind":"building","h":18.0},"geometry":{"type":"Polygon","coordinates":[[[35.903109,56.857607],[35.902723,56.857962],[35.902733,56.858002],[35.902794,56.858031],[35.903215,56.857976],[35.903138,56.857824],[35.90332,56.857679],[35.903109,56.857607]]]}},{"type":"Feature","properties":{"kind":"building","h":18.0},"geometry":{"type":"Polygon","coordinates":[[[35.903488,56.857276],[35.903109,56.857607],[35.90332,56.857679],[35.90352,56.857505],[35.903633,56.857543],[35.903812,56.857387],[35.903701,56.857349],[35.903488,56.857276]]]}},{"type":"Feature","properties":{"kind":"building","h":18.0},"geometry":{"type":"Polygon","coordinates":[[[35.906866,56.856423],[35.906663,56.856449],[35.906711,56.856558],[35.906901,56.856954],[35.906788,56.856971],[35.906725,56.856981],[35.90642,56.856887],[35.906214,56.857086],[35.906565,56.857194],[35.906746,56.857019],[35.906806,56.85701],[35.906919,56.856992],[35.90698,56.857125],[35.907185,56.857094],[35.906914,56.856531],[35.906866,56.856423]]]}},{"type":"Feature","properties":{"kind":"building","h":12.0},"geometry":{"type":"Polygon","coordinates":[[[35.906945,56.857257],[35.906909,56.857184],[35.906554,56.857236],[35.906633,56.857396],[35.906988,56.857343],[35.906945,56.857257]]]}},{"type":"Feature","properties":{"kind":"building","h":3.0},"geometry":{"type":"Polygon","coordinates":[[[35.895805,56.85538],[35.895666,56.855479],[35.895784,56.855529],[35.895924,56.85543],[35.895805,56.85538]]]}},{"type":"Feature","properties":{"kind":"building","h":3.0},"geometry":{"type":"Polygon","coordinates":[[[35.896039,56.855476],[35.89593,56.855553],[35.896091,56.855621],[35.896199,56.855544],[35.896039,56.855476]]]}},{"type":"Feature","properties":{"kind":"building","h":3.0},"geometry":{"type":"Polygon","coordinates":[[[35.896296,56.855587],[35.896191,56.855663],[35.896328,56.85572],[35.896433,56.855644],[35.896296,56.855587]]]}},{"type":"Feature","properties":{"kind":"building","h":3.0},"geometry":{"type":"Polygon","coordinates":[[[35.895057,56.855063],[35.894859,56.855196],[35.895041,56.855277],[35.895239,56.855144],[35.895057,56.855063]]]}},{"type":"Feature","properties":{"kind":"building","h":3.0},"geometry":{"type":"Polygon","coordinates":[[[35.895455,56.855229],[35.895321,56.855322],[35.895493,56.855396],[35.895628,56.855303],[35.895455,56.855229]]]}},{"type":"Feature","properties":{"kind":"building","h":27.0},"geometry":{"type":"Polygon","coordinates":[[[35.909046,56.849925],[35.909129,56.850074],[35.90938,56.850032],[35.910593,56.849829],[35.910927,56.849773],[35.910843,56.849624],[35.910511,56.84968],[35.909301,56.849882],[35.909046,56.849925]]]}},{"type":"Feature","properties":{"kind":"building","h":27.0},"geometry":{"type":"Polygon","coordinates":[[[35.908241,56.850137],[35.908472,56.850102],[35.907879,56.848917],[35.907647,56.848952],[35.908241,56.850137]]]}},{"type":"Feature","properties":{"kind":"building","h":9.0},"geometry":{"type":"Polygon","coordinates":[[[35.908039,56.860227],[35.906652,56.860429],[35.906713,56.860553],[35.9081,56.860351],[35.908153,56.860343],[35.908202,56.860336],[35.908141,56.860212],[35.908092,56.860219],[35.908039,56.860227]]]}},{"type":"Feature","properties":{"kind":"building","h":3.0},"geometry":{"type":"Polygon","coordinates":[[[35.895939,56.855954],[35.895815,56.856042],[35.895951,56.856099],[35.896075,56.856011],[35.895939,56.855954]]]}},{"type":"Feature","properties":{"kind":"building","h":13.0},"geometry":{"type":"Polygon","coordinates":[[[35.893335,56.861902],[35.893336,56.861869],[35.89332,56.861869],[35.893316,56.861902],[35.893335,56.861902]]]}},{"type":"Feature","properties":{"kind":"building","h":13.0},"geometry":{"type":"Polygon","coordinates":[[[35.893313,56.86193],[35.893314,56.861965],[35.893329,56.861965],[35.893332,56.86193],[35.893313,56.86193]]]}},{"type":"Feature","properties":{"kind":"building","h":13.0},"geometry":{"type":"Polygon","coordinates":[[[35.893349,56.861923],[35.893413,56.861923],[35.893412,56.861915],[35.893349,56.861913],[35.893349,56.861923]]]}},{"type":"Feature","properties":{"kind":"building","h":13.0},"geometry":{"type":"Polygon","coordinates":[[[35.893299,56.86192],[35.893234,56.861917],[35.893235,56.861911],[35.8933,56.86191],[35.893299,56.86192]]]}},{"type":"Feature","properties":{"kind":"building","h":45.5},"geometry":{"type":"Polygon","coordinates":[[[35.89335,56.861902],[35.893335,56.861902],[35.893316,56.861902],[35.893301,56.861901],[35.8933,56.86191],[35.893299,56.86192],[35.893299,56.86193],[35.893313,56.86193],[35.893332,56.86193],[35.893348,56.86193],[35.893349,56.861923],[35.893349,56.861913],[35.89335,56.861902]]]}},{"type":"Feature","properties":{"kind":"building","h":6.0},"geometry":{"type":"Polygon","coordinates":[[[35.891989,56.853704],[35.89185,56.853806],[35.892015,56.853873],[35.892154,56.853771],[35.891989,56.853704]]]}},{"type":"Feature","properties":{"kind":"building","h":3.0},"geometry":{"type":"Polygon","coordinates":[[[35.893129,56.854197],[35.893017,56.854276],[35.893165,56.854338],[35.893276,56.854259],[35.893129,56.854197]]]}},{"type":"Feature","properties":{"kind":"building","h":3.0},"geometry":{"type":"Polygon","coordinates":[[[35.894077,56.854604],[35.894009,56.854653],[35.893939,56.854624],[35.89387,56.854675],[35.894039,56.854745],[35.894177,56.854645],[35.894077,56.854604]]]}},{"type":"Feature","properties":{"kind":"building","h":3.0},"geometry":{"type":"Polygon","coordinates":[[[35.893534,56.854905],[35.893456,56.854966],[35.893621,56.855029],[35.893699,56.854967],[35.893534,56.854905]]]}},{"type":"Feature","properties":{"kind":"building","h":3.0},"geometry":{"type":"Polygon","coordinates":[[[35.892355,56.853865],[35.892242,56.853947],[35.892394,56.85401],[35.892507,56.853929],[35.892355,56.853865]]]}},{"type":"Feature","properties":{"kind":"building","h":3.0},"geometry":{"type":"Polygon","coordinates":[[[35.893829,56.854725],[35.893693,56.854818],[35.893837,56.854881],[35.893973,56.854788],[35.893829,56.854725]]]}},{"type":"Feature","properties":{"kind":"building","h":3.0},"geometry":{"type":"Polygon","coordinates":[[[35.894319,56.854711],[35.89426,56.854754],[35.894165,56.854714],[35.894074,56.85478],[35.894337,56.854889],[35.894487,56.854781],[35.894319,56.854711]]]}},{"type":"Feature","properties":{"kind":"building","h":6.0},"geometry":{"type":"Polygon","coordinates":[[[35.891708,56.853712],[35.891581,56.853805],[35.891745,56.853871],[35.891871,56.853777],[35.891708,56.853712]]]}},{"type":"Feature","properties":{"kind":"building","h":3.0},"geometry":{"type":"Polygon","coordinates":[[[35.893373,56.8543],[35.893273,56.854372],[35.893497,56.854465],[35.893597,56.854393],[35.893373,56.8543]]]}},{"type":"Feature","properties":{"kind":"building","h":3.0},"geometry":{"type":"Polygon","coordinates":[[[35.892638,56.853987],[35.892513,56.854079],[35.892645,56.854132],[35.89277,56.854041],[35.892638,56.853987]]]}},{"type":"Feature","properties":{"kind":"building","h":3.0},"geometry":{"type":"Polygon","coordinates":[[[35.893697,56.854435],[35.893575,56.854522],[35.893718,56.854582],[35.89384,56.854494],[35.893697,56.854435]]]}},{"type":"Feature","properties":{"kind":"building","h":21.0},"geometry":{"type":"Polygon","coordinates":[[[35.922045,56.85709],[35.922092,56.857183],[35.921817,56.857225],[35.921675,56.856945],[35.92195,56.856904],[35.922045,56.85709]]]}},{"type":"Feature","properties":{"kind":"building","h":9.0},"geometry":{"type":"Polygon","coordinates":[[[35.920522,56.857949],[35.920602,56.858122],[35.920844,56.858088],[35.920762,56.857917],[35.920624,56.857934],[35.920522,56.857949]]]}},{"type":"Feature","properties":{"kind":"building","h":21.0},"geometry":{"type":"Polygon","coordinates":[[[35.920939,56.857067],[35.921064,56.85732],[35.921075,56.857348],[35.92119,56.857332],[35.921209,56.857352],[35.921305,56.857315],[35.921169,56.857034],[35.920939,56.857067]]]}},{"type":"Feature","properties":{"kind":"building","h":9.0},"geometry":{"type":"Polygon","coordinates":[[[35.916643,56.858406],[35.916541,56.858196],[35.916572,56.858174],[35.916607,56.858163],[35.916659,56.858154],[35.916712,56.858155],[35.916768,56.858166],[35.91684,56.858155],[35.916705,56.85788],[35.916817,56.857861],[35.916998,56.857833],[35.917183,56.858217],[35.917017,56.858252],[35.91687,56.858298],[35.916752,56.85835],[35.916643,56.858406]]]}},{"type":"Feature","properties":{"kind":"building","h":6.0},"geometry":{"type":"Polygon","coordinates":[[[35.912914,56.858875],[35.913079,56.858849],[35.913019,56.858709],[35.912826,56.858712],[35.912914,56.858875]]]}},{"type":"Feature","properties":{"kind":"building","h":6.0},"geometry":{"type":"Polygon","coordinates":[[[35.912704,56.858994],[35.912869,56.858968],[35.912735,56.858709],[35.912542,56.858712],[35.912704,56.858994]]]}},{"type":"Feature","properties":{"kind":"building","h":6.0},"geometry":{"type":"Polygon","coordinates":[[[35.91344,56.858891],[35.913637,56.858865],[35.913573,56.858713],[35.913371,56.858716],[35.91344,56.858891]]]}},{"type":"Feature","properties":{"kind":"building","h":6.0},"geometry":{"type":"Polygon","coordinates":[[[35.913175,56.85889],[35.9132,56.858954],[35.913331,56.85894],[35.913345,56.858964],[35.91341,56.858956],[35.913308,56.858711],[35.913106,56.858714],[35.913175,56.85889]]]}},{"type":"Feature","properties":{"kind":"building","h":9.0},"geometry":{"type":"Polygon","coordinates":[[[35.911558,56.856684],[35.911842,56.85664],[35.91178,56.856519],[35.911496,56.856562],[35.911558,56.856684]]]}},{"type":"Feature","properties":{"kind":"building","h":12.0},"geometry":{"type":"Polygon","coordinates":[[[35.911496,56.856562],[35.911461,56.856493],[35.911175,56.856536],[35.911273,56.856727],[35.911558,56.856684],[35.911496,56.856562]]]}},{"type":"Feature","properties":{"kind":"building","h":12.0},"geometry":{"type":"Polygon","coordinates":[[[35.912414,56.856547],[35.912359,56.856432],[35.911934,56.856492],[35.911991,56.856612],[35.912168,56.856586],[35.912156,56.85656],[35.912219,56.856551],[35.91223,56.856573],[35.912414,56.856547]]]}},{"type":"Feature","properties":{"kind":"building","h":9.0},"geometry":{"type":"Polygon","coordinates":[[[35.919838,56.859319],[35.92102,56.85915],[35.921039,56.859189],[35.921352,56.859145],[35.920993,56.858395],[35.920233,56.858504],[35.920311,56.858668],[35.920774,56.858601],[35.920929,56.858923],[35.919731,56.859095],[35.919838,56.859319]]]}},{"type":"Feature","properties":{"kind":"building","h":15.0},"geometry":{"type":"Polygon","coordinates":[[[35.91235,56.85542],[35.912301,56.855322],[35.912115,56.85535],[35.912075,56.855271],[35.911865,56.855303],[35.911902,56.855377],[35.91171,56.855406],[35.91167,56.855327],[35.911458,56.855359],[35.911498,56.855438],[35.911305,56.855467],[35.911264,56.855384],[35.911075,56.855412],[35.911117,56.855495],[35.910908,56.855526],[35.910867,56.855444],[35.910674,56.855473],[35.910716,56.855558],[35.910582,56.855579],[35.910632,56.855678],[35.91235,56.85542]]]}},{"type":"Feature","properties":{"kind":"building","h":6.0},"geometry":{"type":"Polygon","coordinates":[[[35.911352,56.855184],[35.911598,56.855149],[35.911846,56.855115],[35.911734,56.854876],[35.91124,56.854945],[35.911352,56.855184]]]}},{"type":"Feature","properties":{"kind":"building","h":12.0},"geometry":{"type":"Polygon","coordinates":[[[35.911312,56.854275],[35.911833,56.854196],[35.911777,56.854083],[35.911255,56.85416],[35.911312,56.854275]]]}},{"type":"Feature","properties":{"kind":"building","h":6.0},"geometry":{"type":"Polygon","coordinates":[[[35.910852,56.854365],[35.911063,56.854333],[35.911027,56.854259],[35.910984,56.854174],[35.910773,56.854205],[35.910852,56.854365]]]}},{"type":"Feature","properties":{"kind":"building","h":6.0},"geometry":{"type":"Polygon","coordinates":[[[35.910482,56.854421],[35.91067,56.854393],[35.910714,56.854387],[35.910665,56.854287],[35.910433,56.854322],[35.910482,56.854421]]]}},{"type":"Feature","properties":{"kind":"building","h":9.0},"geometry":{"type":"Polygon","coordinates":[[[35.91635,56.858809],[35.916301,56.858678],[35.915565,56.858761],[35.915614,56.858892],[35.91635,56.858809]]]}},{"type":"Feature","properties":{"kind":"building","h":12.0},"geometry":{"type":"Polygon","coordinates":[[[35.915614,56.858892],[35.914978,56.858963],[35.914929,56.858832],[35.915565,56.858761],[35.915614,56.858892]]]}},{"type":"Feature","properties":{"kind":"building","h":6.0},"geometry":{"type":"Polygon","coordinates":[[[35.887348,56.86112],[35.887827,56.861324],[35.88797,56.861224],[35.887492,56.86102],[35.887348,56.86112]]]}},{"type":"Feature","properties":{"kind":"building","h":9.0},"geometry":{"type":"Polygon","coordinates":[[[35.88447,56.861187],[35.884317,56.861295],[35.884849,56.86152],[35.884472,56.861787],[35.88466,56.861866],[35.88519,56.861491],[35.88447,56.861187]]]}},{"type":"Feature","properties":{"kind":"building","h":6.0},"geometry":{"type":"Polygon","coordinates":[[[35.916276,56.858097],[35.916243,56.858009],[35.91621,56.857925],[35.916679,56.857871],[35.916696,56.857915],[35.916335,56.857956],[35.916443,56.858238],[35.916334,56.85825],[35.916276,56.858097]]]}},{"type":"Feature","properties":{"kind":"building","h":27.0},"geometry":{"type":"Polygon","coordinates":[[[35.886427,56.859299],[35.885257,56.858801],[35.885142,56.858881],[35.885087,56.85892],[35.886258,56.859419],[35.886311,56.85938],[35.886427,56.859299]]]}},{"type":"Feature","properties":{"kind":"building","h":15.0},"geometry":{"type":"Polygon","coordinates":[[[35.885559,56.859911],[35.885724,56.859791],[35.88459,56.859317],[35.884572,56.859309],[35.884405,56.859428],[35.884424,56.859437],[35.885559,56.859911]]]}},{"type":"Feature","properties":{"kind":"building","h":15.0},"geometry":{"type":"Polygon","coordinates":[[[35.8843,56.859196],[35.884728,56.858887],[35.884527,56.858804],[35.883933,56.859231],[35.884405,56.859428],[35.884572,56.859309],[35.8843,56.859196]]]}},{"type":"Feature","properties":{"kind":"building","h":12.0},"geometry":{"type":"Polygon","coordinates":[[[35.887201,56.859762],[35.88703,56.85988],[35.887238,56.859969],[35.887567,56.859737],[35.88707,56.859523],[35.886907,56.859636],[35.887201,56.859762]]]}},{"type":"Feature","properties":{"kind":"building","h":15.0},"geometry":{"type":"Polygon","coordinates":[[[35.886907,56.859636],[35.88707,56.859523],[35.88651,56.859282],[35.886474,56.859267],[35.886427,56.859299],[35.886311,56.85938],[35.886352,56.859397],[35.886907,56.859636]]]}},{"type":"Feature","properties":{"kind":"building","h":27.0},"geometry":{"type":"Polygon","coordinates":[[[35.883473,56.861774],[35.883187,56.861958],[35.883349,56.862026],[35.883634,56.861835],[35.883684,56.861761],[35.883603,56.861375],[35.884082,56.861027],[35.88393,56.860964],[35.883443,56.861309],[35.883392,56.861389],[35.883473,56.861774]]]}},{"type":"Feature","properties":{"kind":"building","h":6.0},"geometry":{"type":"Polygon","coordinates":[[[35.905388,56.856902],[35.905568,56.856876],[35.90555,56.856839],[35.905431,56.856593],[35.905251,56.856619],[35.905369,56.856864],[35.905388,56.856902]]]}},{"type":"Feature","properties":{"kind":"building","h":15.0},"geometry":{"type":"Polygon","coordinates":[[[35.906468,56.857299],[35.905825,56.857391],[35.905878,56.8575],[35.90652,56.857408],[35.906468,56.857299]]]}},{"type":"Feature","properties":{"kind":"building","h":9.0},"geometry":{"type":"Polygon","coordinates":[[[35.904761,56.856993],[35.90494,56.856968],[35.904921,56.856927],[35.904843,56.856762],[35.905165,56.856716],[35.90513,56.856641],[35.904628,56.856711],[35.904742,56.856952],[35.904761,56.856993]]]}},{"type":"Feature","properties":{"kind":"building","h":15.0},"geometry":{"type":"Polygon","coordinates":[[[35.90524,56.857475],[35.905825,56.857391],[35.905878,56.8575],[35.905908,56.857561],[35.905093,56.857679],[35.904761,56.856993],[35.90494,56.856968],[35.905388,56.856902],[35.905568,56.856876],[35.905628,56.856868],[35.905796,56.857214],[35.905554,56.857248],[35.90545,56.857033],[35.905054,56.85709],[35.90524,56.857475]]]}},{"type":"Feature","properties":{"kind":"building","h":9.0},"geometry":{"type":"Polygon","coordinates":[[[35.905867,56.856536],[35.90598,56.85652],[35.906011,56.856583],[35.905896,56.856599],[35.905867,56.856536]]]}},{"type":"Feature","properties":{"kind":"building","h":9.0},"geometry":{"type":"Polygon","coordinates":[[[35.906041,56.856504],[35.906234,56.856477],[35.906279,56.856574],[35.906087,56.856601],[35.906041,56.856504]]]}},{"type":"Feature","properties":{"kind":"building","h":12.0},"geometry":{"type":"Polygon","coordinates":[[[35.905622,56.85657],[35.905729,56.856799],[35.905973,56.856765],[35.905896,56.856599],[35.905867,56.856536],[35.905622,56.85657]]]}},{"type":"Feature","properties":{"kind":"building","h":12.0},"geometry":{"type":"Polygon","coordinates":[[[35.908569,56.85992],[35.908171,56.85998],[35.908112,56.859866],[35.908512,56.859806],[35.908569,56.85992]]]}},{"type":"Feature","properties":{"kind":"building","h":12.0},"geometry":{"type":"Polygon","coordinates":[[[35.907229,56.86012],[35.907171,56.860003],[35.907043,56.859747],[35.906836,56.859778],[35.906963,56.860034],[35.906298,56.860133],[35.906356,56.86025],[35.907229,56.86012]]]}},{"type":"Feature","properties":{"kind":"building","h":9.0},"geometry":{"type":"Polygon","coordinates":[[[35.88307,56.856675],[35.883267,56.856759],[35.883411,56.856657],[35.883214,56.856574],[35.88307,56.856675]]]}},{"type":"Feature","properties":{"kind":"building","h":36.0},"geometry":{"type":"Polygon","coordinates":[[[35.88303,56.860003],[35.882736,56.860205],[35.882968,56.860306],[35.883261,56.860103],[35.88303,56.860003]]]}},{"type":"Feature","properties":{"kind":"building","h":6.0},"geometry":{"type":"Polygon","coordinates":[[[35.882773,56.856893],[35.882923,56.856957],[35.883106,56.856828],[35.882957,56.856764],[35.882773,56.856893]]]}},{"type":"Feature","properties":{"kind":"building","h":6.0},"geometry":{"type":"Polygon","coordinates":[[[35.882612,56.857013],[35.88274,56.857068],[35.882859,56.856984],[35.88273,56.856929],[35.882612,56.857013]]]}},{"type":"Feature","properties":{"kind":"building","h":27.0},"geometry":{"type":"Polygon","coordinates":[[[35.882642,56.860516],[35.882395,56.86041],[35.8821,56.860614],[35.882297,56.860699],[35.882422,56.860613],[35.882484,56.860628],[35.882642,56.860516]]]}},{"type":"Feature","properties":{"kind":"building","h":3.0},"geometry":{"type":"Polygon","coordinates":[[[35.886651,56.860837],[35.886425,56.860999],[35.885741,56.861494],[35.885797,56.861517],[35.885845,56.861537],[35.886002,56.861602],[35.886586,56.86118],[35.886617,56.861193],[35.886717,56.86112],[35.886942,56.860958],[35.886651,56.860837]]]}},{"type":"Feature","properties":{"kind":"building","h":36.0},"geometry":{"type":"Polygon","coordinates":[[[35.881905,56.860873],[35.881611,56.861076],[35.881843,56.861176],[35.882136,56.860974],[35.881905,56.860873]]]}},{"type":"Feature","properties":{"kind":"building","h":12.0},"geometry":{"type":"Polygon","coordinates":[[[35.90154,56.86006],[35.901792,56.860023],[35.902028,56.859989],[35.902459,56.859926],[35.9024,56.859803],[35.90148,56.859938],[35.90154,56.86006]]]}},{"type":"Feature","properties":{"kind":"building","h":15.0},"geometry":{"type":"Polygon","coordinates":[[[35.903358,56.859556],[35.90319,56.85919],[35.902984,56.859218],[35.903153,56.859584],[35.903358,56.859556]]]}},{"type":"Feature","properties":{"kind":"building","h":15.0},"geometry":{"type":"Polygon","coordinates":[[[35.901185,56.860084],[35.900981,56.860106],[35.900939,56.859991],[35.901143,56.859969],[35.901185,56.860084]]]}},{"type":"Feature","properties":{"kind":"building","h":3.0},"geometry":{"type":"Polygon","coordinates":[[[35.902028,56.859989],[35.902061,56.860055],[35.901825,56.86009],[35.901792,56.860023],[35.902028,56.859989]]]}},{"type":"Feature","properties":{"kind":"building","h":6.0},"geometry":{"type":"Polygon","coordinates":[[[35.901171,56.860729],[35.901391,56.860705],[35.90133,56.860539],[35.901292,56.860543],[35.90111,56.860563],[35.901171,56.860729]]]}},{"type":"Feature","properties":{"kind":"building","h":6.0},"geometry":{"type":"Polygon","coordinates":[[[35.903114,56.86072],[35.90397,56.860607],[35.903878,56.860396],[35.903022,56.860509],[35.903062,56.860601],[35.903114,56.86072]]]}},{"type":"Feature","properties":{"kind":"building","h":6.0},"geometry":{"type":"Polygon","coordinates":[[[35.902852,56.860753],[35.903114,56.86072],[35.903062,56.860601],[35.902804,56.860633],[35.902852,56.860753]]]}},{"type":"Feature","properties":{"kind":"building","h":9.0},"geometry":{"type":"Polygon","coordinates":[[[35.901209,56.860927],[35.901825,56.860862],[35.901787,56.860754],[35.901171,56.860819],[35.901209,56.860927]]]}},{"type":"Feature","properties":{"kind":"building","h":6.0},"geometry":{"type":"Polygon","coordinates":[[[35.901825,56.860862],[35.902099,56.860833],[35.902063,56.860729],[35.90193,56.860743],[35.901857,56.860537],[35.901828,56.860455],[35.901687,56.86047],[35.901787,56.860754],[35.901825,56.860862]]]}},{"type":"Feature","properties":{"kind":"building","h":6.0},"geometry":{"type":"Polygon","coordinates":[[[35.910085,56.859564],[35.910133,56.859662],[35.910358,56.85963],[35.910386,56.859626],[35.910411,56.859623],[35.910582,56.859598],[35.910535,56.859499],[35.910364,56.859524],[35.910339,56.859528],[35.910311,56.859532],[35.91015,56.859555],[35.910085,56.859564]]]}},{"type":"Feature","properties":{"kind":"building","h":6.0},"geometry":{"type":"Polygon","coordinates":[[[35.910085,56.859564],[35.910058,56.859568],[35.910036,56.859571],[35.910016,56.859574],[35.909853,56.859597],[35.909703,56.859619],[35.909574,56.859637],[35.909621,56.859735],[35.910063,56.859672],[35.910083,56.859669],[35.910105,56.859666],[35.910133,56.859662],[35.910085,56.859564]]]}},{"type":"Feature","properties":{"kind":"building","h":15.0},"geometry":{"type":"Polygon","coordinates":[[[35.903153,56.859584],[35.90337,56.860057],[35.903576,56.860029],[35.903358,56.859556],[35.903153,56.859584]]]}},{"type":"Feature","properties":{"kind":"building","h":3.0},"geometry":{"type":"Polygon","coordinates":[[[35.907172,56.859385],[35.907206,56.859477],[35.907417,56.859454],[35.907382,56.859362],[35.907172,56.859385]]]}},{"type":"Feature","properties":{"kind":"building","h":6.0},"geometry":{"type":"Polygon","coordinates":[[[35.90687,56.859514],[35.907206,56.859477],[35.907172,56.859385],[35.906836,56.859422],[35.90687,56.859514]]]}},{"type":"Feature","properties":{"kind":"building","h":12.0},"geometry":{"type":"Polygon","coordinates":[[[35.914879,56.857661],[35.914941,56.857774],[35.915479,56.857687],[35.915418,56.857574],[35.914879,56.857661]]]}},{"type":"Feature","properties":{"kind":"building","h":12.0},"geometry":{"type":"Polygon","coordinates":[[[35.914499,56.857479],[35.915391,56.857345],[35.915307,56.857177],[35.914414,56.857311],[35.914171,56.85682],[35.91388,56.856864],[35.914311,56.857729],[35.914603,56.857685],[35.914499,56.857479]]]}},{"type":"Feature","properties":{"kind":"building","h":12.0},"geometry":{"type":"Polygon","coordinates":[[[35.914727,56.857786],[35.914522,56.857817],[35.914678,56.858124],[35.914884,56.858092],[35.914727,56.857786]]]}},{"type":"Feature","properties":{"kind":"building","h":12.0},"geometry":{"type":"Polygon","coordinates":[[[35.913655,56.857289],[35.913979,56.857963],[35.914166,56.857936],[35.913842,56.857263],[35.913655,56.857289]]]}},{"type":"Feature","properties":{"kind":"building","h":6.0},"geometry":{"type":"Polygon","coordinates":[[[35.91353,56.858437],[35.913882,56.858436],[35.913881,56.858301],[35.913529,56.858302],[35.91353,56.858437]]]}},{"type":"Feature","properties":{"kind":"building","h":9.0},"geometry":{"type":"Polygon","coordinates":[[[35.912892,56.858207],[35.912893,56.858304],[35.912579,56.858306],[35.91258,56.858435],[35.912921,56.858434],[35.912921,56.85841],[35.913061,56.858409],[35.913061,56.858434],[35.913412,56.858432],[35.91341,56.858302],[35.913058,56.858304],[35.913057,56.858206],[35.912892,56.858207]]]}},{"type":"Feature","properties":{"kind":"building","h":6.0},"geometry":{"type":"Polygon","coordinates":[[[35.920659,56.855953],[35.920312,56.856004],[35.920283,56.856009],[35.920328,56.856098],[35.920454,56.856079],[35.920499,56.856169],[35.920405,56.856183],[35.920426,56.856225],[35.920769,56.856174],[35.92068,56.855994],[35.92067,56.855976],[35.920659,56.855953]]]}},{"type":"Feature","properties":{"kind":"building","h":6.0},"geometry":{"type":"Polygon","coordinates":[[[35.918945,56.855961],[35.918651,56.856006],[35.9187,56.856102],[35.918994,56.856058],[35.918945,56.855961]]]}},{"type":"Feature","properties":{"kind":"building","h":12.0},"geometry":{"type":"Polygon","coordinates":[[[35.917767,56.856267],[35.917749,56.856231],[35.917699,56.856137],[35.91679,56.85628],[35.916884,56.856459],[35.917089,56.856427],[35.917063,56.856377],[35.917767,56.856267]]]}},{"type":"Feature","properties":{"kind":"building","h":3.0},"geometry":{"type":"Polygon","coordinates":[[[35.920536,56.855715],[35.920257,56.855758],[35.920321,56.855888],[35.9206,56.855845],[35.920536,56.855715]]]}},{"type":"Feature","properties":{"kind":"building","h":6.0},"geometry":{"type":"Polygon","coordinates":[[[35.918078,56.856078],[35.918127,56.856172],[35.918478,56.856117],[35.918429,56.856023],[35.918078,56.856078]]]}},{"type":"Feature","properties":{"kind":"building","h":6.0},"geometry":{"type":"Polygon","coordinates":[[[35.919366,56.855892],[35.919431,56.856024],[35.919992,56.855941],[35.920005,56.855966],[35.920171,56.855941],[35.920094,56.855784],[35.919366,56.855892]]]}},{"type":"Feature","properties":{"kind":"building","h":6.0},"geometry":{"type":"Polygon","coordinates":[[[35.917699,56.856137],[35.917749,56.856231],[35.918127,56.856172],[35.918078,56.856078],[35.917699,56.856137]]]}},{"type":"Feature","properties":{"kind":"building","h":6.0},"geometry":{"type":"Polygon","coordinates":[[[35.918994,56.856058],[35.919157,56.856032],[35.919172,56.856061],[35.919304,56.85604],[35.919239,56.855917],[35.918945,56.855961],[35.918994,56.856058]]]}},{"type":"Feature","properties":{"kind":"building","h":3.0},"geometry":{"type":"Polygon","coordinates":[[[35.920767,56.856207],[35.920369,56.856265],[35.920463,56.856457],[35.920592,56.856439],[35.920547,56.856346],[35.920816,56.856307],[35.920767,56.856207]]]}},{"type":"Feature","properties":{"kind":"building","h":6.0},"geometry":{"type":"Polygon","coordinates":[[[35.920944,56.856536],[35.920836,56.856549],[35.920872,56.856626],[35.920601,56.85667],[35.920676,56.856812],[35.920974,56.856762],[35.920988,56.856751],[35.920957,56.856741],[35.920998,56.856711],[35.921027,56.856722],[35.921038,56.856714],[35.920944,56.856536]]]}},{"type":"Feature","properties":{"kind":"building","h":9.0},"geometry":{"type":"Polygon","coordinates":[[[35.920998,56.856711],[35.920957,56.856741],[35.920988,56.856751],[35.92101,56.85676],[35.921048,56.85673],[35.921027,56.856722],[35.920998,56.856711]]]}},{"type":"Feature","properties":{"kind":"building","h":6.0},"geometry":{"type":"Polygon","coordinates":[[[35.917172,56.857007],[35.917405,56.85697],[35.917294,56.856758],[35.91706,56.856794],[35.917172,56.857007]]]}},{"type":"Feature","properties":{"kind":"building","h":9.0},"geometry":{"type":"Polygon","coordinates":[[[35.920316,56.856447],[35.920082,56.856483],[35.920231,56.856776],[35.920465,56.856741],[35.920316,56.856447]]]}},{"type":"Feature","properties":{"kind":"building","h":6.0},"geometry":{"type":"Polygon","coordinates":[[[35.917729,56.856345],[35.917519,56.856378],[35.917547,56.856432],[35.917126,56.856498],[35.917112,56.856471],[35.917089,56.856427],[35.916884,56.856459],[35.916907,56.856503],[35.91706,56.856794],[35.917294,56.856758],[35.917896,56.856663],[35.917729,56.856345]]]}},{"type":"Feature","properties":{"kind":"building","h":6.0},"geometry":{"type":"Polygon","coordinates":[[[35.918545,56.856419],[35.918607,56.856547],[35.919386,56.856434],[35.919324,56.856306],[35.918545,56.856419]]]}},{"type":"Feature","properties":{"kind":"building","h":6.0},"geometry":{"type":"Polygon","coordinates":[[[35.912677,56.857252],[35.912759,56.857433],[35.912938,56.857408],[35.912856,56.857228],[35.912677,56.857252]]]}},{"type":"Feature","properties":{"kind":"building","h":9.0},"geometry":{"type":"Polygon","coordinates":[[[35.91278,56.85702],[35.91317,56.856967],[35.913149,56.856921],[35.913119,56.856855],[35.912729,56.856908],[35.91278,56.85702]]]}},{"type":"Feature","properties":{"kind":"building","h":9.0},"geometry":{"type":"Polygon","coordinates":[[[35.91203,56.857002],[35.911866,56.857025],[35.911921,56.857143],[35.911961,56.857138],[35.912334,56.857928],[35.912458,56.857911],[35.91203,56.857002]]]}},{"type":"Feature","properties":{"kind":"building","h":6.0},"geometry":{"type":"Polygon","coordinates":[[[35.912342,56.856955],[35.912395,56.857071],[35.912583,56.857046],[35.91253,56.856929],[35.912342,56.856955]]]}},{"type":"Feature","properties":{"kind":"building","h":9.0},"geometry":{"type":"Polygon","coordinates":[[[35.912334,56.857928],[35.911961,56.857138],[35.911921,56.857143],[35.911866,56.857025],[35.911659,56.857054],[35.911284,56.857107],[35.91131,56.857163],[35.91141,56.857376],[35.91158,56.857352],[35.91151,56.857204],[35.911712,56.857175],[35.911818,56.85716],[35.91219,56.857948],[35.912334,56.857928]]]}},{"type":"Feature","properties":{"kind":"building","h":3.0},"geometry":{"type":"Polygon","coordinates":[[[35.911943,56.860846],[35.911839,56.860873],[35.911907,56.860952],[35.912011,56.860925],[35.911943,56.860846]]]}},{"type":"Feature","properties":{"kind":"building","h":3.0},"geometry":{"type":"Polygon","coordinates":[[[35.912493,56.861266],[35.912308,56.861293],[35.912336,56.861355],[35.91226,56.861366],[35.912301,56.861457],[35.912428,56.861435],[35.912504,56.86158],[35.912644,56.861569],[35.912493,56.861266]]]}},{"type":"Feature","properties":{"kind":"building","h":6.0},"geometry":{"type":"Polygon","coordinates":[[[35.911825,56.861775],[35.911796,56.861685],[35.911511,56.861712],[35.911352,56.861728],[35.911382,56.861818],[35.91154,56.861802],[35.911825,56.861775]]]}},{"type":"Feature","properties":{"kind":"building","h":6.0},"geometry":{"type":"Polygon","coordinates":[[[35.912702,56.861596],[35.911977,56.861667],[35.911796,56.861685],[35.911825,56.861775],[35.91274,56.861685],[35.912702,56.861596]]]}},{"type":"Feature","properties":{"kind":"building","h":6.0},"geometry":{"type":"Polygon","coordinates":[[[35.911382,56.861818],[35.911352,56.861728],[35.911049,56.861758],[35.910849,56.861782],[35.910876,56.861868],[35.911078,56.861848],[35.911382,56.861818]]]}},{"type":"Feature","properties":{"kind":"building","h":15.0},"geometry":{"type":"Polygon","coordinates":[[[35.915668,56.855812],[35.915906,56.855774],[35.915699,56.855362],[35.915454,56.855397],[35.915668,56.855812]]]}},{"type":"Feature","properties":{"kind":"building","h":6.0},"geometry":{"type":"Polygon","coordinates":[[[35.914137,56.8528],[35.914181,56.852892],[35.914446,56.852854],[35.914402,56.852762],[35.914137,56.8528]]]}},{"type":"Feature","properties":{"kind":"building","h":6.0},"geometry":{"type":"Polygon","coordinates":[[[35.915295,56.855154],[35.915356,56.855276],[35.915547,56.855247],[35.915486,56.855125],[35.915295,56.855154]]]}},{"type":"Feature","properties":{"kind":"building","h":6.0},"geometry":{"type":"Polygon","coordinates":[[[35.917291,56.857233],[35.917524,56.857197],[35.917405,56.85697],[35.917172,56.857007],[35.917291,56.857233]]]}},{"type":"Feature","properties":{"kind":"building","h":6.0},"geometry":{"type":"Polygon","coordinates":[[[35.914585,56.853535],[35.91456,56.853483],[35.914647,56.85347],[35.914673,56.853522],[35.914585,56.853535]]]}},{"type":"Feature","properties":{"kind":"building","h":12.0},"geometry":{"type":"Polygon","coordinates":[[[35.914274,56.851423],[35.914433,56.851741],[35.914646,56.851709],[35.914487,56.851392],[35.914274,56.851423]]]}},{"type":"Feature","properties":{"kind":"building","h":6.0},"geometry":{"type":"Polygon","coordinates":[[[35.914463,56.853825],[35.914888,56.853766],[35.914768,56.853509],[35.914673,56.853522],[35.914585,56.853535],[35.914343,56.853569],[35.914463,56.853825]]]}},{"type":"Feature","properties":{"kind":"building","h":6.0},"geometry":{"type":"Polygon","coordinates":[[[35.914923,56.854947],[35.91469,56.854982],[35.914748,56.855097],[35.914981,56.855063],[35.914923,56.854947]]]}},{"type":"Feature","properties":{"kind":"building","h":9.0},"geometry":{"type":"Polygon","coordinates":[[[35.914503,56.852009],[35.914919,56.851947],[35.914841,56.85179],[35.914425,56.851852],[35.914503,56.852009]]]}},{"type":"Feature","properties":{"kind":"building","h":6.0},"geometry":{"type":"Polygon","coordinates":[[[35.914637,56.85327],[35.914386,56.853305],[35.914475,56.853495],[35.91456,56.853483],[35.914647,56.85347],[35.914726,56.853459],[35.914637,56.85327]]]}},{"type":"Feature","properties":{"kind":"building","h":3.0},"geometry":{"type":"Polygon","coordinates":[[[35.914294,56.853195],[35.91433,56.853273],[35.914622,56.853231],[35.914586,56.853154],[35.914294,56.853195]]]}},{"type":"Feature","properties":{"kind":"building","h":6.0},"geometry":{"type":"Polygon","coordinates":[[[35.914821,56.853963],[35.91488,56.854092],[35.915005,56.854075],[35.914946,56.853946],[35.914821,56.853963]]]}},{"type":"Feature","properties":{"kind":"building","h":9.0},"geometry":{"type":"Polygon","coordinates":[[[35.914923,56.854947],[35.914981,56.855063],[35.915516,56.854982],[35.915437,56.854824],[35.915296,56.854845],[35.915197,56.85486],[35.915218,56.854903],[35.914923,56.854947]]]}},{"type":"Feature","properties":{"kind":"building","h":12.0},"geometry":{"type":"Polygon","coordinates":[[[35.914528,56.852009],[35.914728,56.85198],[35.914888,56.852306],[35.915478,56.85222],[35.915538,56.852342],[35.914813,56.852448],[35.914807,56.852436],[35.914743,56.852446],[35.914528,56.852009]]]}},{"type":"Feature","properties":{"kind":"building","h":9.0},"geometry":{"type":"Polygon","coordinates":[[[35.915264,56.854546],[35.915081,56.854153],[35.914915,56.854176],[35.914843,56.854186],[35.915025,56.854579],[35.915073,56.854573],[35.915264,56.854546]]]}},{"type":"Feature","properties":{"kind":"building","h":9.0},"geometry":{"type":"Polygon","coordinates":[[[35.915043,56.855191],[35.915114,56.855327],[35.915265,56.855304],[35.915199,56.855168],[35.915043,56.855191]]]}},{"type":"Feature","properties":{"kind":"building","h":3.0},"geometry":{"type":"Polygon","coordinates":[[[35.915307,56.854621],[35.91511,56.854652],[35.914995,56.85467],[35.915051,56.854777],[35.915363,56.854729],[35.915307,56.854621]]]}},{"type":"Feature","properties":{"kind":"building","h":9.0},"geometry":{"type":"Polygon","coordinates":[[[35.917524,56.857197],[35.917291,56.857233],[35.917338,56.857323],[35.917571,56.857286],[35.917524,56.857197]]]}},{"type":"Feature","properties":{"kind":"building","h":3.0},"geometry":{"type":"Polygon","coordinates":[[[35.914465,56.852908],[35.914227,56.852941],[35.914324,56.853147],[35.914562,56.853114],[35.914465,56.852908]]]}},{"type":"Feature","properties":{"kind":"building","h":12.0},"geometry":{"type":"Polygon","coordinates":[[[35.918952,56.856652],[35.917759,56.856834],[35.917967,56.857242],[35.918504,56.85716],[35.918911,56.857098],[35.918825,56.85693],[35.918644,56.856957],[35.918583,56.857013],[35.918441,56.857035],[35.918133,56.857082],[35.918056,56.856929],[35.919018,56.856783],[35.918952,56.856652]]]}},{"type":"Feature","properties":{"kind":"building","h":6.0},"geometry":{"type":"Polygon","coordinates":[[[35.921501,56.856555],[35.921561,56.856675],[35.921693,56.856655],[35.921663,56.856595],[35.921632,56.856535],[35.921501,56.856555]]]}},{"type":"Feature","properties":{"kind":"building","h":6.0},"geometry":{"type":"Polygon","coordinates":[[[35.91955,56.85688],[35.919428,56.856632],[35.919078,56.856683],[35.919129,56.856787],[35.9193,56.856762],[35.919371,56.856907],[35.919285,56.856919],[35.919337,56.857026],[35.919739,56.856967],[35.919686,56.85686],[35.91955,56.85688]]]}},{"type":"Feature","properties":{"kind":"building","h":6.0},"geometry":{"type":"Polygon","coordinates":[[[35.921693,56.856655],[35.921969,56.856612],[35.921938,56.856553],[35.921663,56.856595],[35.921693,56.856655]]]}},{"type":"Feature","properties":{"kind":"building","h":9.0},"geometry":{"type":"Polygon","coordinates":[[[35.918982,56.857072],[35.919165,56.857043],[35.919086,56.856891],[35.918903,56.856919],[35.918982,56.857072]]]}},{"type":"Feature","properties":{"kind":"building","h":12.0},"geometry":{"type":"Polygon","coordinates":[[[35.915813,56.852138],[35.915886,56.852287],[35.916963,56.852129],[35.91689,56.85198],[35.915813,56.852138]]]}},{"type":"Feature","properties":{"kind":"building","h":15.0},"geometry":{"type":"Polygon","coordinates":[[[35.887162,56.869921],[35.887095,56.869797],[35.885948,56.869983],[35.886015,56.870107],[35.887162,56.869921]]]}},{"type":"Feature","properties":{"kind":"building","h":15.0},"geometry":{"type":"Polygon","coordinates":[[[35.885439,56.868732],[35.885182,56.868773],[35.885407,56.86916],[35.885665,56.869116],[35.885439,56.868732]]]}},{"type":"Feature","properties":{"kind":"building","h":9.0},"geometry":{"type":"Polygon","coordinates":[[[35.883457,56.869622],[35.883392,56.869498],[35.883442,56.86949],[35.883428,56.869463],[35.883405,56.869467],[35.883356,56.869374],[35.883305,56.869363],[35.883188,56.86926],[35.882968,56.869294],[35.88311,56.869571],[35.88318,56.869593],[35.883214,56.86966],[35.883457,56.869622]]]}},{"type":"Feature","properties":{"kind":"building","h":3.0},"geometry":{"type":"Polygon","coordinates":[[[35.885867,56.869685],[35.885823,56.869601],[35.886199,56.869542],[35.886243,56.869626],[35.885867,56.869685]]]}},{"type":"Feature","properties":{"kind":"building","h":6.0},"geometry":{"type":"Polygon","coordinates":[[[35.886291,56.869618],[35.886213,56.869469],[35.886614,56.869407],[35.886692,56.869556],[35.886291,56.869618]]]}},{"type":"Feature","properties":{"kind":"building","h":9.0},"geometry":{"type":"Polygon","coordinates":[[[35.886547,56.869177],[35.886738,56.869144],[35.886771,56.869201],[35.886881,56.869181],[35.886781,56.869009],[35.886479,56.869062],[35.886547,56.869177]]]}},{"type":"Feature","properties":{"kind":"building","h":12.0},"geometry":{"type":"Polygon","coordinates":[[[35.886498,56.868877],[35.886716,56.868843],[35.886571,56.868563],[35.885663,56.868704],[35.88573,56.868833],[35.88642,56.868726],[35.886498,56.868877]]]}},{"type":"Feature","properties":{"kind":"building","h":12.0},"geometry":{"type":"Polygon","coordinates":[[[35.894007,56.868848],[35.893966,56.868736],[35.893414,56.868798],[35.893456,56.868909],[35.894007,56.868848]]]}},{"type":"Feature","properties":{"kind":"building","h":6.0},"geometry":{"type":"Polygon","coordinates":[[[35.905795,56.858363],[35.906312,56.858348],[35.906326,56.858486],[35.905808,56.858501],[35.905795,56.858363]]]}},{"type":"Feature","properties":{"kind":"building","h":3.0},"geometry":{"type":"Polygon","coordinates":[[[35.9061,56.867401],[35.906198,56.86739],[35.906179,56.86734],[35.906081,56.867351],[35.9061,56.867401]]]}},{"type":"Feature","properties":{"kind":"building","h":6.0},"geometry":{"type":"Polygon","coordinates":[[[35.885746,56.85549],[35.885869,56.85554],[35.88599,56.855452],[35.885867,56.855401],[35.885746,56.85549]]]}},{"type":"Feature","properties":{"kind":"building","h":6.0},"geometry":{"type":"Polygon","coordinates":[[[35.88623,56.855688],[35.886384,56.855751],[35.886502,56.855665],[35.886348,56.855602],[35.88623,56.855688]]]}},{"type":"Feature","properties":{"kind":"building","h":6.0},"geometry":{"type":"Polygon","coordinates":[[[35.886039,56.85561],[35.886138,56.855651],[35.886247,56.855571],[35.886148,56.855531],[35.886039,56.85561]]]}},{"type":"Feature","properties":{"kind":"building","h":6.0},"geometry":{"type":"Polygon","coordinates":[[[35.885856,56.854725],[35.885767,56.854789],[35.885903,56.854845],[35.885992,56.854781],[35.885856,56.854725]]]}},{"type":"Feature","properties":{"kind":"building","h":3.0},"geometry":{"type":"Polygon","coordinates":[[[35.886591,56.855832],[35.886723,56.855886],[35.886848,56.855795],[35.886716,56.855741],[35.886591,56.855832]]]}},{"type":"Feature","properties":{"kind":"building","h":6.0},"geometry":{"type":"Polygon","coordinates":[[[35.885125,56.855235],[35.885284,56.8553],[35.885408,56.85521],[35.885249,56.855144],[35.885125,56.855235]]]}},{"type":"Feature","properties":{"kind":"building","h":9.0},"geometry":{"type":"Polygon","coordinates":[[[35.886188,56.854478],[35.885975,56.854632],[35.886077,56.854674],[35.88629,56.85452],[35.886188,56.854478]]]}},{"type":"Feature","properties":{"kind":"building","h":3.0},"geometry":{"type":"Polygon","coordinates":[[[35.893807,56.858934],[35.893957,56.858999],[35.894102,56.858899],[35.893877,56.858801],[35.893781,56.858867],[35.893857,56.858899],[35.893807,56.858934]]]}},{"type":"Feature","properties":{"kind":"building","h":3.0},"geometry":{"type":"Polygon","coordinates":[[[35.894896,56.859125],[35.894752,56.859061],[35.894474,56.859245],[35.894618,56.85931],[35.894896,56.859125]]]}},{"type":"Feature","properties":{"kind":"building","h":6.0},"geometry":{"type":"Polygon","coordinates":[[[35.891873,56.858079],[35.892039,56.85815],[35.892131,56.858086],[35.891965,56.858015],[35.891873,56.858079]]]}},{"type":"Feature","properties":{"kind":"building","h":6.0},"geometry":{"type":"Polygon","coordinates":[[[35.888591,56.856706],[35.888698,56.856751],[35.888772,56.856699],[35.888665,56.856654],[35.888591,56.856706]]]}},{"type":"Feature","properties":{"kind":"building","h":9.0},"geometry":{"type":"Polygon","coordinates":[[[35.890173,56.857385],[35.890262,56.857322],[35.890205,56.857298],[35.890116,56.85736],[35.890173,56.857385]]]}},{"type":"Feature","properties":{"kind":"building","h":9.0},"geometry":{"type":"Polygon","coordinates":[[[35.89339,56.858577],[35.893217,56.858699],[35.893487,56.858814],[35.89366,56.858692],[35.89339,56.858577]]]}},{"type":"Feature","properties":{"kind":"building","h":3.0},"geometry":{"type":"Polygon","coordinates":[[[35.891161,56.857773],[35.891259,56.857701],[35.8911,56.857636],[35.891158,56.857594],[35.891062,56.857555],[35.890906,56.857669],[35.891161,56.857773]]]}},{"type":"Feature","properties":{"kind":"building","h":6.0},"geometry":{"type":"Polygon","coordinates":[[[35.889393,56.857048],[35.889547,56.857113],[35.889623,56.85706],[35.889469,56.856995],[35.889393,56.857048]]]}},{"type":"Feature","properties":{"kind":"building","h":3.0},"geometry":{"type":"Polygon","coordinates":[[[35.891323,56.857842],[35.891519,56.857924],[35.891614,56.857857],[35.891419,56.857774],[35.891323,56.857842]]]}},{"type":"Feature","properties":{"kind":"building","h":3.0},"geometry":{"type":"Polygon","coordinates":[[[35.889064,56.856908],[35.889204,56.856967],[35.889257,56.856929],[35.889118,56.85687],[35.889064,56.856908]]]}},{"type":"Feature","properties":{"kind":"building","h":3.0},"geometry":{"type":"Polygon","coordinates":[[[35.889826,56.857234],[35.889891,56.857188],[35.88977,56.857136],[35.889705,56.857182],[35.889826,56.857234]]]}},{"type":"Feature","properties":{"kind":"building","h":9.0},"geometry":{"type":"Polygon","coordinates":[[[35.888361,56.856609],[35.888437,56.856641],[35.888537,56.856571],[35.888461,56.856538],[35.888361,56.856609]]]}},{"type":"Feature","properties":{"kind":"building","h":6.0},"geometry":{"type":"Polygon","coordinates":[[[35.888792,56.856789],[35.888968,56.856863],[35.889033,56.856817],[35.888857,56.856743],[35.888792,56.856789]]]}},{"type":"Feature","properties":{"kind":"building","h":3.0},"geometry":{"type":"Polygon","coordinates":[[[35.889945,56.857287],[35.890086,56.857346],[35.890155,56.857298],[35.890013,56.857238],[35.889945,56.857287]]]}},{"type":"Feature","properties":{"kind":"building","h":6.0},"geometry":{"type":"Polygon","coordinates":[[[35.888159,56.85652],[35.888304,56.856581],[35.88846,56.856473],[35.888315,56.856412],[35.888159,56.85652]]]}},{"type":"Feature","properties":{"kind":"building","h":3.0},"geometry":{"type":"Polygon","coordinates":[[[35.890631,56.857577],[35.890735,56.857503],[35.890622,56.857455],[35.890518,56.857529],[35.890631,56.857577]]]}},{"type":"Feature","properties":{"kind":"building","h":6.0},"geometry":{"type":"Polygon","coordinates":[[[35.892644,56.858418],[35.89273,56.85836],[35.892619,56.858311],[35.892533,56.858369],[35.892644,56.858418]]]}},{"type":"Feature","properties":{"kind":"building","h":3.0},"geometry":{"type":"Polygon","coordinates":[[[35.890234,56.85741],[35.890386,56.857474],[35.890462,56.857421],[35.890309,56.857356],[35.890234,56.85741]]]}},{"type":"Feature","properties":{"kind":"building","h":6.0},"geometry":{"type":"Polygon","coordinates":[[[35.892104,56.85818],[35.892218,56.85823],[35.892343,56.858145],[35.892229,56.858094],[35.892104,56.85818]]]}},{"type":"Feature","properties":{"kind":"building","h":3.0},"geometry":{"type":"Polygon","coordinates":[[[35.891639,56.857979],[35.891798,56.858047],[35.891903,56.857974],[35.891744,56.857906],[35.891639,56.857979]]]}},{"type":"Feature","properties":{"kind":"building","h":15.0},"geometry":{"type":"Polygon","coordinates":[[[35.917255,56.852498],[35.917278,56.852542],[35.917577,56.852497],[35.917803,56.852462],[35.918321,56.852621],[35.918539,56.853047],[35.91811,56.853114],[35.917528,56.853202],[35.917384,56.852922],[35.917187,56.852955],[35.91739,56.85335],[35.918168,56.85323],[35.918598,56.853163],[35.918573,56.853119],[35.918683,56.853103],[35.918669,56.853074],[35.918774,56.853059],[35.918754,56.853016],[35.918542,56.852587],[35.918426,56.852519],[35.917908,56.85236],[35.917746,56.852349],[35.917519,56.852384],[35.91722,56.85243],[35.917184,56.85236],[35.916388,56.852482],[35.916423,56.85255],[35.916459,56.85262],[35.917255,56.852498]]]}},{"type":"Feature","properties":{"kind":"building","h":15.0},"geometry":{"type":"Polygon","coordinates":[[[35.915335,56.853544],[35.91541,56.853691],[35.916153,56.853578],[35.916078,56.853431],[35.915568,56.853508],[35.915335,56.853544]]]}},{"type":"Feature","properties":{"kind":"building","h":15.0},"geometry":{"type":"Polygon","coordinates":[[[35.916423,56.85255],[35.914941,56.852778],[35.915008,56.852902],[35.915241,56.852867],[35.916487,56.852674],[35.916459,56.85262],[35.916423,56.85255]]]}},{"type":"Feature","properties":{"kind":"building","h":15.0},"geometry":{"type":"Polygon","coordinates":[[[35.915008,56.852902],[35.915118,56.853118],[35.915335,56.853544],[35.915568,56.853508],[35.91535,56.853082],[35.915241,56.852867],[35.915008,56.852902]]]}},{"type":"Feature","properties":{"kind":"building","h":3.0},"geometry":{"type":"Polygon","coordinates":[[[35.913693,56.852859],[35.91353,56.852882],[35.913565,56.852956],[35.913728,56.852933],[35.913693,56.852859]]]}},{"type":"Feature","properties":{"kind":"building","h":6.0},"geometry":{"type":"Polygon","coordinates":[[[35.912485,56.853013],[35.912324,56.853036],[35.9124,56.853198],[35.912561,56.853176],[35.912485,56.853013]]]}},{"type":"Feature","properties":{"kind":"building","h":15.0},"geometry":{"type":"Polygon","coordinates":[[[35.913164,56.853046],[35.912931,56.853084],[35.91315,56.853481],[35.913382,56.853442],[35.913164,56.853046]]]}},{"type":"Feature","properties":{"kind":"building","h":6.0},"geometry":{"type":"Polygon","coordinates":[[[35.912784,56.852976],[35.912595,56.853003],[35.912635,56.853087],[35.912824,56.853061],[35.912784,56.852976]]]}},{"type":"Feature","properties":{"kind":"building","h":3.0},"geometry":{"type":"Polygon","coordinates":[[[35.913858,56.852836],[35.913714,56.852856],[35.913753,56.852939],[35.913897,56.852918],[35.913858,56.852836]]]}},{"type":"Feature","properties":{"kind":"building","h":6.0},"geometry":{"type":"Polygon","coordinates":[[[35.913308,56.85291],[35.913164,56.85293],[35.913187,56.85298],[35.913331,56.852959],[35.913308,56.85291]]]}},{"type":"Feature","properties":{"kind":"building","h":3.0},"geometry":{"type":"Polygon","coordinates":[[[35.920319,56.855607],[35.920495,56.855581],[35.920466,56.855522],[35.92029,56.855548],[35.920319,56.855607]]]}},{"type":"Feature","properties":{"kind":"building","h":3.0},"geometry":{"type":"Polygon","coordinates":[[[35.918006,56.855942],[35.917967,56.85586],[35.91783,56.85588],[35.91787,56.855962],[35.918006,56.855942]]]}},{"type":"Feature","properties":{"kind":"building","h":9.0},"geometry":{"type":"Polygon","coordinates":[[[35.919542,56.855717],[35.919498,56.85563],[35.91917,56.855678],[35.919118,56.855574],[35.918963,56.855597],[35.91906,56.855789],[35.919542,56.855717]]]}},{"type":"Feature","properties":{"kind":"building","h":3.0},"geometry":{"type":"Polygon","coordinates":[[[35.917245,56.856052],[35.917149,56.855847],[35.917051,56.855863],[35.917146,56.856066],[35.917245,56.856052]]]}},{"type":"Feature","properties":{"kind":"building","h":3.0},"geometry":{"type":"Polygon","coordinates":[[[35.918163,56.85592],[35.918317,56.855898],[35.918254,56.855769],[35.9181,56.855791],[35.918163,56.85592]]]}},{"type":"Feature","properties":{"kind":"building","h":6.0},"geometry":{"type":"Polygon","coordinates":[[[35.917697,56.855985],[35.917657,56.855903],[35.917472,56.855932],[35.917511,56.856013],[35.917697,56.855985]]]}},{"type":"Feature","properties":{"kind":"building","h":6.0},"geometry":{"type":"Polygon","coordinates":[[[35.920106,56.855637],[35.920068,56.855559],[35.919863,56.855589],[35.919901,56.855667],[35.920106,56.855637]]]}},{"type":"Feature","properties":{"kind":"building","h":3.0},"geometry":{"type":"Polygon","coordinates":[[[35.91986,56.855674],[35.919812,56.855576],[35.919631,56.855602],[35.919679,56.8557],[35.91986,56.855674]]]}},{"type":"Feature","properties":{"kind":"building","h":6.0},"geometry":{"type":"Polygon","coordinates":[[[35.916945,56.856104],[35.916887,56.855978],[35.917019,56.85596],[35.916978,56.855872],[35.916846,56.85589],[35.916599,56.855925],[35.916698,56.856139],[35.916945,56.856104]]]}},{"type":"Feature","properties":{"kind":"building","h":9.0},"geometry":{"type":"Polygon","coordinates":[[[35.918973,56.8558],[35.918906,56.855661],[35.918698,56.855691],[35.918765,56.85583],[35.918973,56.8558]]]}},{"type":"Feature","properties":{"kind":"building","h":3.0},"geometry":{"type":"Polygon","coordinates":[[[35.917439,56.856021],[35.917405,56.85595],[35.917251,56.855973],[35.917285,56.856043],[35.917439,56.856021]]]}},{"type":"Feature","properties":{"kind":"building","h":6.0},"geometry":{"type":"Polygon","coordinates":[[[35.918687,56.855841],[35.918616,56.855694],[35.918427,56.855722],[35.918498,56.855868],[35.918687,56.855841]]]}},{"type":"Feature","properties":{"kind":"building","h":9.0},"geometry":{"type":"Polygon","coordinates":[[[35.916254,56.855255],[35.916397,56.85555],[35.916992,56.855464],[35.916935,56.855347],[35.916534,56.855405],[35.916448,56.855227],[35.916254,56.855255]]]}},{"type":"Feature","properties":{"kind":"building","h":6.0},"geometry":{"type":"Polygon","coordinates":[[[35.915867,56.853802],[35.915601,56.853842],[35.915714,56.854065],[35.91598,56.854025],[35.915867,56.853802]]]}},{"type":"Feature","properties":{"kind":"building","h":12.0},"geometry":{"type":"Polygon","coordinates":[[[35.916047,56.854713],[35.916141,56.854906],[35.916516,56.854851],[35.916422,56.854659],[35.916047,56.854713]]]}},{"type":"Feature","properties":{"kind":"building","h":15.0},"geometry":{"type":"Polygon","coordinates":[[[35.916599,56.855925],[35.916846,56.85589],[35.91674,56.855671],[35.916493,56.855705],[35.916599,56.855925]]]}},{"type":"Feature","properties":{"kind":"building","h":6.0},"geometry":{"type":"Polygon","coordinates":[[[35.91617,56.855033],[35.916218,56.85513],[35.916395,56.855104],[35.916435,56.855186],[35.916576,56.855165],[35.916488,56.854987],[35.91617,56.855033]]]}},{"type":"Feature","properties":{"kind":"building","h":12.0},"geometry":{"type":"Polygon","coordinates":[[[35.916781,56.855663],[35.916859,56.855826],[35.917085,56.855794],[35.917007,56.855631],[35.916781,56.855663]]]}},{"type":"Feature","properties":{"kind":"building","h":6.0},"geometry":{"type":"Polygon","coordinates":[[[35.916361,56.854336],[35.916206,56.854358],[35.916265,56.854473],[35.91642,56.854451],[35.916361,56.854336]]]}},{"type":"Feature","properties":{"kind":"building","h":3.0},"geometry":{"type":"Polygon","coordinates":[[[35.917744,56.854138],[35.917579,56.854163],[35.91763,56.854266],[35.917795,56.854242],[35.917744,56.854138]]]}},{"type":"Feature","properties":{"kind":"building","h":6.0},"geometry":{"type":"Polygon","coordinates":[[[35.917145,56.854225],[35.916982,56.854249],[35.917046,56.854389],[35.917209,56.854366],[35.917145,56.854225]]]}},{"type":"Feature","properties":{"kind":"building","h":3.0},"geometry":{"type":"Polygon","coordinates":[[[35.917455,56.85418],[35.917324,56.854198],[35.917361,56.854279],[35.917492,56.854261],[35.917455,56.85418]]]}},{"type":"Feature","properties":{"kind":"building","h":6.0},"geometry":{"type":"Polygon","coordinates":[[[35.91617,56.854364],[35.915891,56.854405],[35.915939,56.854502],[35.916218,56.85446],[35.91617,56.854364]]]}},{"type":"Feature","properties":{"kind":"building","h":3.0},"geometry":{"type":"Polygon","coordinates":[[[35.917978,56.854105],[35.91785,56.854122],[35.9179,56.854233],[35.918028,56.854216],[35.917978,56.854105]]]}},{"type":"Feature","properties":{"kind":"building","h":6.0},"geometry":{"type":"Polygon","coordinates":[[[35.916606,56.854301],[35.916525,56.854313],[35.916482,56.854319],[35.91653,56.854416],[35.916653,56.854398],[35.916606,56.854301]]]}},{"type":"Feature","properties":{"kind":"building","h":6.0},"geometry":{"type":"Polygon","coordinates":[[[35.915724,56.8541],[35.915776,56.854205],[35.91624,56.854136],[35.91616,56.853975],[35.916003,56.853998],[35.916031,56.854054],[35.915724,56.8541]]]}},{"type":"Feature","properties":{"kind":"building","h":3.0},"geometry":{"type":"Polygon","coordinates":[[[35.917047,56.854155],[35.917217,56.854131],[35.917159,56.854008],[35.916989,56.854032],[35.917047,56.854155]]]}},{"type":"Feature","properties":{"kind":"building","h":6.0},"geometry":{"type":"Polygon","coordinates":[[[35.917806,56.854042],[35.917985,56.854016],[35.917941,56.853926],[35.917762,56.853953],[35.917806,56.854042]]]}},{"type":"Feature","properties":{"kind":"building","h":6.0},"geometry":{"type":"Polygon","coordinates":[[[35.917307,56.854117],[35.917533,56.854083],[35.917448,56.853915],[35.917223,56.85395],[35.917307,56.854117]]]}},{"type":"Feature","properties":{"kind":"building","h":6.0},"geometry":{"type":"Polygon","coordinates":[[[35.886668,56.855225],[35.886533,56.855323],[35.886504,56.855312],[35.886447,56.855354],[35.886556,56.855398],[35.88661,56.855359],[35.886973,56.855507],[35.886923,56.855544],[35.887042,56.855592],[35.887104,56.855547],[35.887071,56.855533],[35.887197,56.855441],[35.886668,56.855225]]]}},{"type":"Feature","properties":{"kind":"building","h":9.0},"geometry":{"type":"Polygon","coordinates":[[[35.893424,56.859052],[35.8933,56.859136],[35.893766,56.85934],[35.893889,56.859256],[35.893424,56.859052]]]}},{"type":"Feature","properties":{"kind":"building","h":3.0},"geometry":{"type":"Polygon","coordinates":[[[35.887496,56.855775],[35.887658,56.855844],[35.887718,56.855801],[35.887556,56.855733],[35.887496,56.855775]]]}},{"type":"Feature","properties":{"kind":"building","h":3.0},"geometry":{"type":"Polygon","coordinates":[[[35.887253,56.855674],[35.887375,56.855725],[35.887457,56.855668],[35.887335,56.855616],[35.887253,56.855674]]]}},{"type":"Feature","properties":{"kind":"building","h":6.0},"geometry":{"type":"Polygon","coordinates":[[[35.888112,56.855851],[35.887878,56.855752],[35.887718,56.855866],[35.887951,56.855964],[35.888112,56.855851]]]}},{"type":"Feature","properties":{"kind":"building","h":3.0},"geometry":{"type":"Polygon","coordinates":[[[35.888527,56.856891],[35.888466,56.856936],[35.888605,56.856992],[35.888666,56.856947],[35.888527,56.856891]]]}},{"type":"Feature","properties":{"kind":"building","h":3.0},"geometry":{"type":"Polygon","coordinates":[[[35.888379,56.85683],[35.888275,56.856907],[35.888394,56.856956],[35.888499,56.856878],[35.888379,56.85683]]]}},{"type":"Feature","properties":{"kind":"building","h":3.0},"geometry":{"type":"Polygon","coordinates":[[[35.889778,56.857393],[35.889699,56.857452],[35.889851,56.857513],[35.88993,56.857454],[35.889778,56.857393]]]}},{"type":"Feature","properties":{"kind":"building","h":6.0},"geometry":{"type":"Polygon","coordinates":[[[35.889851,56.857513],[35.890053,56.857594],[35.890131,56.857535],[35.88993,56.857454],[35.889851,56.857513]]]}},{"type":"Feature","properties":{"kind":"building","h":3.0},"geometry":{"type":"Polygon","coordinates":[[[35.888199,56.856757],[35.888103,56.856828],[35.888213,56.856872],[35.888308,56.856801],[35.888199,56.856757]]]}},{"type":"Feature","properties":{"kind":"building","h":3.0},"geometry":{"type":"Polygon","coordinates":[[[35.888795,56.857],[35.888723,56.857054],[35.888911,56.857129],[35.888983,56.857076],[35.888795,56.857]]]}},{"type":"Feature","properties":{"kind":"building","h":3.0},"geometry":{"type":"Polygon","coordinates":[[[35.888409,56.85599],[35.888299,56.856068],[35.888405,56.856112],[35.888515,56.856035],[35.888409,56.85599]]]}},{"type":"Feature","properties":{"kind":"building","h":3.0},"geometry":{"type":"Polygon","coordinates":[[[35.889394,56.857239],[35.889303,56.857307],[35.889468,56.857373],[35.889559,56.857306],[35.889394,56.857239]]]}},{"type":"Feature","properties":{"kind":"building","h":3.0},"geometry":{"type":"Polygon","coordinates":[[[35.887736,56.856818],[35.887662,56.85687],[35.887786,56.856923],[35.887861,56.85687],[35.887736,56.856818]]]}},{"type":"Feature","properties":{"kind":"building","h":6.0},"geometry":{"type":"Polygon","coordinates":[[[35.887962,56.856657],[35.887816,56.856761],[35.887924,56.856806],[35.888071,56.856702],[35.887962,56.856657]]]}},{"type":"Feature","properties":{"kind":"building","h":3.0},"geometry":{"type":"Polygon","coordinates":[[[35.889109,56.857123],[35.889024,56.857187],[35.889153,56.857239],[35.889238,56.857175],[35.889109,56.857123]]]}},{"type":"Feature","properties":{"kind":"building","h":6.0},"geometry":{"type":"Polygon","coordinates":[[[35.89032,56.857613],[35.8902,56.857703],[35.890397,56.857782],[35.890517,56.857693],[35.89032,56.857613]]]}},{"type":"Feature","properties":{"kind":"building","h":6.0},"geometry":{"type":"Polygon","coordinates":[[[35.887169,56.856865],[35.887273,56.856909],[35.887411,56.856813],[35.887307,56.856769],[35.887169,56.856865]]]}},{"type":"Feature","properties":{"kind":"building","h":9.0},"geometry":{"type":"Polygon","coordinates":[[[35.891882,56.858459],[35.891858,56.858477],[35.891936,56.85851],[35.892071,56.858415],[35.891993,56.858381],[35.891924,56.858429],[35.891882,56.858459]]]}},{"type":"Feature","properties":{"kind":"building","h":6.0},"geometry":{"type":"Polygon","coordinates":[[[35.892542,56.858604],[35.892403,56.858703],[35.892607,56.858789],[35.892746,56.858691],[35.892542,56.858604]]]}},{"type":"Feature","properties":{"kind":"building","h":3.0},"geometry":{"type":"Polygon","coordinates":[[[35.892977,56.858909],[35.893091,56.858958],[35.893183,56.858893],[35.893069,56.858844],[35.892977,56.858909]]]}},{"type":"Feature","properties":{"kind":"building","h":3.0},"geometry":{"type":"Polygon","coordinates":[[[35.89229,56.858504],[35.892163,56.858593],[35.892322,56.85866],[35.892449,56.858571],[35.89229,56.858504]]]}},{"type":"Feature","properties":{"kind":"building","h":6.0},"geometry":{"type":"Polygon","coordinates":[[[35.892943,56.858935],[35.892835,56.859011],[35.892939,56.859055],[35.893048,56.858979],[35.892943,56.858935]]]}},{"type":"Feature","properties":{"kind":"building","h":6.0},"geometry":{"type":"Polygon","coordinates":[[[35.890963,56.858012],[35.8909,56.858056],[35.891009,56.858102],[35.891134,56.858013],[35.890937,56.857929],[35.890874,56.857974],[35.890963,56.858012]]]}},{"type":"Feature","properties":{"kind":"building","h":6.0},"geometry":{"type":"Polygon","coordinates":[[[35.8907,56.857833],[35.890547,56.857937],[35.890673,56.857991],[35.890825,56.857888],[35.8907,56.857833]]]}},{"type":"Feature","properties":{"kind":"building","h":6.0},"geometry":{"type":"Polygon","coordinates":[[[35.891591,56.858208],[35.891457,56.858303],[35.891772,56.858437],[35.891794,56.858422],[35.891836,56.858392],[35.891907,56.858342],[35.891591,56.858208]]]}},{"type":"Feature","properties":{"kind":"building","h":9.0},"geometry":{"type":"Polygon","coordinates":[[[35.891794,56.858422],[35.891882,56.858459],[35.891924,56.858429],[35.891836,56.858392],[35.891794,56.858422]]]}},{"type":"Feature","properties":{"kind":"building","h":3.0},"geometry":{"type":"Polygon","coordinates":[[[35.891264,56.858071],[35.891123,56.858171],[35.891238,56.85822],[35.89138,56.85812],[35.891264,56.858071]]]}},{"type":"Feature","properties":{"kind":"building","h":3.0},"geometry":{"type":"Polygon","coordinates":[[[35.91822,56.860453],[35.918005,56.860485],[35.918079,56.860632],[35.918144,56.860623],[35.918293,56.860601],[35.91822,56.860453]]]}},{"type":"Feature","properties":{"kind":"building","h":12.0},"geometry":{"type":"Polygon","coordinates":[[[35.917685,56.859272],[35.917617,56.859282],[35.917531,56.859286],[35.917421,56.859285],[35.917314,56.859279],[35.917109,56.859254],[35.916904,56.859314],[35.916987,56.859406],[35.917147,56.859357],[35.917281,56.859383],[35.917733,56.85937],[35.917685,56.859272]]]}},{"type":"Feature","properties":{"kind":"building","h":3.0},"geometry":{"type":"Polygon","coordinates":[[[35.918144,56.860623],[35.918193,56.860721],[35.918342,56.860699],[35.918293,56.860601],[35.918144,56.860623]]]}},{"type":"Feature","properties":{"kind":"building","h":6.0},"geometry":{"type":"Polygon","coordinates":[[[35.91687,56.861123],[35.917036,56.861096],[35.917249,56.861059],[35.917189,56.860951],[35.917115,56.860806],[35.917009,56.86082],[35.917078,56.860973],[35.916982,56.860988],[35.916884,56.861003],[35.916842,56.860921],[35.916764,56.860932],[35.916782,56.860966],[35.91687,56.861123]]]}},{"type":"Feature","properties":{"kind":"building","h":6.0},"geometry":{"type":"Polygon","coordinates":[[[35.91757,56.860887],[35.917631,56.860995],[35.917422,56.86103],[35.917249,56.861059],[35.917189,56.860951],[35.917365,56.860921],[35.917481,56.860902],[35.917409,56.860764],[35.917502,56.86075],[35.91757,56.860887]]]}},{"type":"Feature","properties":{"kind":"building","h":15.0},"geometry":{"type":"Polygon","coordinates":[[[35.915953,56.860988],[35.916153,56.860959],[35.915968,56.860574],[35.915768,56.860603],[35.915953,56.860988]]]}},{"type":"Feature","properties":{"kind":"building","h":6.0},"geometry":{"type":"Polygon","coordinates":[[[35.917949,56.860821],[35.91801,56.860929],[35.917795,56.860966],[35.917631,56.860995],[35.91757,56.860887],[35.917502,56.86075],[35.917611,56.860733],[35.917683,56.860867],[35.917738,56.860857],[35.917949,56.860821]]]}},{"type":"Feature","properties":{"kind":"building","h":6.0},"geometry":{"type":"Polygon","coordinates":[[[35.91801,56.860929],[35.918399,56.860862],[35.918337,56.860754],[35.917949,56.860821],[35.91801,56.860929]]]}},{"type":"Feature","properties":{"kind":"building","h":6.0},"geometry":{"type":"Polygon","coordinates":[[[35.916782,56.860966],[35.91687,56.861123],[35.916681,56.861153],[35.916484,56.861188],[35.916372,56.860974],[35.916473,56.860957],[35.916529,56.861062],[35.916629,56.861044],[35.91673,56.861029],[35.916702,56.86098],[35.916782,56.860966]]]}},{"type":"Feature","properties":{"kind":"building","h":6.0},"geometry":{"type":"Polygon","coordinates":[[[35.916372,56.860974],[35.916261,56.860992],[35.916319,56.861099],[35.916247,56.86111],[35.916209,56.861116],[35.916173,56.861046],[35.916015,56.86107],[35.916103,56.861252],[35.916299,56.86122],[35.916484,56.861188],[35.916372,56.860974]]]}},{"type":"Feature","properties":{"kind":"building","h":6.0},"geometry":{"type":"Polygon","coordinates":[[[35.914501,56.859285],[35.914573,56.859434],[35.914895,56.859387],[35.914823,56.859238],[35.914501,56.859285]]]}},{"type":"Feature","properties":{"kind":"building","h":6.0},"geometry":{"type":"Polygon","coordinates":[[[35.916194,56.859037],[35.915747,56.85911],[35.915807,56.859214],[35.916253,56.859139],[35.916194,56.859037]]]}},{"type":"Feature","properties":{"kind":"building","h":12.0},"geometry":{"type":"Polygon","coordinates":[[[35.913419,56.860381],[35.913557,56.860515],[35.913717,56.860466],[35.913676,56.860425],[35.914141,56.860282],[35.914472,56.860604],[35.914626,56.860557],[35.914198,56.860141],[35.913419,56.860381]]]}},{"type":"Feature","properties":{"kind":"building","h":9.0},"geometry":{"type":"Polygon","coordinates":[[[35.914923,56.85944],[35.914745,56.859467],[35.914797,56.85957],[35.914401,56.859679],[35.914458,56.859794],[35.915035,56.859634],[35.914923,56.85944]]]}},{"type":"Feature","properties":{"kind":"building","h":6.0},"geometry":{"type":"Polygon","coordinates":[[[35.915392,56.85953],[35.915348,56.859448],[35.915267,56.859301],[35.915686,56.859233],[35.915736,56.85931],[35.915856,56.859287],[35.915807,56.859214],[35.915747,56.85911],[35.91505,56.859223],[35.915243,56.859573],[35.915392,56.85953]]]}},{"type":"Feature","properties":{"kind":"building","h":9.0},"geometry":{"type":"Polygon","coordinates":[[[35.916253,56.859139],[35.916272,56.859173],[35.916304,56.859229],[35.916629,56.859148],[35.916449,56.858995],[35.916194,56.859037],[35.916253,56.859139]]]}},{"type":"Feature","properties":{"kind":"building","h":3.0},"geometry":{"type":"Polygon","coordinates":[[[35.915348,56.859448],[35.915392,56.85953],[35.915771,56.859411],[35.915702,56.859342],[35.915348,56.859448]]]}},{"type":"Feature","properties":{"kind":"building","h":6.0},"geometry":{"type":"Polygon","coordinates":[[[35.916165,56.859271],[35.916304,56.859229],[35.916272,56.859173],[35.916116,56.85922],[35.916165,56.859271]]]}},{"type":"Feature","properties":{"kind":"building","h":3.0},"geometry":{"type":"Polygon","coordinates":[[[35.916165,56.859271],[35.916116,56.85922],[35.91598,56.859261],[35.916031,56.859311],[35.916165,56.859271]]]}},{"type":"Feature","properties":{"kind":"building","h":9.0},"geometry":{"type":"Polygon","coordinates":[[[35.913021,56.860508],[35.913134,56.860603],[35.913381,56.860515],[35.913267,56.86042],[35.913021,56.860508]]]}},{"type":"Feature","properties":{"kind":"building","h":6.0},"geometry":{"type":"Polygon","coordinates":[[[35.911372,56.861028],[35.911511,56.861279],[35.911794,56.861232],[35.911703,56.861096],[35.911857,56.861061],[35.911729,56.860919],[35.911372,56.861028]]]}},{"type":"Feature","properties":{"kind":"building","h":12.0},"geometry":{"type":"Polygon","coordinates":[[[35.915269,56.860411],[35.91497,56.860456],[35.915013,56.860541],[35.9151,56.860528],[35.91515,56.860627],[35.915075,56.860638],[35.915126,56.860738],[35.915214,56.860725],[35.915269,56.860834],[35.915197,56.860845],[35.915237,56.860922],[35.915508,56.860881],[35.915376,56.860622],[35.915269,56.860411]]]}},{"type":"Feature","properties":{"kind":"building","h":6.0},"geometry":{"type":"Polygon","coordinates":[[[35.885945,56.855875],[35.885807,56.855982],[35.885941,56.856033],[35.885859,56.856096],[35.886023,56.856161],[35.886159,56.856057],[35.886019,56.856003],[35.886104,56.855937],[35.885945,56.855875]]]}},{"type":"Feature","properties":{"kind":"building","h":6.0},"geometry":{"type":"Polygon","coordinates":[[[35.886271,56.855997],[35.886128,56.856106],[35.886276,56.856164],[35.886335,56.856119],[35.88642,56.856055],[35.886271,56.855997]]]}},{"type":"Feature","properties":{"kind":"building","h":3.0},"geometry":{"type":"Polygon","coordinates":[[[35.885514,56.855709],[35.885365,56.855815],[35.885512,56.855875],[35.885659,56.855768],[35.885514,56.855709]]]}},{"type":"Feature","properties":{"kind":"building","h":6.0},"geometry":{"type":"Polygon","coordinates":[[[35.88642,56.856055],[35.886335,56.856119],[35.8865,56.856184],[35.886584,56.856119],[35.88642,56.856055]]]}},{"type":"Feature","properties":{"kind":"building","h":3.0},"geometry":{"type":"Polygon","coordinates":[[[35.886952,56.856731],[35.887043,56.856661],[35.886875,56.856596],[35.886785,56.856665],[35.886952,56.856731]]]}},{"type":"Feature","properties":{"kind":"building","h":3.0},"geometry":{"type":"Polygon","coordinates":[[[35.886647,56.856948],[35.886742,56.856875],[35.886578,56.856811],[35.886482,56.856884],[35.886647,56.856948]]]}},{"type":"Feature","properties":{"kind":"building","h":3.0},"geometry":{"type":"Polygon","coordinates":[[[35.886647,56.856948],[35.886482,56.856884],[35.886398,56.856949],[35.886563,56.857013],[35.886647,56.856948]]]}},{"type":"Feature","properties":{"kind":"building","h":3.0},"geometry":{"type":"Polygon","coordinates":[[[35.88522,56.855973],[35.885106,56.856056],[35.885393,56.856174],[35.885507,56.856091],[35.88522,56.855973]]]}},{"type":"Feature","properties":{"kind":"building","h":3.0},"geometry":{"type":"Polygon","coordinates":[[[35.886399,56.857132],[35.886454,56.857092],[35.88638,56.857062],[35.886325,56.857103],[35.886399,56.857132]]]}},{"type":"Feature","properties":{"kind":"building","h":3.0},"geometry":{"type":"Polygon","coordinates":[[[35.885659,56.857504],[35.885782,56.857554],[35.885932,56.857445],[35.885809,56.857394],[35.885659,56.857504]]]}},{"type":"Feature","properties":{"kind":"building","h":9.0},"geometry":{"type":"Polygon","coordinates":[[[35.914786,56.860053],[35.915193,56.85994],[35.915102,56.859842],[35.914695,56.859955],[35.914786,56.860053]]]}},{"type":"Feature","properties":{"kind":"building","h":9.0},"geometry":{"type":"Polygon","coordinates":[[[35.914786,56.860053],[35.914695,56.859955],[35.914313,56.860062],[35.914404,56.860159],[35.914786,56.860053]]]}},{"type":"Feature","properties":{"kind":"building","h":6.0},"geometry":{"type":"Polygon","coordinates":[[[35.91402,56.861534],[35.913973,56.861428],[35.913734,56.86146],[35.913523,56.861488],[35.91357,56.861593],[35.913781,56.861565],[35.91402,56.861534]]]}},{"type":"Feature","properties":{"kind":"building","h":9.0},"geometry":{"type":"Polygon","coordinates":[[[35.914925,56.860153],[35.914983,56.86027],[35.915285,56.860228],[35.915229,56.860111],[35.914925,56.860153]]]}},{"type":"Feature","properties":{"kind":"building","h":6.0},"geometry":{"type":"Polygon","coordinates":[[[35.915438,56.861347],[35.915392,56.861243],[35.915295,56.861024],[35.9155,56.860996],[35.915541,56.861089],[35.915484,56.861096],[35.91554,56.861225],[35.915613,56.861215],[35.91581,56.861189],[35.915855,56.861291],[35.915744,56.861306],[35.915659,56.861317],[35.915438,56.861347]]]}},{"type":"Feature","properties":{"kind":"building","h":15.0},"geometry":{"type":"Polygon","coordinates":[[[35.915987,56.859588],[35.91535,56.85979],[35.915453,56.859995],[35.915694,56.859958],[35.91564,56.859854],[35.91612,56.859708],[35.915987,56.859588]]]}},{"type":"Feature","properties":{"kind":"building","h":6.0},"geometry":{"type":"Polygon","coordinates":[[[35.9149,56.861418],[35.914853,56.861312],[35.914806,56.861206],[35.914963,56.861186],[35.91501,56.861294],[35.915118,56.861279],[35.915392,56.861243],[35.915438,56.861347],[35.915164,56.861383],[35.9149,56.861418]]]}},{"type":"Feature","properties":{"kind":"building","h":6.0},"geometry":{"type":"Polygon","coordinates":[[[35.91402,56.861534],[35.914247,56.861504],[35.914465,56.861475],[35.914419,56.86137],[35.914201,56.861398],[35.913973,56.861428],[35.91402,56.861534]]]}},{"type":"Feature","properties":{"kind":"building","h":6.0},"geometry":{"type":"Polygon","coordinates":[[[35.914465,56.861475],[35.914419,56.86137],[35.914639,56.86134],[35.914853,56.861312],[35.9149,56.861418],[35.914686,56.861446],[35.914465,56.861475]]]}},{"type":"Feature","properties":{"kind":"building","h":3.0},"geometry":{"type":"Polygon","coordinates":[[[35.912761,56.86103],[35.912878,56.861012],[35.912861,56.86097],[35.912981,56.860952],[35.91304,56.861086],[35.912932,56.861103],[35.912904,56.861067],[35.912783,56.861089],[35.912824,56.861166],[35.913258,56.861074],[35.913015,56.860615],[35.912831,56.860641],[35.912931,56.860837],[35.912685,56.86087],[35.912761,56.86103]]]}},{"type":"Feature","properties":{"kind":"building","h":9.0},"geometry":{"type":"Polygon","coordinates":[[[35.912952,56.861443],[35.913156,56.861413],[35.913186,56.861407],[35.913065,56.861156],[35.912839,56.861193],[35.912952,56.861443]]]}},{"type":"Feature","properties":{"kind":"building","h":12.0},"geometry":{"type":"Polygon","coordinates":[[[35.912952,56.861443],[35.913156,56.861413],[35.913213,56.861525],[35.913009,56.861556],[35.912952,56.861443]]]}},{"type":"Feature","properties":{"kind":"building","h":15.0},"geometry":{"type":"Polygon","coordinates":[[[35.890811,56.860387],[35.890687,56.860474],[35.891378,56.860769],[35.891502,56.860683],[35.890811,56.860387]]]}},{"type":"Feature","properties":{"kind":"building","h":6.0},"geometry":{"type":"Polygon","coordinates":[[[35.887118,56.859098],[35.887257,56.859158],[35.887511,56.858983],[35.887373,56.858923],[35.887118,56.859098]]]}},{"type":"Feature","properties":{"kind":"building","h":6.0},"geometry":{"type":"Polygon","coordinates":[[[35.886413,56.858799],[35.886539,56.858852],[35.886674,56.858758],[35.886548,56.858704],[35.886413,56.858799]]]}},{"type":"Feature","properties":{"kind":"building","h":3.0},"geometry":{"type":"Polygon","coordinates":[[[35.885309,56.858341],[35.885421,56.858388],[35.885497,56.858336],[35.885384,56.858289],[35.885309,56.858341]]]}},{"type":"Feature","properties":{"kind":"building","h":3.0},"geometry":{"type":"Polygon","coordinates":[[[35.886079,56.85866],[35.886213,56.858717],[35.886345,56.858625],[35.88621,56.858567],[35.886079,56.85866]]]}},{"type":"Feature","properties":{"kind":"building","h":3.0},"geometry":{"type":"Polygon","coordinates":[[[35.886044,56.858468],[35.886145,56.858511],[35.886235,56.858448],[35.886133,56.858404],[35.886044,56.858468]]]}},{"type":"Feature","properties":{"kind":"building","h":3.0},"geometry":{"type":"Polygon","coordinates":[[[35.885549,56.858444],[35.885646,56.858486],[35.885746,56.858415],[35.885649,56.858374],[35.885549,56.858444]]]}},{"type":"Feature","properties":{"kind":"building","h":6.0},"geometry":{"type":"Polygon","coordinates":[[[35.88516,56.858278],[35.885309,56.858341],[35.885384,56.858289],[35.885442,56.858248],[35.885292,56.858185],[35.88516,56.858278]]]}},{"type":"Feature","properties":{"kind":"building","h":3.0},"geometry":{"type":"Polygon","coordinates":[[[35.886911,56.85901],[35.887051,56.859069],[35.887258,56.858924],[35.887118,56.858864],[35.886911,56.85901]]]}},{"type":"Feature","properties":{"kind":"building","h":3.0},"geometry":{"type":"Polygon","coordinates":[[[35.885427,56.858391],[35.885504,56.858425],[35.88563,56.858339],[35.885553,56.858305],[35.885503,56.858339],[35.885427,56.858391]]]}},{"type":"Feature","properties":{"kind":"building","h":3.0},"geometry":{"type":"Polygon","coordinates":[[[35.886585,56.85887],[35.886798,56.858961],[35.88689,56.858897],[35.886676,56.858806],[35.886585,56.85887]]]}},{"type":"Feature","properties":{"kind":"building","h":6.0},"geometry":{"type":"Polygon","coordinates":[[[35.89212,56.860815],[35.892269,56.860878],[35.892558,56.860661],[35.892409,56.860598],[35.89212,56.860815]]]}},{"type":"Feature","properties":{"kind":"building","h":3.0},"geometry":{"type":"Polygon","coordinates":[[[35.891998,56.860902],[35.892148,56.860963],[35.892253,56.86089],[35.892104,56.860828],[35.892001,56.860809],[35.891614,56.860766],[35.891498,56.860845],[35.891998,56.860902]]]}},{"type":"Feature","properties":{"kind":"building","h":3.0},"geometry":{"type":"Polygon","coordinates":[[[35.887423,56.859229],[35.887599,56.859305],[35.887999,56.859029],[35.887824,56.858953],[35.887423,56.859229]]]}},{"type":"Feature","properties":{"kind":"building","h":9.0},"geometry":{"type":"Polygon","coordinates":[[[35.887662,56.859319],[35.887758,56.85936],[35.887913,56.859253],[35.887817,56.859212],[35.887662,56.859319]]]}},{"type":"Feature","properties":{"kind":"building","h":3.0},"geometry":{"type":"Polygon","coordinates":[[[35.887782,56.85938],[35.887981,56.859466],[35.888246,56.859283],[35.888047,56.859197],[35.887782,56.85938]]]}},{"type":"Feature","properties":{"kind":"building","h":6.0},"geometry":{"type":"Polygon","coordinates":[[[35.889114,56.859235],[35.888987,56.859321],[35.889141,56.859389],[35.889045,56.859453],[35.889195,56.859519],[35.889277,56.859463],[35.88946,56.859543],[35.889579,56.859596],[35.889492,56.859655],[35.889646,56.859723],[35.889732,56.859665],[35.889852,56.859718],[35.889993,56.859622],[35.889114,56.859235]]]}},{"type":"Feature","properties":{"kind":"building","h":15.0},"geometry":{"type":"Polygon","coordinates":[[[35.893939,56.857116],[35.893774,56.857047],[35.894136,56.856787],[35.894302,56.856856],[35.894171,56.85695],[35.893939,56.857116]]]}},{"type":"Feature","properties":{"kind":"building","h":3.0},"geometry":{"type":"Polygon","coordinates":[[[35.892589,56.856437],[35.892782,56.856521],[35.892988,56.856379],[35.892795,56.856295],[35.892589,56.856437]]]}},{"type":"Feature","properties":{"kind":"building","h":6.0},"geometry":{"type":"Polygon","coordinates":[[[35.893292,56.857134],[35.893441,56.857197],[35.893624,56.857067],[35.893475,56.857004],[35.893292,56.857134]]]}},{"type":"Feature","properties":{"kind":"building","h":6.0},"geometry":{"type":"Polygon","coordinates":[[[35.892859,56.856981],[35.893056,56.857067],[35.893212,56.85696],[35.893015,56.856874],[35.892859,56.856981]]]}},{"type":"Feature","properties":{"kind":"building","h":15.0},"geometry":{"type":"Polygon","coordinates":[[[35.893284,56.856836],[35.893434,56.856901],[35.893797,56.856648],[35.893478,56.856511],[35.893366,56.856589],[35.893535,56.856662],[35.893284,56.856836]]]}},{"type":"Feature","properties":{"kind":"building","h":9.0},"geometry":{"type":"Polygon","coordinates":[[[35.894237,56.857576],[35.894511,56.857373],[35.894644,56.857431],[35.894367,56.85763],[35.894237,56.857576]]]}},{"type":"Feature","properties":{"kind":"building","h":3.0},"geometry":{"type":"Polygon","coordinates":[[[35.892868,56.85624],[35.893028,56.856307],[35.893131,56.856232],[35.892971,56.856166],[35.892868,56.85624]]]}},{"type":"Feature","properties":{"kind":"building","h":3.0},"geometry":{"type":"Polygon","coordinates":[[[35.894105,56.857499],[35.894243,56.857558],[35.894343,56.857489],[35.894205,56.85743],[35.894105,56.857499]]]}},{"type":"Feature","properties":{"kind":"building","h":9.0},"geometry":{"type":"Polygon","coordinates":[[[35.892608,56.856806],[35.892741,56.85671],[35.892548,56.85663],[35.892664,56.856546],[35.892519,56.856487],[35.892271,56.856667],[35.892608,56.856806]]]}},{"type":"Feature","properties":{"kind":"building","h":6.0},"geometry":{"type":"Polygon","coordinates":[[[35.894753,56.857007],[35.894877,56.85706],[35.895061,56.856931],[35.89522,56.857],[35.895346,56.856912],[35.895064,56.856791],[35.894753,56.857007]]]}},{"type":"Feature","properties":{"kind":"building","h":3.0},"geometry":{"type":"Polygon","coordinates":[[[35.893072,56.856092],[35.893214,56.856154],[35.893288,56.856101],[35.893143,56.856043],[35.893072,56.856092]]]}},{"type":"Feature","properties":{"kind":"building","h":6.0},"geometry":{"type":"Polygon","coordinates":[[[35.894664,56.857399],[35.894962,56.857192],[35.894823,56.857132],[35.894525,56.857339],[35.894664,56.857399]]]}},{"type":"Feature","properties":{"kind":"building","h":3.0},"geometry":{"type":"Polygon","coordinates":[[[35.88686,56.853633],[35.886519,56.853483],[35.886247,56.853668],[35.886587,56.853818],[35.88686,56.853633]]]}},{"type":"Feature","properties":{"kind":"building","h":6.0},"geometry":{"type":"Polygon","coordinates":[[[35.887009,56.854249],[35.887195,56.854328],[35.887082,56.854408],[35.886896,56.854329],[35.887009,56.854249]]]}},{"type":"Feature","properties":{"kind":"building","h":3.0},"geometry":{"type":"Polygon","coordinates":[[[35.88839,56.85548],[35.888222,56.855604],[35.888361,56.85566],[35.888528,56.855537],[35.88839,56.85548]]]}},{"type":"Feature","properties":{"kind":"building","h":3.0},"geometry":{"type":"Polygon","coordinates":[[[35.88644,56.853926],[35.886088,56.853775],[35.885959,56.853864],[35.886063,56.853909],[35.886043,56.853925],[35.886017,56.853944],[35.885885,56.853887],[35.885774,56.853963],[35.886161,56.85413],[35.88644,56.853926]]]}},{"type":"Feature","properties":{"kind":"building","h":9.0},"geometry":{"type":"Polygon","coordinates":[[[35.896342,56.8581],[35.896746,56.857808],[35.89662,56.857756],[35.896506,56.857839],[35.896354,56.857776],[35.896514,56.85766],[35.8964,56.857613],[35.895944,56.857942],[35.896063,56.857991],[35.896279,56.857835],[35.896388,56.857881],[35.896178,56.858032],[35.896342,56.8581]]]}},{"type":"Feature","properties":{"kind":"building","h":3.0},"geometry":{"type":"Polygon","coordinates":[[[35.896292,56.858136],[35.896016,56.85802],[35.895929,56.858082],[35.896059,56.858137],[35.895877,56.858266],[35.896024,56.858327],[35.896292,56.858136]]]}},{"type":"Feature","properties":{"kind":"building","h":9.0},"geometry":{"type":"Polygon","coordinates":[[[35.897049,56.857359],[35.896947,56.857439],[35.896911,56.857427],[35.896849,56.857477],[35.89708,56.857573],[35.897275,56.857428],[35.897275,56.85742],[35.897271,56.857415],[35.897265,56.85741],[35.897256,56.857405],[35.897245,56.857402],[35.897233,56.8574],[35.897219,56.857399],[35.897205,56.8574],[35.897166,56.857404],[35.897049,56.857359]]]}},{"type":"Feature","properties":{"kind":"building","h":9.0},"geometry":{"type":"Polygon","coordinates":[[[35.895426,56.858013],[35.895484,56.858038],[35.895528,56.858008],[35.895544,56.857997],[35.895486,56.857972],[35.895426,56.858013]]]}},{"type":"Feature","properties":{"kind":"building","h":9.0},"geometry":{"type":"Polygon","coordinates":[[[35.884696,56.857162],[35.884807,56.857209],[35.884916,56.85713],[35.884806,56.857084],[35.884696,56.857162]]]}},{"type":"Feature","properties":{"kind":"building","h":3.0},"geometry":{"type":"Polygon","coordinates":[[[35.894267,56.8553],[35.894391,56.855352],[35.894536,56.855249],[35.894412,56.855197],[35.894267,56.8553]]]}},{"type":"Feature","properties":{"kind":"building","h":3.0},"geometry":{"type":"Polygon","coordinates":[[[35.892036,56.855376],[35.892137,56.855418],[35.892032,56.855493],[35.891932,56.855451],[35.892036,56.855376]]]}},{"type":"Feature","properties":{"kind":"building","h":3.0},"geometry":{"type":"Polygon","coordinates":[[[35.886849,56.857251],[35.886998,56.857315],[35.88713,56.857221],[35.886981,56.857158],[35.886849,56.857251]]]}},{"type":"Feature","properties":{"kind":"building","h":3.0},"geometry":{"type":"Polygon","coordinates":[[[35.886801,56.857121],[35.886886,56.857157],[35.886943,56.857117],[35.886859,56.857081],[35.886801,56.857121]]]}},{"type":"Feature","properties":{"kind":"building","h":6.0},"geometry":{"type":"Polygon","coordinates":[[[35.896453,56.854849],[35.89678,56.854818],[35.896656,56.85442],[35.897375,56.854353],[35.897322,56.854183],[35.896606,56.854249],[35.896488,56.85387],[35.896158,56.8539],[35.896453,56.854849]]]}},{"type":"Feature","properties":{"kind":"building","h":3.0},"geometry":{"type":"Polygon","coordinates":[[[35.89565,56.854073],[35.895465,56.853993],[35.895125,56.854229],[35.89531,56.854309],[35.89565,56.854073]]]}},{"type":"Feature","properties":{"kind":"building","h":3.0},"geometry":{"type":"Polygon","coordinates":[[[35.885887,56.857761],[35.885731,56.857875],[35.88586,56.857928],[35.886016,56.857814],[35.885887,56.857761]]]}},{"type":"Feature","properties":{"kind":"building","h":3.0},"geometry":{"type":"Polygon","coordinates":[[[35.887587,56.857834],[35.887728,56.857732],[35.887618,56.857686],[35.887477,56.857788],[35.887587,56.857834]]]}},{"type":"Feature","properties":{"kind":"building","h":6.0},"geometry":{"type":"Polygon","coordinates":[[[35.889896,56.858138],[35.890028,56.858043],[35.889893,56.857987],[35.889762,56.858082],[35.889896,56.858138]]]}},{"type":"Feature","properties":{"kind":"building","h":3.0},"geometry":{"type":"Polygon","coordinates":[[[35.889719,56.858265],[35.889806,56.858202],[35.889673,56.858147],[35.889586,56.85821],[35.889719,56.858265]]]}},{"type":"Feature","properties":{"kind":"building","h":9.0},"geometry":{"type":"Polygon","coordinates":[[[35.889525,56.858346],[35.889588,56.8583],[35.889466,56.85825],[35.889403,56.858295],[35.889525,56.858346]]]}},{"type":"Feature","properties":{"kind":"building","h":9.0},"geometry":{"type":"Polygon","coordinates":[[[35.88559,56.85797],[35.885434,56.858084],[35.885538,56.858127],[35.885694,56.858013],[35.88559,56.85797]]]}},{"type":"Feature","properties":{"kind":"building","h":3.0},"geometry":{"type":"Polygon","coordinates":[[[35.900744,56.860734],[35.900683,56.860596],[35.900557,56.860613],[35.900586,56.860677],[35.900427,56.860698],[35.900459,56.860772],[35.900744,56.860734]]]}},{"type":"Feature","properties":{"kind":"building","h":9.0},"geometry":{"type":"Polygon","coordinates":[[[35.898567,56.860264],[35.898666,56.86025],[35.898706,56.86034],[35.898998,56.860302],[35.898917,56.860121],[35.89903,56.860106],[35.899067,56.860189],[35.899359,56.86015],[35.899268,56.859947],[35.899461,56.859921],[35.899417,56.859822],[35.899394,56.859825],[35.899374,56.85978],[35.899326,56.859786],[35.899363,56.85987],[35.898949,56.859924],[35.898998,56.860035],[35.898886,56.86005],[35.89888,56.860037],[35.898588,56.860076],[35.898637,56.860187],[35.898538,56.8602],[35.898533,56.860187],[35.898255,56.860224],[35.898416,56.860588],[35.898694,56.860551],[35.898567,56.860264]]]}},{"type":"Feature","properties":{"kind":"building","h":9.0},"geometry":{"type":"Polygon","coordinates":[[[35.900483,56.86098],[35.900831,56.860934],[35.900756,56.860765],[35.900408,56.860811],[35.900483,56.86098]]]}},{"type":"Feature","properties":{"kind":"building","h":18.0},"geometry":{"type":"Polygon","coordinates":[[[35.900267,56.860398],[35.900284,56.860438],[35.900591,56.860397],[35.900449,56.860078],[35.900407,56.860084],[35.900167,56.859544],[35.89932,56.859657],[35.899374,56.85978],[35.899394,56.859825],[35.899417,56.859822],[35.899984,56.859746],[35.900257,56.860361],[35.90016,56.860374],[35.900176,56.86041],[35.900267,56.860398]]]}},{"type":"Feature","properties":{"kind":"building","h":9.0},"geometry":{"type":"Polygon","coordinates":[[[35.888212,56.859548],[35.888616,56.859725],[35.888751,56.859633],[35.888511,56.859527],[35.888746,56.859368],[35.888582,56.859296],[35.888212,56.859548]]]}},{"type":"Feature","properties":{"kind":"building","h":12.0},"geometry":{"type":"Polygon","coordinates":[[[35.89109,56.860243],[35.891226,56.860301],[35.891663,56.859994],[35.892004,56.860139],[35.892094,56.860076],[35.891617,56.859873],[35.89109,56.860243]]]}},{"type":"Feature","properties":{"kind":"building","h":12.0},"geometry":{"type":"Polygon","coordinates":[[[35.891075,56.859617],[35.890958,56.859696],[35.89057,56.859538],[35.89036,56.859452],[35.89047,56.859371],[35.890689,56.859461],[35.891075,56.859617]]]}},{"type":"Feature","properties":{"kind":"building","h":12.0},"geometry":{"type":"Polygon","coordinates":[[[35.892298,56.860111],[35.891777,56.860477],[35.891976,56.860562],[35.892497,56.860196],[35.892298,56.860111]]]}},{"type":"Feature","properties":{"kind":"building","h":9.0},"geometry":{"type":"Polygon","coordinates":[[[35.907693,56.869838],[35.907768,56.87002],[35.90791,56.870002],[35.907887,56.869946],[35.908245,56.869902],[35.908268,56.869958],[35.908394,56.869943],[35.908318,56.869761],[35.907693,56.869838]]]}},{"type":"Feature","properties":{"kind":"building","h":6.0},"geometry":{"type":"Polygon","coordinates":[[[35.88858,56.859038],[35.888451,56.858985],[35.888281,56.859108],[35.888409,56.859161],[35.88858,56.859038]]]}},{"type":"Feature","properties":{"kind":"building","h":9.0},"geometry":{"type":"Polygon","coordinates":[[[35.887148,56.85794],[35.887048,56.858013],[35.887141,56.858053],[35.887243,56.857981],[35.887148,56.85794]]]}},{"type":"Feature","properties":{"kind":"building","h":9.0},"geometry":{"type":"Polygon","coordinates":[[[35.888003,56.858297],[35.887901,56.858253],[35.887802,56.858322],[35.887905,56.858366],[35.888003,56.858297]]]}},{"type":"Feature","properties":{"kind":"building","h":9.0},"geometry":{"type":"Polygon","coordinates":[[[35.886598,56.856484],[35.886467,56.856432],[35.886338,56.856532],[35.886469,56.856583],[35.886598,56.856484]]]}},{"type":"Feature","properties":{"kind":"building","h":3.0},"geometry":{"type":"Polygon","coordinates":[[[35.886802,56.856564],[35.886681,56.856517],[35.886556,56.856613],[35.886677,56.85666],[35.886802,56.856564]]]}},{"type":"Feature","properties":{"kind":"building","h":3.0},"geometry":{"type":"Polygon","coordinates":[[[35.886293,56.856358],[35.886172,56.85631],[35.886046,56.856406],[35.886168,56.856454],[35.886293,56.856358]]]}},{"type":"Feature","properties":{"kind":"building","h":9.0},"geometry":{"type":"Polygon","coordinates":[[[35.89123,56.857154],[35.891333,56.857081],[35.891234,56.857039],[35.89113,56.857112],[35.89123,56.857154]]]}},{"type":"Feature","properties":{"kind":"building","h":3.0},"geometry":{"type":"Polygon","coordinates":[[[35.890782,56.857471],[35.890831,56.857436],[35.890741,56.857398],[35.890692,56.857433],[35.890782,56.857471]]]}},{"type":"Feature","properties":{"kind":"building","h":3.0},"geometry":{"type":"Polygon","coordinates":[[[35.891007,56.85731],[35.891133,56.857221],[35.891055,56.857189],[35.890929,56.857278],[35.891007,56.85731]]]}},{"type":"Feature","properties":{"kind":"building","h":6.0},"geometry":{"type":"Polygon","coordinates":[[[35.891408,56.857025],[35.891534,56.856936],[35.891424,56.85689],[35.891299,56.856979],[35.891408,56.857025]]]}},{"type":"Feature","properties":{"kind":"building","h":9.0},"geometry":{"type":"Polygon","coordinates":[[[35.890856,56.857419],[35.890981,56.85733],[35.890933,56.85731],[35.890808,56.857399],[35.890856,56.857419]]]}},{"type":"Feature","properties":{"kind":"building","h":3.0},"geometry":{"type":"Polygon","coordinates":[[[35.891446,56.857281],[35.891322,56.857366],[35.891409,56.857403],[35.891532,56.857318],[35.891446,56.857281]]]}},{"type":"Feature","properties":{"kind":"building","h":6.0},"geometry":{"type":"Polygon","coordinates":[[[35.891641,56.85714],[35.891572,56.857188],[35.891646,56.85722],[35.891715,56.857173],[35.891641,56.85714]]]}},{"type":"Feature","properties":{"kind":"building","h":6.0},"geometry":{"type":"Polygon","coordinates":[[[35.891816,56.857012],[35.891727,56.857073],[35.891829,56.857118],[35.891919,56.857056],[35.891816,56.857012]]]}},{"type":"Feature","properties":{"kind":"building","h":3.0},"geometry":{"type":"Polygon","coordinates":[[[35.893768,56.858027],[35.893681,56.857989],[35.893592,56.858049],[35.893679,56.858088],[35.893768,56.858027]]]}},{"type":"Feature","properties":{"kind":"building","h":6.0},"geometry":{"type":"Polygon","coordinates":[[[35.893594,56.858147],[35.893466,56.858093],[35.8933,56.858212],[35.893428,56.858266],[35.893594,56.858147]]]}},{"type":"Feature","properties":{"kind":"building","h":9.0},"geometry":{"type":"Polygon","coordinates":[[[35.890291,56.858125],[35.890176,56.858204],[35.890276,56.858248],[35.890392,56.85817],[35.890291,56.858125]]]}},{"type":"Feature","properties":{"kind":"building","h":6.0},"geometry":{"type":"Polygon","coordinates":[[[35.890059,56.858292],[35.889931,56.858379],[35.890063,56.858438],[35.890191,56.858351],[35.890059,56.858292]]]}},{"type":"Feature","properties":{"kind":"building","h":3.0},"geometry":{"type":"Polygon","coordinates":[[[35.892563,56.859205],[35.892478,56.859265],[35.892564,56.859301],[35.892649,56.859241],[35.892563,56.859205]]]}},{"type":"Feature","properties":{"kind":"building","h":9.0},"geometry":{"type":"Polygon","coordinates":[[[35.893715,56.859971],[35.893819,56.8599],[35.893647,56.859824],[35.893543,56.859896],[35.893715,56.859971]]]}},{"type":"Feature","properties":{"kind":"building","h":15.0},"geometry":{"type":"Polygon","coordinates":[[[35.892168,56.859493],[35.891937,56.859656],[35.89329,56.86023],[35.893522,56.860067],[35.893288,56.859967],[35.893202,56.860027],[35.892287,56.85964],[35.892373,56.859579],[35.892168,56.859493]]]}},{"type":"Feature","properties":{"kind":"building","h":3.0},"geometry":{"type":"Polygon","coordinates":[[[35.892744,56.859077],[35.892643,56.859149],[35.892742,56.859191],[35.892843,56.859119],[35.892744,56.859077]]]}},{"type":"Feature","properties":{"kind":"building","h":9.0},"geometry":{"type":"Polygon","coordinates":[[[35.895484,56.858603],[35.895298,56.858526],[35.895058,56.858698],[35.895243,56.858776],[35.895484,56.858603]]]}},{"type":"Feature","properties":{"kind":"building","h":9.0},"geometry":{"type":"Polygon","coordinates":[[[35.894241,56.858003],[35.894112,56.858089],[35.894216,56.858135],[35.894344,56.858049],[35.894241,56.858003]]]}},{"type":"Feature","properties":{"kind":"building","h":6.0},"geometry":{"type":"Polygon","coordinates":[[[35.89525,56.858886],[35.895086,56.858812],[35.894788,56.859009],[35.894953,56.859083],[35.89525,56.858886]]]}},{"type":"Feature","properties":{"kind":"building","h":9.0},"geometry":{"type":"Polygon","coordinates":[[[35.893563,56.858457],[35.893403,56.858567],[35.89352,56.858619],[35.893681,56.858509],[35.893563,56.858457]]]}},{"type":"Feature","properties":{"kind":"building","h":3.0},"geometry":{"type":"Polygon","coordinates":[[[35.895225,56.859211],[35.894874,56.859464],[35.894978,56.859507],[35.895329,56.859254],[35.895225,56.859211]]]}},{"type":"Feature","properties":{"kind":"building","h":6.0},"geometry":{"type":"Polygon","coordinates":[[[35.894489,56.859688],[35.894382,56.859766],[35.894503,56.859816],[35.89461,56.859738],[35.894489,56.859688]]]}},{"type":"Feature","properties":{"kind":"building","h":6.0},"geometry":{"type":"Polygon","coordinates":[[[35.894703,56.859538],[35.894599,56.859611],[35.89485,56.859718],[35.895085,56.859554],[35.894978,56.859507],[35.894874,56.859464],[35.894743,56.859555],[35.894703,56.859538]]]}},{"type":"Feature","properties":{"kind":"building","h":9.0},"geometry":{"type":"Polygon","coordinates":[[[35.893825,56.860135],[35.894198,56.860296],[35.894558,56.860451],[35.894743,56.860322],[35.894501,56.860218],[35.894983,56.859883],[35.89475,56.859783],[35.894267,56.860118],[35.89401,56.860007],[35.893825,56.860135]]]}},{"type":"Feature","properties":{"kind":"building","h":9.0},"geometry":{"type":"Polygon","coordinates":[[[35.905139,56.866255],[35.904749,56.866303],[35.904777,56.86637],[35.90462,56.866389],[35.904656,56.866476],[35.904915,56.866444],[35.904905,56.866419],[35.905193,56.866383],[35.905139,56.866255]]]}},{"type":"Feature","properties":{"kind":"building","h":15.0},"geometry":{"type":"Polygon","coordinates":[[[35.904144,56.867133],[35.904152,56.867155],[35.904377,56.86713],[35.904252,56.866792],[35.904026,56.866817],[35.904111,56.867046],[35.904076,56.86705],[35.904051,56.867053],[35.904083,56.86714],[35.904109,56.867137],[35.904144,56.867133]]]}},{"type":"Feature","properties":{"kind":"building","h":15.0},"geometry":{"type":"Polygon","coordinates":[[[35.902984,56.867173],[35.903036,56.86731],[35.904102,56.86719],[35.904083,56.86714],[35.904051,56.867053],[35.902984,56.867173]]]}},{"type":"Feature","properties":{"kind":"building","h":3.0},"geometry":{"type":"Polygon","coordinates":[[[35.889734,56.858727],[35.889793,56.858753],[35.889853,56.858713],[35.889794,56.858687],[35.889734,56.858727]]]}},{"type":"Feature","properties":{"kind":"building","h":12.0},"geometry":{"type":"Polygon","coordinates":[[[35.890672,56.858632],[35.891066,56.858797],[35.891273,56.858649],[35.891558,56.858769],[35.891708,56.858662],[35.891271,56.858479],[35.891231,56.858475],[35.891194,56.858483],[35.891021,56.858607],[35.890823,56.858525],[35.890672,56.858632]]]}},{"type":"Feature","properties":{"kind":"building","h":12.0},"geometry":{"type":"Polygon","coordinates":[[[35.891861,56.859225],[35.892292,56.858931],[35.892132,56.85886],[35.891701,56.859155],[35.891861,56.859225]]]}},{"type":"Feature","properties":{"kind":"building","h":3.0},"geometry":{"type":"Polygon","coordinates":[[[35.901327,56.853519],[35.90162,56.853515],[35.901624,56.853592],[35.901732,56.85359],[35.901767,56.8536],[35.901784,56.853617],[35.901786,56.853636],[35.901766,56.853656],[35.901723,56.853667],[35.901627,56.853669],[35.901631,56.853743],[35.901338,56.853748],[35.901334,56.85367],[35.901287,56.85367],[35.901282,56.853594],[35.901331,56.853594],[35.901327,56.853519]]]}},{"type":"Feature","properties":{"kind":"building","h":12.0},"geometry":{"type":"Polygon","coordinates":[[[35.887938,56.859915],[35.887811,56.860009],[35.888129,56.860141],[35.888257,56.860048],[35.888288,56.860026],[35.888011,56.859911],[35.888007,56.859902],[35.887997,56.859895],[35.887969,56.859892],[35.887945,56.8599],[35.887938,56.859907],[35.887938,56.859915]]]}},{"type":"Feature","properties":{"kind":"building","h":15.0},"geometry":{"type":"Polygon","coordinates":[[[35.887556,56.860779],[35.887581,56.860816],[35.887959,56.86097],[35.888094,56.86087],[35.887856,56.860773],[35.888071,56.860615],[35.887883,56.860538],[35.887556,56.860779]]]}},{"type":"Feature","properties":{"kind":"building","h":3.0},"geometry":{"type":"Polygon","coordinates":[[[35.887323,56.86072],[35.887416,56.860758],[35.887605,56.860623],[35.887512,56.860584],[35.887323,56.86072]]]}},{"type":"Feature","properties":{"kind":"building","h":6.0},"geometry":{"type":"Polygon","coordinates":[[[35.889457,56.860409],[35.889371,56.860472],[35.889602,56.860565],[35.889688,56.860501],[35.889457,56.860409]]]}},{"type":"Feature","properties":{"kind":"building","h":15.0},"geometry":{"type":"Polygon","coordinates":[[[35.886997,56.860583],[35.887225,56.860679],[35.887841,56.860245],[35.887614,56.860149],[35.887309,56.860363],[35.886997,56.860583]]]}},{"type":"Feature","properties":{"kind":"building","h":6.0},"geometry":{"type":"Polygon","coordinates":[[[35.88854,56.861554],[35.888374,56.861483],[35.887716,56.861938],[35.887882,56.86201],[35.88854,56.861554]]]}},{"type":"Feature","properties":{"kind":"building","h":12.0},"geometry":{"type":"Polygon","coordinates":[[[35.890036,56.862542],[35.88997,56.862409],[35.889088,56.86254],[35.889153,56.862673],[35.890036,56.862542]]]}},{"type":"Feature","properties":{"kind":"building","h":6.0},"geometry":{"type":"Polygon","coordinates":[[[35.887844,56.862181],[35.88741,56.861995],[35.887261,56.862099],[35.887694,56.862285],[35.887844,56.862181]]]}},{"type":"Feature","properties":{"kind":"building","h":9.0},"geometry":{"type":"Polygon","coordinates":[[[35.886735,56.861326],[35.887655,56.861711],[35.887787,56.861616],[35.886867,56.861231],[35.886735,56.861326]]]}},{"type":"Feature","properties":{"kind":"building","h":9.0},"geometry":{"type":"Polygon","coordinates":[[[35.886255,56.861707],[35.887055,56.86205],[35.887302,56.861878],[35.886502,56.861536],[35.886255,56.861707]]]}},{"type":"Feature","properties":{"kind":"building","h":12.0},"geometry":{"type":"Polygon","coordinates":[[[35.885279,56.862817],[35.886976,56.862778],[35.886959,56.862556],[35.886217,56.862573],[35.88621,56.862482],[35.88525,56.862504],[35.885262,56.862659],[35.885112,56.862663],[35.885098,56.862472],[35.884951,56.862475],[35.884936,56.86227],[35.885089,56.862158],[35.885167,56.86219],[35.885409,56.862017],[35.885329,56.861984],[35.885611,56.861783],[35.885863,56.861886],[35.88628,56.862059],[35.886978,56.862349],[35.887091,56.862267],[35.886393,56.861977],[35.885977,56.861804],[35.885903,56.861857],[35.885653,56.861753],[35.885585,56.861725],[35.885767,56.861594],[35.885845,56.861537],[35.885797,56.861517],[35.88572,56.861572],[35.885537,56.861705],[35.885442,56.861666],[35.884658,56.862233],[35.884703,56.86283],[35.885279,56.862817]]]}},{"type":"Feature","properties":{"kind":"building","h":12.0},"geometry":{"type":"Polygon","coordinates":[[[35.890412,56.860849],[35.890232,56.860979],[35.890347,56.861027],[35.890234,56.861103],[35.890304,56.861132],[35.890419,56.861054],[35.890872,56.861243],[35.890923,56.861206],[35.890968,56.861174],[35.89105,56.861114],[35.890412,56.860849]]]}},{"type":"Feature","properties":{"kind":"building","h":6.0},"geometry":{"type":"Polygon","coordinates":[[[35.890968,56.861174],[35.890923,56.861206],[35.891051,56.861259],[35.891103,56.861281],[35.891147,56.861248],[35.891094,56.861227],[35.890968,56.861174]]]}},{"type":"Feature","properties":{"kind":"building","h":9.0},"geometry":{"type":"Polygon","coordinates":[[[35.890282,56.862152],[35.8897,56.861913],[35.889506,56.862053],[35.890232,56.862351],[35.890427,56.862209],[35.89035,56.862177],[35.890464,56.862094],[35.890398,56.862067],[35.890282,56.862152]]]}},{"type":"Feature","properties":{"kind":"building","h":15.0},"geometry":{"type":"Polygon","coordinates":[[[35.891217,56.861197],[35.891147,56.861248],[35.891103,56.861281],[35.890986,56.861365],[35.891146,56.861431],[35.890317,56.862033],[35.890398,56.862067],[35.890464,56.862094],[35.890542,56.862126],[35.891386,56.861514],[35.891308,56.861482],[35.891525,56.861324],[35.891217,56.861197]]]}},{"type":"Feature","properties":{"kind":"building","h":9.0},"geometry":{"type":"Polygon","coordinates":[[[35.881745,56.858817],[35.880994,56.859359],[35.881485,56.859562],[35.882233,56.859022],[35.882112,56.858972],[35.882179,56.858924],[35.881954,56.858831],[35.88189,56.858877],[35.881745,56.858817]]]}},{"type":"Feature","properties":{"kind":"building","h":15.0},"geometry":{"type":"Polygon","coordinates":[[[35.880119,56.860324],[35.880004,56.860404],[35.880569,56.860649],[35.880684,56.860569],[35.880119,56.860324]]]}},{"type":"Feature","properties":{"kind":"building","h":6.0},"geometry":{"type":"Polygon","coordinates":[[[35.882147,56.859945],[35.882284,56.860003],[35.882363,56.859949],[35.882226,56.85989],[35.882147,56.859945]]]}},{"type":"Feature","properties":{"kind":"building","h":15.0},"geometry":{"type":"Polygon","coordinates":[[[35.881109,56.860861],[35.882089,56.860178],[35.881885,56.860091],[35.880905,56.860774],[35.881109,56.860861]]]}},{"type":"Feature","properties":{"kind":"building","h":6.0},"geometry":{"type":"Polygon","coordinates":[[[35.881192,56.860095],[35.881218,56.860106],[35.881492,56.860225],[35.881747,56.860048],[35.881515,56.859948],[35.881453,56.859991],[35.881406,56.859971],[35.881387,56.859962],[35.881192,56.860095]]]}},{"type":"Feature","properties":{"kind":"building","h":15.0},"geometry":{"type":"Polygon","coordinates":[[[35.880507,56.860395],[35.880656,56.860461],[35.881192,56.860095],[35.881387,56.859962],[35.881421,56.859939],[35.881272,56.859874],[35.880507,56.860395]]]}},{"type":"Feature","properties":{"kind":"building","h":18.0},"geometry":{"type":"Polygon","coordinates":[[[35.882322,56.859821],[35.882446,56.859873],[35.88271,56.859688],[35.882683,56.859676],[35.882764,56.85962],[35.882618,56.859558],[35.882543,56.85961],[35.882568,56.859621],[35.882469,56.859691],[35.882303,56.859652],[35.882124,56.859642],[35.881948,56.859664],[35.881792,56.859714],[35.881672,56.859787],[35.881814,56.859863],[35.881942,56.859921],[35.882068,56.85984],[35.882128,56.859826],[35.882191,56.859818],[35.882257,56.859816],[35.882322,56.859821]]]}},{"type":"Feature","properties":{"kind":"building","h":18.0},"geometry":{"type":"Polygon","coordinates":[[[35.882571,56.859059],[35.882465,56.859136],[35.88293,56.859328],[35.882618,56.859558],[35.882764,56.85962],[35.883075,56.859392],[35.883046,56.85938],[35.883156,56.859301],[35.882571,56.859059]]]}},{"type":"Feature","properties":{"kind":"building","h":15.0},"geometry":{"type":"Polygon","coordinates":[[[35.884147,56.860817],[35.884368,56.860664],[35.883637,56.860348],[35.883416,56.860501],[35.884147,56.860817]]]}},{"type":"Feature","properties":{"kind":"building","h":9.0},"geometry":{"type":"Polygon","coordinates":[[[35.880175,56.860821],[35.880002,56.860748],[35.879878,56.860836],[35.880051,56.860909],[35.880175,56.860821]]]}},{"type":"Feature","properties":{"kind":"building","h":27.0},"geometry":{"type":"Polygon","coordinates":[[[35.884033,56.859949],[35.884081,56.860343],[35.884513,56.86053],[35.884687,56.860408],[35.884305,56.860241],[35.884255,56.859855],[35.883854,56.859675],[35.883679,56.859799],[35.884033,56.859949]]]}},{"type":"Feature","properties":{"kind":"building","h":6.0},"geometry":{"type":"Polygon","coordinates":[[[35.883374,56.859625],[35.883164,56.859774],[35.883381,56.859865],[35.883591,56.859716],[35.883374,56.859625]]]}},{"type":"Feature","properties":{"kind":"building","h":9.0},"geometry":{"type":"Polygon","coordinates":[[[35.884646,56.861936],[35.884456,56.861855],[35.884338,56.861938],[35.88438,56.861956],[35.884138,56.862128],[35.883925,56.862038],[35.883791,56.862133],[35.884152,56.862285],[35.884646,56.861936]]]}},{"type":"Feature","properties":{"kind":"building","h":6.0},"geometry":{"type":"Polygon","coordinates":[[[35.884959,56.860459],[35.88484,56.860545],[35.885045,56.860629],[35.884863,56.860761],[35.884983,56.86081],[35.885166,56.860678],[35.885363,56.860759],[35.885481,56.860674],[35.884959,56.860459]]]}},{"type":"Feature","properties":{"kind":"building","h":9.0},"geometry":{"type":"Polygon","coordinates":[[[35.885847,56.860982],[35.885709,56.860922],[35.88521,56.861267],[35.885348,56.861326],[35.885847,56.860982]]]}},{"type":"Feature","properties":{"kind":"building","h":3.0},"geometry":{"type":"Polygon","coordinates":[[[35.883694,56.859398],[35.883374,56.859625],[35.883591,56.859716],[35.883679,56.859799],[35.883854,56.859675],[35.883707,56.859498],[35.883791,56.859439],[35.883694,56.859398]]]}},{"type":"Feature","properties":{"kind":"building","h":27.0},"geometry":{"type":"Polygon","coordinates":[[[35.885388,56.860201],[35.885231,56.860321],[35.886078,56.860652],[35.885806,56.86086],[35.885985,56.86093],[35.886414,56.860601],[35.885388,56.860201]]]}},{"type":"Feature","properties":{"kind":"building","h":9.0},"geometry":{"type":"Polygon","coordinates":[[[35.880459,56.861973],[35.880284,56.862094],[35.881217,56.862498],[35.881392,56.862377],[35.880459,56.861973]]]}},{"type":"Feature","properties":{"kind":"building","h":27.0},"geometry":{"type":"Polygon","coordinates":[[[35.882484,56.860628],[35.883345,56.860991],[35.883504,56.860878],[35.882642,56.860516],[35.882484,56.860628]]]}},{"type":"Feature","properties":{"kind":"building","h":15.0},"geometry":{"type":"Polygon","coordinates":[[[35.880958,56.861913],[35.881672,56.862216],[35.881851,56.86209],[35.881137,56.861787],[35.880958,56.861913]]]}},{"type":"Feature","properties":{"kind":"building","h":27.0},"geometry":{"type":"Polygon","coordinates":[[[35.882006,56.861692],[35.881934,56.861653],[35.881871,56.861277],[35.881671,56.861287],[35.881733,56.861663],[35.881789,56.86173],[35.881884,56.861788],[35.88313,56.862256],[35.883252,56.86216],[35.882006,56.861692]]]}},{"type":"Feature","properties":{"kind":"building","h":6.0},"geometry":{"type":"Polygon","coordinates":[[[35.880348,56.862943],[35.880483,56.86294],[35.880474,56.862811],[35.880339,56.862814],[35.880348,56.862943]]]}},{"type":"Feature","properties":{"kind":"building","h":12.0},"geometry":{"type":"Polygon","coordinates":[[[35.883959,56.863055],[35.883964,56.863141],[35.884138,56.863138],[35.88414,56.863165],[35.884541,56.863157],[35.884533,56.863018],[35.884131,56.863025],[35.884133,56.863052],[35.883959,56.863055]]]}},{"type":"Feature","properties":{"kind":"building","h":6.0},"geometry":{"type":"Polygon","coordinates":[[[35.882537,56.862877],[35.882819,56.862875],[35.882817,56.862771],[35.882534,56.862773],[35.882537,56.862877]]]}},{"type":"Feature","properties":{"kind":"building","h":9.0},"geometry":{"type":"Polygon","coordinates":[[[35.888222,56.862546],[35.888337,56.862595],[35.888723,56.862334],[35.88861,56.862284],[35.888222,56.862546]]]}},{"type":"Feature","properties":{"kind":"building","h":9.0},"geometry":{"type":"Polygon","coordinates":[[[35.881755,56.862734],[35.88188,56.862788],[35.882019,56.862697],[35.881889,56.86264],[35.881755,56.862734]]]}},{"type":"Feature","properties":{"kind":"building","h":9.0},"geometry":{"type":"Polygon","coordinates":[[[35.888114,56.862498],[35.888163,56.862465],[35.888094,56.862434],[35.88843,56.862203],[35.888486,56.862227],[35.888932,56.86192],[35.888759,56.861845],[35.887927,56.862417],[35.888114,56.862498]]]}},{"type":"Feature","properties":{"kind":"building","h":6.0},"geometry":{"type":"Polygon","coordinates":[[[35.883719,56.863061],[35.883304,56.863073],[35.883316,56.863149],[35.883594,56.863141],[35.883595,56.86316],[35.883729,56.863156],[35.883719,56.863061]]]}},{"type":"Feature","properties":{"kind":"building","h":9.0},"geometry":{"type":"Polygon","coordinates":[[[35.883293,56.862867],[35.883784,56.862855],[35.883633,56.862496],[35.8835,56.862513],[35.883479,56.862459],[35.883393,56.862469],[35.883414,56.862524],[35.883156,56.862555],[35.883197,56.862648],[35.883034,56.862656],[35.883038,56.862751],[35.883243,56.862742],[35.883293,56.862867]]]}},{"type":"Feature","properties":{"kind":"building","h":6.0},"geometry":{"type":"Polygon","coordinates":[[[35.882157,56.862887],[35.882446,56.862883],[35.882438,56.862736],[35.882376,56.862737],[35.882373,56.862682],[35.882146,56.862685],[35.882157,56.862887]]]}},{"type":"Feature","properties":{"kind":"building","h":3.0},"geometry":{"type":"Polygon","coordinates":[[[35.888354,56.862605],[35.888695,56.862752],[35.888956,56.862712],[35.888911,56.862625],[35.888717,56.862654],[35.888674,56.862636],[35.888725,56.862601],[35.888656,56.862571],[35.888714,56.862531],[35.888558,56.862463],[35.888354,56.862605]]]}},{"type":"Feature","properties":{"kind":"building","h":15.0},"geometry":{"type":"Polygon","coordinates":[[[35.879102,56.862838],[35.87911,56.862971],[35.880104,56.862952],[35.880072,56.862455],[35.879846,56.86246],[35.87987,56.862837],[35.879301,56.862848],[35.879296,56.862765],[35.87985,56.86235],[35.879915,56.862349],[35.88003,56.862398],[35.8801,56.862349],[35.88009,56.862215],[35.879683,56.862225],[35.878999,56.86275],[35.879102,56.862838]]]}},{"type":"Feature","properties":{"kind":"building","h":15.0},"geometry":{"type":"Polygon","coordinates":[[[35.880958,56.861913],[35.881137,56.861787],[35.880748,56.861632],[35.88108,56.861395],[35.88121,56.861449],[35.881384,56.861438],[35.881365,56.861346],[35.881018,56.861201],[35.880374,56.86166],[35.880958,56.861913]]]}},{"type":"Feature","properties":{"kind":"building","h":6.0},"geometry":{"type":"Polygon","coordinates":[[[35.910108,56.86633],[35.910179,56.866528],[35.910426,56.866501],[35.910356,56.866304],[35.910108,56.86633]]]}},{"type":"Feature","properties":{"kind":"building","h":9.0},"geometry":{"type":"Polygon","coordinates":[[[35.910057,56.866205],[35.910281,56.866181],[35.910244,56.866077],[35.91002,56.866101],[35.910057,56.866205]]]}},{"type":"Feature","properties":{"kind":"building","h":9.0},"geometry":{"type":"Polygon","coordinates":[[[35.909997,56.866039],[35.910016,56.866093],[35.91016,56.866078],[35.910141,56.866024],[35.909997,56.866039]]]}},{"type":"Feature","properties":{"kind":"building","h":9.0},"geometry":{"type":"Polygon","coordinates":[[[35.9105,56.866493],[35.910664,56.866476],[35.910623,56.866361],[35.910459,56.866379],[35.9105,56.866493]]]}},{"type":"Feature","properties":{"kind":"building","h":3.0},"geometry":{"type":"Polygon","coordinates":[[[35.893087,56.850488],[35.892964,56.85052],[35.893052,56.850623],[35.893176,56.850592],[35.893087,56.850488]]]}},{"type":"Feature","properties":{"kind":"building","h":3.0},"geometry":{"type":"Polygon","coordinates":[[[35.892828,56.850197],[35.892677,56.850236],[35.892738,56.850307],[35.892889,56.850268],[35.892828,56.850197]]]}},{"type":"Feature","properties":{"kind":"building","h":3.0},"geometry":{"type":"Polygon","coordinates":[[[35.893439,56.85088],[35.893341,56.850905],[35.893387,56.850959],[35.893486,56.850934],[35.893439,56.85088]]]}},{"type":"Feature","properties":{"kind":"building","h":3.0},"geometry":{"type":"Polygon","coordinates":[[[35.893034,56.850428],[35.892941,56.850452],[35.89297,56.850486],[35.893063,56.850462],[35.893034,56.850428]]]}},{"type":"Feature","properties":{"kind":"building","h":3.0},"geometry":{"type":"Polygon","coordinates":[[[35.892639,56.849982],[35.892523,56.850012],[35.892574,56.850071],[35.89269,56.850042],[35.892639,56.849982]]]}},{"type":"Feature","properties":{"kind":"building","h":3.0},"geometry":{"type":"Polygon","coordinates":[[[35.89327,56.850696],[35.893151,56.850727],[35.893218,56.850805],[35.893338,56.850774],[35.89327,56.850696]]]}},{"type":"Feature","properties":{"kind":"building","h":6.0},"geometry":{"type":"Polygon","coordinates":[[[35.893455,56.850342],[35.893214,56.850404],[35.893392,56.850612],[35.893634,56.85055],[35.893455,56.850342]]]}},{"type":"Feature","properties":{"kind":"building","h":3.0},"geometry":{"type":"Polygon","coordinates":[[[35.892949,56.850336],[35.892829,56.850367],[35.892877,56.850422],[35.892997,56.850391],[35.892949,56.850336]]]}},{"type":"Feature","properties":{"kind":"building","h":6.0},"geometry":{"type":"Polygon","coordinates":[[[35.893869,56.850078],[35.893936,56.85015],[35.894011,56.850229],[35.894853,56.84999],[35.89471,56.84984],[35.893869,56.850078]]]}},{"type":"Feature","properties":{"kind":"building","h":9.0},"geometry":{"type":"Polygon","coordinates":[[[35.919683,56.858576],[35.919745,56.858702],[35.91976,56.858732],[35.920198,56.858668],[35.920122,56.858512],[35.919683,56.858576]]]}},{"type":"Feature","properties":{"kind":"building","h":9.0},"geometry":{"type":"Polygon","coordinates":[[[35.918914,56.85869],[35.918976,56.858815],[35.919109,56.858796],[35.919377,56.858756],[35.919315,56.858631],[35.918914,56.85869]]]}},{"type":"Feature","properties":{"kind":"building","h":9.0},"geometry":{"type":"Polygon","coordinates":[[[35.919315,56.858631],[35.919377,56.858756],[35.919745,56.858702],[35.919683,56.858576],[35.919315,56.858631]]]}},{"type":"Feature","properties":{"kind":"building","h":36.0},"geometry":{"type":"Polygon","coordinates":[[[35.909048,56.850478],[35.909268,56.850443],[35.909157,56.85023],[35.908937,56.850262],[35.908992,56.850369],[35.909048,56.850478]]]}},{"type":"Feature","properties":{"kind":"building","h":6.0},"geometry":{"type":"Polygon","coordinates":[[[35.906823,56.858729],[35.907117,56.85873],[35.907117,56.85885],[35.907044,56.85885],[35.907149,56.858999],[35.906946,56.859037],[35.906823,56.85885],[35.906823,56.858729]]]}},{"type":"Feature","properties":{"kind":"building","h":12.0},"geometry":{"type":"Polygon","coordinates":[[[35.905985,56.858725],[35.905985,56.85885],[35.906823,56.85885],[35.906823,56.858729],[35.905985,56.858725]]]}},{"type":"Feature","properties":{"kind":"building","h":9.0},"geometry":{"type":"Polygon","coordinates":[[[35.910003,56.858235],[35.910609,56.858163],[35.910577,56.858082],[35.910315,56.858112],[35.910294,56.85806],[35.90995,56.858101],[35.909964,56.858137],[35.910003,56.858235]]]}},{"type":"Feature","properties":{"kind":"building","h":9.0},"geometry":{"type":"Polygon","coordinates":[[[35.909778,56.858474],[35.910146,56.85847],[35.910117,56.858335],[35.909954,56.858345],[35.909844,56.858061],[35.909639,56.85808],[35.909651,56.858115],[35.909658,56.858131],[35.909707,56.858258],[35.909778,56.858474]]]}},{"type":"Feature","properties":{"kind":"building","h":6.0},"geometry":{"type":"Polygon","coordinates":[[[35.911704,56.860472],[35.911665,56.86043],[35.91136,56.860514],[35.911489,56.860655],[35.911795,56.860572],[35.911704,56.860472]]]}},{"type":"Feature","properties":{"kind":"building","h":6.0},"geometry":{"type":"Polygon","coordinates":[[[35.911795,56.860572],[35.912198,56.860449],[35.912134,56.860343],[35.911704,56.860472],[35.911795,56.860572]]]}},{"type":"Feature","properties":{"kind":"building","h":9.0},"geometry":{"type":"Polygon","coordinates":[[[35.906088,56.857844],[35.906146,56.857954],[35.905764,56.858005],[35.905715,56.857899],[35.906088,56.857844]]]}},{"type":"Feature","properties":{"kind":"building","h":6.0},"geometry":{"type":"Polygon","coordinates":[[[35.915573,56.867765],[35.915605,56.867872],[35.915638,56.867984],[35.915679,56.867976],[35.915843,56.86838],[35.916088,56.86835],[35.915924,56.867946],[35.915893,56.86795],[35.915858,56.867853],[35.915825,56.867759],[35.915852,56.867758],[35.915809,56.867422],[35.915505,56.867427],[35.915533,56.867766],[35.915573,56.867765]]]}},{"type":"Feature","properties":{"kind":"building","h":12.0},"geometry":{"type":"Polygon","coordinates":[[[35.906941,56.858472],[35.906754,56.858476],[35.906754,56.858393],[35.906514,56.858399],[35.906514,56.858483],[35.906326,56.858486],[35.906312,56.858348],[35.906333,56.858305],[35.906407,56.858238],[35.906584,56.858183],[35.90683,56.858162],[35.906965,56.858155],[35.907061,56.858177],[35.907074,56.858301],[35.906943,56.858305],[35.906941,56.858345],[35.906985,56.858346],[35.906987,56.858399],[35.906946,56.858398],[35.906941,56.858472]]]}},{"type":"Feature","properties":{"kind":"building","h":9.0},"geometry":{"type":"Polygon","coordinates":[[[35.90548,56.859805],[35.905741,56.859768],[35.905627,56.859527],[35.905582,56.859432],[35.905321,56.859469],[35.905366,56.859565],[35.90548,56.859805]]]}},{"type":"Feature","properties":{"kind":"building","h":12.0},"geometry":{"type":"Polygon","coordinates":[[[35.904533,56.859581],[35.904189,56.85963],[35.903866,56.858946],[35.904122,56.85891],[35.90506,56.858777],[35.905242,56.858752],[35.905437,56.859165],[35.905056,56.859219],[35.905008,56.859116],[35.905087,56.859104],[35.905008,56.858937],[35.904278,56.85904],[35.904533,56.859581]]]}},{"type":"Feature","properties":{"kind":"building","h":12.0},"geometry":{"type":"Polygon","coordinates":[[[35.904189,56.85963],[35.904456,56.860198],[35.904801,56.860149],[35.904533,56.859581],[35.904189,56.85963]]]}},{"type":"Feature","properties":{"kind":"building","h":9.0},"geometry":{"type":"Polygon","coordinates":[[[35.896382,56.863176],[35.896016,56.863205],[35.896108,56.863547],[35.896477,56.863518],[35.896451,56.86342],[35.896385,56.863426],[35.896366,56.863354],[35.896344,56.863273],[35.896407,56.863267],[35.896382,56.863176]]]}},{"type":"Feature","properties":{"kind":"building","h":6.0},"geometry":{"type":"Polygon","coordinates":[[[35.921008,56.867157],[35.921348,56.867165],[35.921358,56.86704],[35.921184,56.867036],[35.921201,56.866818],[35.921034,56.866814],[35.921008,56.867157]]]}},{"type":"Feature","properties":{"kind":"building","h":9.0},"geometry":{"type":"Polygon","coordinates":[[[35.916795,56.864784],[35.916847,56.864932],[35.917271,56.864887],[35.917218,56.864739],[35.916795,56.864784]]]}},{"type":"Feature","properties":{"kind":"building","h":9.0},"geometry":{"type":"Polygon","coordinates":[[[35.917404,56.864038],[35.916743,56.864095],[35.916669,56.864101],[35.916714,56.86426],[35.916785,56.864254],[35.916851,56.864248],[35.916842,56.864215],[35.917372,56.864169],[35.91738,56.864196],[35.917401,56.864215],[35.917438,56.864247],[35.917514,56.864281],[35.917573,56.864296],[35.917676,56.864306],[35.917769,56.864584],[35.917703,56.86459],[35.917718,56.864635],[35.917733,56.86468],[35.918039,56.864649],[35.918023,56.864603],[35.917907,56.864254],[35.917958,56.864216],[35.917992,56.864167],[35.918,56.864128],[35.91799,56.864087],[35.917954,56.86404],[35.917913,56.86401],[35.917836,56.863977],[35.91778,56.863964],[35.917676,56.863954],[35.917583,56.863962],[35.917522,56.863981],[35.917462,56.864],[35.917404,56.864038]]]}},{"type":"Feature","properties":{"kind":"building","h":9.0},"geometry":{"type":"Polygon","coordinates":[[[35.915524,56.866203],[35.915289,56.866231],[35.915322,56.866314],[35.915557,56.866287],[35.915524,56.866203]]]}},{"type":"Feature","properties":{"kind":"building","h":6.0},"geometry":{"type":"Polygon","coordinates":[[[35.916111,56.866127],[35.916152,56.86624],[35.916323,56.866221],[35.916341,56.866219],[35.9163,56.866106],[35.916111,56.866127]]]}},{"type":"Feature","properties":{"kind":"building","h":9.0},"geometry":{"type":"Polygon","coordinates":[[[35.917096,56.866011],[35.917136,56.866116],[35.917396,56.866087],[35.917357,56.865982],[35.917096,56.866011]]]}},{"type":"Feature","properties":{"kind":"building","h":9.0},"geometry":{"type":"Polygon","coordinates":[[[35.911851,56.858025],[35.912106,56.857996],[35.912031,56.857798],[35.911776,56.857827],[35.911851,56.858025]]]}},{"type":"Feature","properties":{"kind":"building","h":15.0},"geometry":{"type":"Polygon","coordinates":[[[35.91172,56.857764],[35.91194,56.857731],[35.911885,56.857623],[35.911665,56.857656],[35.91172,56.857764]]]}},{"type":"Feature","properties":{"kind":"building","h":3.0},"geometry":{"type":"Polygon","coordinates":[[[35.913559,56.867465],[35.913749,56.867442],[35.913637,56.86716],[35.913446,56.867182],[35.913559,56.867465]]]}},{"type":"Feature","properties":{"kind":"building","h":9.0},"geometry":{"type":"Polygon","coordinates":[[[35.914155,56.867039],[35.914144,56.867063],[35.914063,56.867052],[35.914018,56.867154],[35.914099,56.867165],[35.914086,56.867195],[35.914559,56.867258],[35.914612,56.867237],[35.914641,56.867214],[35.914665,56.867168],[35.914654,56.867134],[35.914628,56.867102],[35.914155,56.867039]]]}},{"type":"Feature","properties":{"kind":"building","h":15.0},"geometry":{"type":"Polygon","coordinates":[[[35.919908,56.852976],[35.920467,56.852892],[35.921213,56.852779],[35.921065,56.852427],[35.920884,56.852457],[35.921008,56.85273],[35.920426,56.852809],[35.920031,56.852877],[35.919811,56.85241],[35.920095,56.852137],[35.920388,56.852086],[35.920757,56.852029],[35.92074,56.851996],[35.920714,56.851946],[35.92035,56.852009],[35.919986,56.85207],[35.91965,56.852415],[35.919908,56.852976]]]}},{"type":"Feature","properties":{"kind":"building","h":15.0},"geometry":{"type":"Polygon","coordinates":[[[35.920795,56.852104],[35.920757,56.852029],[35.92074,56.851996],[35.922423,56.851735],[35.923532,56.851565],[35.923585,56.851675],[35.922474,56.851845],[35.920795,56.852104]]]}},{"type":"Feature","properties":{"kind":"building","h":15.0},"geometry":{"type":"Polygon","coordinates":[[[35.911117,56.865457],[35.911297,56.865435],[35.911676,56.866381],[35.911495,56.866402],[35.91145,56.866289],[35.911168,56.865585],[35.911117,56.865457]]]}},{"type":"Feature","properties":{"kind":"building","h":15.0},"geometry":{"type":"Polygon","coordinates":[[[35.911168,56.865585],[35.911117,56.865457],[35.911049,56.865465],[35.910459,56.865536],[35.91051,56.865663],[35.911101,56.865593],[35.911168,56.865585]]]}},{"type":"Feature","properties":{"kind":"building","h":9.0},"geometry":{"type":"Polygon","coordinates":[[[35.89901,56.87],[35.898905,56.86976],[35.898888,56.869722],[35.899183,56.869684],[35.899333,56.869664],[35.899386,56.869784],[35.899177,56.869812],[35.899246,56.869969],[35.89901,56.87]]]}},{"type":"Feature","properties":{"kind":"building","h":6.0},"geometry":{"type":"Polygon","coordinates":[[[35.920569,56.853535],[35.920089,56.853606],[35.920232,56.853895],[35.920712,56.853824],[35.920569,56.853535]]]}},{"type":"Feature","properties":{"kind":"building","h":6.0},"geometry":{"type":"Polygon","coordinates":[[[35.910687,56.855863],[35.910725,56.85594],[35.910957,56.855905],[35.910919,56.855829],[35.910687,56.855863]]]}},{"type":"Feature","properties":{"kind":"building","h":6.0},"geometry":{"type":"Polygon","coordinates":[[[35.910978,56.85582],[35.911018,56.855899],[35.911202,56.855872],[35.911163,56.855792],[35.910978,56.85582]]]}},{"type":"Feature","properties":{"kind":"building","h":6.0},"geometry":{"type":"Polygon","coordinates":[[[35.911249,56.855779],[35.911298,56.855877],[35.911393,56.855863],[35.911344,56.855765],[35.911249,56.855779]]]}},{"type":"Feature","properties":{"kind":"building","h":12.0},"geometry":{"type":"Polygon","coordinates":[[[35.912378,56.855605],[35.912461,56.855773],[35.912722,56.855735],[35.912639,56.855566],[35.912378,56.855605]]]}},{"type":"Feature","properties":{"kind":"building","h":9.0},"geometry":{"type":"Polygon","coordinates":[[[35.911785,56.855697],[35.911437,56.855747],[35.911617,56.85612],[35.911965,56.85607],[35.911858,56.855848],[35.911785,56.855697]]]}},{"type":"Feature","properties":{"kind":"building","h":6.0},"geometry":{"type":"Polygon","coordinates":[[[35.913523,56.855427],[35.91358,56.855538],[35.913772,56.855509],[35.913715,56.855397],[35.913523,56.855427]]]}},{"type":"Feature","properties":{"kind":"building","h":6.0},"geometry":{"type":"Polygon","coordinates":[[[35.91387,56.855482],[35.913928,56.855595],[35.914101,56.855569],[35.914043,56.855455],[35.91387,56.855482]]]}},{"type":"Feature","properties":{"kind":"building","h":6.0},"geometry":{"type":"Polygon","coordinates":[[[35.914226,56.855316],[35.914293,56.855447],[35.914441,56.855425],[35.914374,56.855293],[35.914226,56.855316]]]}},{"type":"Feature","properties":{"kind":"building","h":6.0},"geometry":{"type":"Polygon","coordinates":[[[35.914483,56.855276],[35.914522,56.85535],[35.914643,56.85533],[35.914604,56.855257],[35.914483,56.855276]]]}},{"type":"Feature","properties":{"kind":"building","h":6.0},"geometry":{"type":"Polygon","coordinates":[[[35.914751,56.855236],[35.914791,56.855314],[35.914915,56.855295],[35.914875,56.855217],[35.914751,56.855236]]]}},{"type":"Feature","properties":{"kind":"building","h":6.0},"geometry":{"type":"Polygon","coordinates":[[[35.911063,56.854333],[35.911234,56.854308],[35.911223,56.854286],[35.911198,56.854235],[35.911027,56.854259],[35.911063,56.854333]]]}},{"type":"Feature","properties":{"kind":"building","h":9.0},"geometry":{"type":"Polygon","coordinates":[[[35.909525,56.853724],[35.909602,56.853712],[35.909574,56.853659],[35.909497,56.85367],[35.909525,56.853724]]]}},{"type":"Feature","properties":{"kind":"building","h":6.0},"geometry":{"type":"Polygon","coordinates":[[[35.911051,56.854963],[35.910673,56.855016],[35.91071,56.855095],[35.911088,56.855042],[35.911051,56.854963]]]}},{"type":"Feature","properties":{"kind":"building","h":6.0},"geometry":{"type":"Polygon","coordinates":[[[35.910539,56.855051],[35.910196,56.855099],[35.910229,56.85517],[35.910572,56.855122],[35.910539,56.855051]]]}},{"type":"Feature","properties":{"kind":"building","h":6.0},"geometry":{"type":"Polygon","coordinates":[[[35.913811,56.854119],[35.914097,56.854688],[35.914486,56.85463],[35.9142,56.85406],[35.913811,56.854119]]]}},{"type":"Feature","properties":{"kind":"building","h":15.0},"geometry":{"type":"Polygon","coordinates":[[[35.91252,56.858209],[35.912892,56.858207],[35.913057,56.858206],[35.913499,56.858204],[35.913496,56.858085],[35.912518,56.85809],[35.91252,56.858209]]]}},{"type":"Feature","properties":{"kind":"building","h":15.0},"geometry":{"type":"Polygon","coordinates":[[[35.879636,56.856715],[35.879937,56.856493],[35.880566,56.856746],[35.880489,56.856803],[35.880712,56.856893],[35.880641,56.856946],[35.880952,56.857071],[35.880978,56.857082],[35.880823,56.857194],[35.880798,56.857183],[35.879636,56.856715]]]}},{"type":"Feature","properties":{"kind":"building","h":18.0},"geometry":{"type":"Polygon","coordinates":[[[35.878463,56.861143],[35.878791,56.860918],[35.878557,56.860816],[35.878083,56.861141],[35.879655,56.861825],[35.88075,56.861073],[35.880504,56.860966],[35.88021,56.860838],[35.880008,56.860977],[35.880289,56.8611],[35.879984,56.861309],[35.87917,56.860956],[35.879028,56.861053],[35.879905,56.861435],[35.879605,56.86164],[35.878463,56.861143]]]}},{"type":"Feature","properties":{"kind":"building","h":9.0},"geometry":{"type":"Polygon","coordinates":[[[35.880134,56.858387],[35.87951,56.858126],[35.878756,56.858666],[35.879379,56.858927],[35.880134,56.858387]]]}},{"type":"Feature","properties":{"kind":"building","h":3.0},"geometry":{"type":"Polygon","coordinates":[[[35.881693,56.852145],[35.88205,56.852096],[35.882033,56.852059],[35.881676,56.852108],[35.881693,56.852145]]]}},{"type":"Feature","properties":{"kind":"building","h":9.0},"geometry":{"type":"Polygon","coordinates":[[[35.881488,56.852841],[35.881996,56.852766],[35.881953,56.852678],[35.881445,56.852753],[35.881488,56.852841]]]}},{"type":"Feature","properties":{"kind":"building","h":9.0},"geometry":{"type":"Polygon","coordinates":[[[35.880594,56.852539],[35.88074,56.852817],[35.881076,56.852765],[35.881037,56.852692],[35.880835,56.852724],[35.880727,56.852518],[35.880594,56.852539]]]}},{"type":"Feature","properties":{"kind":"building","h":9.0},"geometry":{"type":"Polygon","coordinates":[[[35.888505,56.851484],[35.888435,56.851486],[35.888447,56.851592],[35.888948,56.851574],[35.888936,56.851469],[35.888876,56.851471],[35.888832,56.851091],[35.88929,56.851075],[35.889297,56.851142],[35.889445,56.851138],[35.889476,56.851346],[35.889719,56.851334],[35.889646,56.850754],[35.889289,56.85077],[35.889281,56.85063],[35.889183,56.850634],[35.889196,56.850773],[35.888168,56.850814],[35.888157,56.850681],[35.887991,56.850687],[35.887995,56.850734],[35.886485,56.850777],[35.886456,56.850519],[35.886154,56.850529],[35.886241,56.851324],[35.885971,56.851343],[35.885927,56.851106],[35.885789,56.851114],[35.885827,56.851346],[35.885688,56.851352],[35.885573,56.8506],[35.885058,56.850618],[35.885143,56.851357],[35.884966,56.851363],[35.884938,56.851121],[35.884651,56.851131],[35.884715,56.851685],[35.886679,56.851617],[35.886603,56.850957],[35.886696,56.850953],[35.886718,56.85115],[35.88846,56.85109],[35.888505,56.851484]]]}},{"type":"Feature","properties":{"kind":"building","h":9.0},"geometry":{"type":"Polygon","coordinates":[[[35.885265,56.851908],[35.885277,56.852013],[35.885891,56.851992],[35.885879,56.851887],[35.885265,56.851908]]]}},{"type":"Feature","properties":{"kind":"building","h":9.0},"geometry":{"type":"Polygon","coordinates":[[[35.889694,56.851831],[35.890054,56.851819],[35.890037,56.85167],[35.889677,56.851682],[35.889694,56.851831]]]}},{"type":"Feature","properties":{"kind":"building","h":9.0},"geometry":{"type":"Polygon","coordinates":[[[35.891773,56.85065],[35.891856,56.851189],[35.892244,56.851171],[35.892161,56.850632],[35.891773,56.85065]]]}},{"type":"Feature","properties":{"kind":"building","h":9.0},"geometry":{"type":"Polygon","coordinates":[[[35.890294,56.850818],[35.890345,56.851268],[35.890532,56.851262],[35.89048,56.850812],[35.890294,56.850818]]]}},{"type":"Feature","properties":{"kind":"building","h":9.0},"geometry":{"type":"Polygon","coordinates":[[[35.887976,56.850541],[35.888592,56.850519],[35.888552,56.850185],[35.887936,56.850207],[35.887976,56.850541]]]}},{"type":"Feature","properties":{"kind":"building","h":9.0},"geometry":{"type":"Polygon","coordinates":[[[35.890954,56.850697],[35.891049,56.85134],[35.891494,56.85132],[35.891399,56.850677],[35.890954,56.850697]]]}},{"type":"Feature","properties":{"kind":"building","h":9.0},"geometry":{"type":"Polygon","coordinates":[[[35.890339,56.851582],[35.890345,56.851693],[35.890661,56.851688],[35.890655,56.851576],[35.890339,56.851582]]]}},{"type":"Feature","properties":{"kind":"building","h":9.0},"geometry":{"type":"Polygon","coordinates":[[[35.887351,56.851478],[35.888379,56.851443],[35.888354,56.851219],[35.887325,56.851254],[35.887351,56.851478]]]}},{"type":"Feature","properties":{"kind":"building","h":9.0},"geometry":{"type":"Polygon","coordinates":[[[35.887255,56.851916],[35.888251,56.851882],[35.888234,56.851733],[35.887608,56.851755],[35.887598,56.851663],[35.887227,56.851676],[35.887255,56.851916]]]}},{"type":"Feature","properties":{"kind":"building","h":9.0},"geometry":{"type":"Polygon","coordinates":[[[35.890856,56.849836],[35.890907,56.850196],[35.890988,56.850193],[35.891038,56.850543],[35.891383,56.850528],[35.891282,56.849818],[35.890856,56.849836]]]}},{"type":"Feature","properties":{"kind":"building","h":6.0},"geometry":{"type":"Polygon","coordinates":[[[35.905488,56.866321],[35.905619,56.866303],[35.905581,56.86622],[35.905797,56.86619],[35.905747,56.86608],[35.9054,56.866127],[35.905488,56.866321]]]}},{"type":"Feature","properties":{"kind":"building","h":12.0},"geometry":{"type":"Polygon","coordinates":[[[35.90552,56.866405],[35.905653,56.866729],[35.90579,56.867063],[35.906454,56.866981],[35.906394,56.866836],[35.906003,56.866884],[35.905851,56.866519],[35.905794,56.866371],[35.90552,56.866405]]]}},{"type":"Feature","properties":{"kind":"building","h":6.0},"geometry":{"type":"Polygon","coordinates":[[[35.916243,56.858009],[35.916276,56.858097],[35.915946,56.858128],[35.915919,56.858039],[35.916243,56.858009]]]}},{"type":"Feature","properties":{"kind":"building","h":64.0},"geometry":{"type":"Polygon","coordinates":[[[35.916285,56.857856],[35.916378,56.857855],[35.916376,56.857806],[35.916283,56.857807],[35.916285,56.857856]]]}},{"type":"Feature","properties":{"kind":"building","h":9.0},"geometry":{"type":"Polygon","coordinates":[[[35.921098,56.850836],[35.92119,56.851019],[35.921253,56.85101],[35.921358,56.851222],[35.921995,56.851127],[35.921926,56.850989],[35.921591,56.851039],[35.921552,56.85096],[35.921887,56.85091],[35.921798,56.850731],[35.921098,56.850836]]]}},{"type":"Feature","properties":{"kind":"building","h":9.0},"geometry":{"type":"Polygon","coordinates":[[[35.916754,56.850713],[35.916603,56.850736],[35.916695,56.85091],[35.916845,56.850886],[35.917087,56.851346],[35.917465,56.851287],[35.91703,56.850459],[35.917643,56.850363],[35.917708,56.850487],[35.918424,56.850374],[35.918295,56.850129],[35.916381,56.85043],[35.916444,56.850551],[35.916652,56.850518],[35.916754,56.850713]]]}},{"type":"Feature","properties":{"kind":"building","h":9.0},"geometry":{"type":"Polygon","coordinates":[[[35.919662,56.850357],[35.919751,56.850523],[35.920362,56.850426],[35.920274,56.85026],[35.919662,56.850357]]]}},{"type":"Feature","properties":{"kind":"building","h":9.0},"geometry":{"type":"Polygon","coordinates":[[[35.917481,56.850835],[35.918571,56.850662],[35.918495,56.850517],[35.917404,56.85069],[35.917481,56.850835]]]}},{"type":"Feature","properties":{"kind":"building","h":15.0},"geometry":{"type":"Polygon","coordinates":[[[35.920091,56.851024],[35.920207,56.851005],[35.920335,56.851246],[35.920274,56.851256],[35.92033,56.851362],[35.921003,56.851255],[35.920731,56.850744],[35.920119,56.850841],[35.920175,56.850946],[35.920062,56.850964],[35.919973,56.850978],[35.919944,56.850923],[35.919616,56.850975],[35.919645,56.85103],[35.919577,56.851041],[35.919271,56.850466],[35.918639,56.850567],[35.918704,56.85069],[35.919011,56.850641],[35.919483,56.851531],[35.919512,56.851585],[35.918934,56.851677],[35.91891,56.851632],[35.91887,56.851557],[35.918385,56.851633],[35.918431,56.851719],[35.918449,56.851754],[35.917976,56.851829],[35.917869,56.851627],[35.917305,56.851717],[35.917236,56.851586],[35.918338,56.851411],[35.918278,56.851298],[35.91688,56.85152],[35.917171,56.852067],[35.917886,56.851954],[35.917912,56.852002],[35.918753,56.851869],[35.920452,56.851599],[35.922109,56.851336],[35.922029,56.851185],[35.920391,56.851445],[35.919838,56.851533],[35.919813,56.851486],[35.919608,56.851101],[35.919677,56.85109],[35.919714,56.851158],[35.920041,56.851107],[35.920004,56.851038],[35.920091,56.851024]]]}},{"type":"Feature","properties":{"kind":"building","h":9.0},"geometry":{"type":"Polygon","coordinates":[[[35.918624,56.85027],[35.919697,56.850201],[35.91967,56.850077],[35.920521,56.850023],[35.920502,56.849937],[35.918579,56.850059],[35.918624,56.85027]]]}},{"type":"Feature","properties":{"kind":"building","h":18.0},"geometry":{"type":"Polygon","coordinates":[[[35.910747,56.851082],[35.910637,56.85106],[35.910266,56.851143],[35.910357,56.85127],[35.910558,56.851233],[35.910768,56.851628],[35.91075,56.851649],[35.910619,56.85167],[35.910608,56.851714],[35.910633,56.851768],[35.91069,56.851805],[35.911061,56.851746],[35.911028,56.851684],[35.911064,56.851679],[35.910747,56.851082]]]}},{"type":"Feature","properties":{"kind":"building","h":9.0},"geometry":{"type":"Polygon","coordinates":[[[35.912128,56.852337],[35.912196,56.852478],[35.912712,56.852404],[35.912644,56.852263],[35.912128,56.852337]]]}},{"type":"Feature","properties":{"kind":"building","h":9.0},"geometry":{"type":"Polygon","coordinates":[[[35.912744,56.852453],[35.912592,56.852475],[35.912674,56.852644],[35.912827,56.852621],[35.912744,56.852453]]]}},{"type":"Feature","properties":{"kind":"building","h":9.0},"geometry":{"type":"Polygon","coordinates":[[[35.911622,56.85231],[35.911872,56.852834],[35.912085,56.852803],[35.911836,56.852279],[35.911622,56.85231]]]}},{"type":"Feature","properties":{"kind":"building","h":9.0},"geometry":{"type":"Polygon","coordinates":[[[35.913411,56.852401],[35.913365,56.852308],[35.913057,56.852353],[35.913003,56.852243],[35.912781,56.852275],[35.912882,56.852478],[35.913411,56.852401]]]}},{"type":"Feature","properties":{"kind":"building","h":6.0},"geometry":{"type":"Polygon","coordinates":[[[35.921122,56.855645],[35.921219,56.855852],[35.921428,56.855823],[35.921399,56.855761],[35.921598,56.855733],[35.921729,56.856012],[35.921548,56.856038],[35.9215,56.855938],[35.921274,56.85597],[35.921396,56.856228],[35.922481,56.856076],[35.9224,56.855903],[35.921982,56.855962],[35.921856,56.855696],[35.922271,56.855637],[35.922204,56.855494],[35.921122,56.855645]]]}},{"type":"Feature","properties":{"kind":"building","h":9.0},"geometry":{"type":"Polygon","coordinates":[[[35.884571,56.868309],[35.884508,56.868226],[35.884659,56.868192],[35.884721,56.868274],[35.884571,56.868309]]]}},{"type":"Feature","properties":{"kind":"building","h":9.0},"geometry":{"type":"Polygon","coordinates":[[[35.887575,56.868081],[35.887446,56.867817],[35.887715,56.867782],[35.887843,56.86804],[35.887575,56.868081]]]}},{"type":"Feature","properties":{"kind":"building","h":9.0},"geometry":{"type":"Polygon","coordinates":[[[35.887535,56.868096],[35.887021,56.868176],[35.886856,56.867861],[35.887024,56.867835],[35.887075,56.867932],[35.887251,56.867905],[35.887306,56.86801],[35.887477,56.867983],[35.887535,56.868096]]]}},{"type":"Feature","properties":{"kind":"building","h":9.0},"geometry":{"type":"Polygon","coordinates":[[[35.886565,56.86818],[35.886457,56.867965],[35.886276,56.867992],[35.886384,56.868207],[35.886565,56.86818]]]}},{"type":"Feature","properties":{"kind":"building","h":9.0},"geometry":{"type":"Polygon","coordinates":[[[35.885876,56.868325],[35.885777,56.868123],[35.886136,56.868071],[35.886235,56.868273],[35.885876,56.868325]]]}},{"type":"Feature","properties":{"kind":"building","h":6.0},"geometry":{"type":"Polygon","coordinates":[[[35.90309,56.865941],[35.903021,56.865771],[35.903361,56.86573],[35.903431,56.865902],[35.903318,56.865916],[35.903325,56.865933],[35.903257,56.865942],[35.903201,56.865948],[35.903193,56.865929],[35.90309,56.865941]]]}},{"type":"Feature","properties":{"kind":"building","h":9.0},"geometry":{"type":"Polygon","coordinates":[[[35.899678,56.866017],[35.89966,56.865958],[35.899764,56.865949],[35.899782,56.866008],[35.899678,56.866017]]]}},{"type":"Feature","properties":{"kind":"building","h":9.0},"geometry":{"type":"Polygon","coordinates":[[[35.882574,56.861374],[35.882428,56.861475],[35.88275,56.861614],[35.882897,56.861513],[35.882574,56.861374]]]}},{"type":"Feature","properties":{"kind":"building","h":15.0},"geometry":{"type":"Polygon","coordinates":[[[35.903899,56.850351],[35.904147,56.8504],[35.904447,56.849948],[35.904199,56.849899],[35.903899,56.850351]]]}},{"type":"Feature","properties":{"kind":"building","h":9.0},"geometry":{"type":"Polygon","coordinates":[[[35.899608,56.869644],[35.899574,56.869576],[35.899812,56.86954],[35.899846,56.869608],[35.899608,56.869644]]]}},{"type":"Feature","properties":{"kind":"building","h":9.0},"geometry":{"type":"Polygon","coordinates":[[[35.89999,56.869429],[35.900141,56.869406],[35.900251,56.869607],[35.90009,56.869628],[35.89999,56.869429]]]}},{"type":"Feature","properties":{"kind":"building","h":6.0},"geometry":{"type":"Polygon","coordinates":[[[35.921466,56.864351],[35.921269,56.8647],[35.922069,56.864835],[35.922181,56.864637],[35.922005,56.864607],[35.921945,56.864714],[35.921527,56.864644],[35.921673,56.864385],[35.921466,56.864351]]]}},{"type":"Feature","properties":{"kind":"building","h":3.0},"geometry":{"type":"Polygon","coordinates":[[[35.921073,56.866392],[35.921346,56.866397],[35.921353,56.866287],[35.921079,56.866282],[35.921073,56.866392]]]}},{"type":"Feature","properties":{"kind":"building","h":3.0},"geometry":{"type":"Polygon","coordinates":[[[35.922265,56.866598],[35.922097,56.86659],[35.921153,56.866539],[35.921137,56.86662],[35.921669,56.866644],[35.921668,56.866686],[35.921603,56.866685],[35.921635,56.866819],[35.92198,56.866825],[35.921994,56.866701],[35.922247,56.866714],[35.922265,56.866598]]]}},{"type":"Feature","properties":{"kind":"building","h":9.0},"geometry":{"type":"Polygon","coordinates":[[[35.921721,56.866437],[35.921719,56.866517],[35.921925,56.866518],[35.921927,56.866439],[35.921721,56.866437]]]}},{"type":"Feature","properties":{"kind":"building","h":3.0},"geometry":{"type":"Polygon","coordinates":[[[35.920924,56.867655],[35.920915,56.86777],[35.921097,56.867774],[35.921106,56.867659],[35.920924,56.867655]]]}},{"type":"Feature","properties":{"kind":"building","h":9.0},"geometry":{"type":"Polygon","coordinates":[[[35.908851,56.855671],[35.909409,56.855591],[35.909676,56.855553],[35.909797,56.855805],[35.908972,56.855924],[35.908851,56.855671]]]}},{"type":"Feature","properties":{"kind":"building","h":9.0},"geometry":{"type":"Polygon","coordinates":[[[35.91139,56.858269],[35.911654,56.85823],[35.911558,56.858037],[35.911294,56.858076],[35.91139,56.858269]]]}},{"type":"Feature","properties":{"kind":"building","h":3.0},"geometry":{"type":"Polygon","coordinates":[[[35.92022,56.869912],[35.920154,56.870028],[35.920309,56.870054],[35.920376,56.869938],[35.92022,56.869912]]]}},{"type":"Feature","properties":{"kind":"building","h":6.0},"geometry":{"type":"Polygon","coordinates":[[[35.920391,56.869621],[35.920315,56.869755],[35.920508,56.869788],[35.920585,56.869654],[35.920391,56.869621]]]}},{"type":"Feature","properties":{"kind":"building","h":6.0},"geometry":{"type":"Polygon","coordinates":[[[35.920669,56.869183],[35.920586,56.869329],[35.920794,56.869365],[35.920877,56.869219],[35.920669,56.869183]]]}},{"type":"Feature","properties":{"kind":"building","h":6.0},"geometry":{"type":"Polygon","coordinates":[[[35.920514,56.86942],[35.920431,56.869565],[35.920619,56.869597],[35.920702,56.869452],[35.920514,56.86942]]]}},{"type":"Feature","properties":{"kind":"building","h":6.0},"geometry":{"type":"Polygon","coordinates":[[[35.920948,56.868484],[35.921196,56.86849],[35.921232,56.868011],[35.920985,56.868005],[35.920948,56.868484]]]}},{"type":"Feature","properties":{"kind":"building","h":3.0},"geometry":{"type":"Polygon","coordinates":[[[35.92091,56.869538],[35.920964,56.869696],[35.921175,56.869675],[35.92112,56.869517],[35.92091,56.869538]]]}},{"type":"Feature","properties":{"kind":"building","h":3.0},"geometry":{"type":"Polygon","coordinates":[[[35.92193,56.869487],[35.922075,56.869526],[35.922182,56.869406],[35.922036,56.869367],[35.92193,56.869487]]]}},{"type":"Feature","properties":{"kind":"building","h":6.0},"geometry":{"type":"Polygon","coordinates":[[[35.921557,56.869636],[35.921594,56.869735],[35.921796,56.869712],[35.921759,56.869613],[35.921557,56.869636]]]}},{"type":"Feature","properties":{"kind":"building","h":9.0},"geometry":{"type":"Polygon","coordinates":[[[35.921344,56.869149],[35.921579,56.86917],[35.921608,56.869076],[35.921373,56.869055],[35.921344,56.869149]]]}},{"type":"Feature","properties":{"kind":"building","h":9.0},"geometry":{"type":"Polygon","coordinates":[[[35.921435,56.869385],[35.921468,56.869479],[35.921687,56.869456],[35.921654,56.869362],[35.921435,56.869385]]]}},{"type":"Feature","properties":{"kind":"building","h":3.0},"geometry":{"type":"Polygon","coordinates":[[[35.921597,56.869798],[35.921618,56.869855],[35.921743,56.869842],[35.921721,56.869784],[35.921597,56.869798]]]}},{"type":"Feature","properties":{"kind":"building","h":6.0},"geometry":{"type":"Polygon","coordinates":[[[35.917827,56.855163],[35.91791,56.855335],[35.918126,56.855303],[35.918044,56.855132],[35.917827,56.855163]]]}},{"type":"Feature","properties":{"kind":"building","h":3.0},"geometry":{"type":"Polygon","coordinates":[[[35.917234,56.8556],[35.917071,56.855623],[35.917129,56.855744],[35.917292,56.85572],[35.917234,56.8556]]]}},{"type":"Feature","properties":{"kind":"building","h":6.0},"geometry":{"type":"Polygon","coordinates":[[[35.917466,56.855557],[35.917316,56.855579],[35.91737,56.855689],[35.917521,56.855666],[35.917466,56.855557]]]}},{"type":"Feature","properties":{"kind":"building","h":3.0},"geometry":{"type":"Polygon","coordinates":[[[35.917241,56.85543],[35.917419,56.855404],[35.917354,56.855269],[35.917176,56.855295],[35.917241,56.85543]]]}},{"type":"Feature","properties":{"kind":"building","h":21.0},"geometry":{"type":"Polygon","coordinates":[[[35.917639,56.855532],[35.917696,56.855649],[35.91786,56.855626],[35.917803,56.855508],[35.917639,56.855532]]]}},{"type":"Feature","properties":{"kind":"building","h":3.0},"geometry":{"type":"Polygon","coordinates":[[[35.917931,56.855486],[35.91798,56.855587],[35.918092,56.85557],[35.918044,56.85547],[35.917931,56.855486]]]}},{"type":"Feature","properties":{"kind":"building","h":3.0},"geometry":{"type":"Polygon","coordinates":[[[35.918216,56.855287],[35.918361,56.855266],[35.918312,56.855164],[35.918166,56.855185],[35.918216,56.855287]]]}},{"type":"Feature","properties":{"kind":"building","h":3.0},"geometry":{"type":"Polygon","coordinates":[[[35.919205,56.855289],[35.919057,56.855311],[35.919103,56.855407],[35.919252,56.855385],[35.919205,56.855289]]]}},{"type":"Feature","properties":{"kind":"building","h":6.0},"geometry":{"type":"Polygon","coordinates":[[[35.918992,56.855173],[35.919142,56.855152],[35.919074,56.855013],[35.918925,56.855035],[35.918992,56.855173]]]}},{"type":"Feature","properties":{"kind":"building","h":6.0},"geometry":{"type":"Polygon","coordinates":[[[35.919813,56.855183],[35.919657,56.855206],[35.919718,56.855331],[35.919874,56.855308],[35.919813,56.855183]]]}},{"type":"Feature","properties":{"kind":"building","h":6.0},"geometry":{"type":"Polygon","coordinates":[[[35.919311,56.855125],[35.919494,56.855098],[35.91943,56.854965],[35.919246,56.854992],[35.919311,56.855125]]]}},{"type":"Feature","properties":{"kind":"building","h":6.0},"geometry":{"type":"Polygon","coordinates":[[[35.920087,56.855282],[35.920245,56.855259],[35.920188,56.855141],[35.920029,56.855164],[35.920087,56.855282]]]}},{"type":"Feature","properties":{"kind":"building","h":9.0},"geometry":{"type":"Polygon","coordinates":[[[35.919584,56.855086],[35.919689,56.85507],[35.919636,56.854961],[35.919531,56.854976],[35.919584,56.855086]]]}},{"type":"Feature","properties":{"kind":"building","h":9.0},"geometry":{"type":"Polygon","coordinates":[[[35.918585,56.85561],[35.918828,56.855571],[35.918733,56.855396],[35.918491,56.855435],[35.918585,56.85561]]]}},{"type":"Feature","properties":{"kind":"building","h":3.0},"geometry":{"type":"Polygon","coordinates":[[[35.918185,56.855536],[35.918294,56.85552],[35.918254,56.855438],[35.918146,56.855454],[35.918185,56.855536]]]}},{"type":"Feature","properties":{"kind":"building","h":9.0},"geometry":{"type":"Polygon","coordinates":[[[35.921019,56.855489],[35.921247,56.855455],[35.921033,56.855017],[35.920805,56.85505],[35.921019,56.855489]]]}},{"type":"Feature","properties":{"kind":"building","h":9.0},"geometry":{"type":"Polygon","coordinates":[[[35.920858,56.854649],[35.920609,56.854685],[35.920734,56.854945],[35.920983,56.854909],[35.920858,56.854649]]]}},{"type":"Feature","properties":{"kind":"building","h":3.0},"geometry":{"type":"Polygon","coordinates":[[[35.921215,56.85499],[35.921287,56.855138],[35.921463,56.855113],[35.92139,56.854965],[35.921215,56.85499]]]}},{"type":"Feature","properties":{"kind":"building","h":3.0},"geometry":{"type":"Polygon","coordinates":[[[35.92111,56.854893],[35.921323,56.854862],[35.921288,56.854789],[35.921074,56.854819],[35.92111,56.854893]]]}},{"type":"Feature","properties":{"kind":"building","h":3.0},"geometry":{"type":"Polygon","coordinates":[[[35.921808,56.854904],[35.921866,56.855022],[35.922003,56.855002],[35.921946,56.854883],[35.921808,56.854904]]]}},{"type":"Feature","properties":{"kind":"building","h":6.0},"geometry":{"type":"Polygon","coordinates":[[[35.921402,56.854846],[35.921572,56.854827],[35.921493,56.854615],[35.921323,56.854635],[35.921402,56.854846]]]}},{"type":"Feature","properties":{"kind":"building","h":9.0},"geometry":{"type":"Polygon","coordinates":[[[35.919702,56.855046],[35.920115,56.854987],[35.919985,56.854723],[35.919576,56.854783],[35.919702,56.855046]]]}},{"type":"Feature","properties":{"kind":"building","h":9.0},"geometry":{"type":"Polygon","coordinates":[[[35.919027,56.854592],[35.919126,56.854798],[35.919422,56.854756],[35.919379,56.854667],[35.919577,56.854639],[35.919521,56.854522],[35.919027,56.854592]]]}},{"type":"Feature","properties":{"kind":"building","h":9.0},"geometry":{"type":"Polygon","coordinates":[[[35.919521,56.854522],[35.919577,56.854639],[35.919738,56.854614],[35.919775,56.85469],[35.919964,56.854662],[35.91987,56.854471],[35.919521,56.854522]]]}},{"type":"Feature","properties":{"kind":"building","h":6.0},"geometry":{"type":"Polygon","coordinates":[[[35.892179,56.868538],[35.892243,56.868664],[35.892755,56.868586],[35.89269,56.86846],[35.892179,56.868538]]]}},{"type":"Feature","properties":{"kind":"building","h":36.0},"geometry":{"type":"Polygon","coordinates":[[[35.883942,56.869343],[35.883915,56.869347],[35.883855,56.869234],[35.883738,56.869253],[35.883724,56.869227],[35.88366,56.869237],[35.88364,56.869197],[35.883479,56.869223],[35.8835,56.869262],[35.88343,56.869273],[35.883493,56.869392],[35.883554,56.869382],[35.883589,56.869448],[35.88371,56.869429],[35.88374,56.869485],[35.883775,56.86948],[35.883814,56.869554],[35.883911,56.869538],[35.883872,56.869464],[35.883933,56.869455],[35.883904,56.869398],[35.883939,56.869392],[35.883937,56.869389],[35.883964,56.869385],[35.883942,56.869343]]]}},{"type":"Feature","properties":{"kind":"building","h":36.0},"geometry":{"type":"Polygon","coordinates":[[[35.883964,56.869385],[35.884092,56.869364],[35.8841,56.86938],[35.884195,56.869365],[35.884206,56.869386],[35.884318,56.869369],[35.8843,56.869334],[35.884288,56.869336],[35.884274,56.869309],[35.884464,56.869279],[35.884449,56.869251],[35.884573,56.869232],[35.884545,56.869178],[35.884529,56.869147],[35.884417,56.869165],[35.884399,56.869131],[35.884208,56.869161],[35.884223,56.869191],[35.884119,56.869207],[35.884159,56.869283],[35.884057,56.869299],[35.88407,56.869323],[35.883942,56.869343],[35.883964,56.869385]]]}},{"type":"Feature","properties":{"kind":"building","h":6.0},"geometry":{"type":"Polygon","coordinates":[[[35.884399,56.869131],[35.884756,56.869077],[35.884739,56.869078],[35.884722,56.869076],[35.884707,56.869072],[35.884696,56.869067],[35.884687,56.869058],[35.884684,56.869051],[35.884684,56.869043],[35.884686,56.869036],[35.884695,56.869028],[35.884705,56.869022],[35.884721,56.869017],[35.884978,56.868983],[35.885067,56.869159],[35.884877,56.869184],[35.884834,56.869097],[35.884557,56.869135],[35.884576,56.869173],[35.884545,56.869178],[35.884529,56.869147],[35.884417,56.869165],[35.884399,56.869131]]]}},{"type":"Feature","properties":{"kind":"building","h":36.0},"geometry":{"type":"Polygon","coordinates":[[[35.883814,56.869554],[35.883828,56.86958],[35.8838,56.869585],[35.883827,56.869637],[35.883773,56.869646],[35.883815,56.869725],[35.883939,56.869705],[35.883996,56.869814],[35.884068,56.869802],[35.884098,56.869859],[35.884232,56.869838],[35.884202,56.869781],[35.884272,56.86977],[35.884206,56.869645],[35.884147,56.869654],[35.884114,56.869592],[35.883976,56.869614],[35.883948,56.869562],[35.883925,56.869565],[35.883911,56.869538],[35.883814,56.869554]]]}},{"type":"Feature","properties":{"kind":"building","h":6.0},"geometry":{"type":"Polygon","coordinates":[[[35.918394,56.854175],[35.918955,56.854096],[35.918799,56.85377],[35.918243,56.853849],[35.918279,56.853925],[35.918195,56.853937],[35.918277,56.854109],[35.918357,56.854097],[35.918394,56.854175]]]}},{"type":"Feature","properties":{"kind":"building","h":9.0},"geometry":{"type":"Polygon","coordinates":[[[35.904383,56.850925],[35.904378,56.850968],[35.904593,56.850977],[35.904599,56.850934],[35.904681,56.850937],[35.904705,56.85075],[35.904616,56.850746],[35.904621,56.850707],[35.904413,56.8507],[35.904408,56.850738],[35.904323,56.850734],[35.9043,56.850922],[35.904383,56.850925]]]}},{"type":"Feature","properties":{"kind":"building","h":9.0},"geometry":{"type":"Polygon","coordinates":[[[35.905044,56.850149],[35.905335,56.850107],[35.905279,56.849991],[35.904987,56.850034],[35.905044,56.850149]]]}},{"type":"Feature","properties":{"kind":"building","h":9.0},"geometry":{"type":"Polygon","coordinates":[[[35.897484,56.854676],[35.897723,56.854654],[35.897642,56.85439],[35.897403,56.854412],[35.897484,56.854676]]]}},{"type":"Feature","properties":{"kind":"building","h":9.0},"geometry":{"type":"Polygon","coordinates":[[[35.897266,56.854909],[35.89752,56.855016],[35.897607,56.854954],[35.897649,56.854924],[35.897395,56.854817],[35.897266,56.854909]]]}},{"type":"Feature","properties":{"kind":"building","h":9.0},"geometry":{"type":"Polygon","coordinates":[[[35.897318,56.854137],[35.897543,56.854117],[35.897467,56.853859],[35.897242,56.853879],[35.897318,56.854137]]]}},{"type":"Feature","properties":{"kind":"building","h":3.0},"geometry":{"type":"Polygon","coordinates":[[[35.898558,56.853888],[35.898788,56.853865],[35.898737,56.853695],[35.898503,56.853718],[35.898558,56.853888]]]}},{"type":"Feature","properties":{"kind":"building","h":6.0},"geometry":{"type":"Polygon","coordinates":[[[35.891854,56.868119],[35.892038,56.868093],[35.891937,56.86788],[35.891752,56.867907],[35.891854,56.868119]]]}},{"type":"Feature","properties":{"kind":"building","h":15.0},"geometry":{"type":"Polygon","coordinates":[[[35.915713,56.860501],[35.915474,56.860079],[35.915726,56.860046],[35.915882,56.860364],[35.915936,56.860345],[35.916004,56.860322],[35.916064,56.860369],[35.915966,56.860405],[35.915713,56.860501]]]}},{"type":"Feature","properties":{"kind":"building","h":9.0},"geometry":{"type":"Polygon","coordinates":[[[35.91592,56.860135],[35.915842,56.85998],[35.915985,56.859964],[35.916011,56.859975],[35.916023,56.859992],[35.916066,56.859984],[35.916124,56.860022],[35.916151,56.860098],[35.91592,56.860135]]]}},{"type":"Feature","properties":{"kind":"building","h":15.0},"geometry":{"type":"Polygon","coordinates":[[[35.917383,56.860768],[35.91725,56.860512],[35.916904,56.860566],[35.916511,56.860627],[35.916492,56.860529],[35.916541,56.860522],[35.916549,56.860475],[35.916845,56.860434],[35.917184,56.860388],[35.917002,56.86003],[35.916709,56.860136],[35.916064,56.860369],[35.916004,56.860322],[35.915959,56.860289],[35.916579,56.86003],[35.916896,56.859897],[35.917227,56.859958],[35.917611,56.860732],[35.917383,56.860768]]]}},{"type":"Feature","properties":{"kind":"building","h":15.0},"geometry":{"type":"Polygon","coordinates":[[[35.912907,56.854081],[35.913341,56.854014],[35.913276,56.853887],[35.913171,56.853903],[35.913062,56.853692],[35.91284,56.853726],[35.91295,56.853938],[35.912842,56.853955],[35.912907,56.854081]]]}},{"type":"Feature","properties":{"kind":"building","h":15.0},"geometry":{"type":"Polygon","coordinates":[[[35.913411,56.854003],[35.913852,56.853938],[35.913783,56.853798],[35.91368,56.853813],[35.913572,56.853593],[35.913322,56.853629],[35.913432,56.853855],[35.913344,56.853868],[35.913411,56.854003]]]}},{"type":"Feature","properties":{"kind":"building","h":9.0},"geometry":{"type":"Polygon","coordinates":[[[35.912591,56.853559],[35.913036,56.853491],[35.912879,56.853184],[35.912677,56.853215],[35.912779,56.853414],[35.912536,56.853451],[35.912591,56.853559]]]}},{"type":"Feature","properties":{"kind":"building","h":9.0},"geometry":{"type":"Polygon","coordinates":[[[35.895015,56.869106],[35.895196,56.869491],[35.895411,56.86946],[35.89523,56.869076],[35.895015,56.869106]]]}},{"type":"Feature","properties":{"kind":"building","h":9.0},"geometry":{"type":"Polygon","coordinates":[[[35.894681,56.869547],[35.894863,56.869934],[35.89506,56.869907],[35.894878,56.86952],[35.894681,56.869547]]]}},{"type":"Feature","properties":{"kind":"building","h":15.0},"geometry":{"type":"Polygon","coordinates":[[[35.896614,56.868893],[35.896389,56.86892],[35.89671,56.869718],[35.896935,56.869692],[35.896614,56.868893]]]}},{"type":"Feature","properties":{"kind":"building","h":15.0},"geometry":{"type":"Polygon","coordinates":[[[35.897108,56.868846],[35.897429,56.869647],[35.897634,56.869622],[35.897313,56.868822],[35.897108,56.868846]]]}},{"type":"Feature","properties":{"kind":"building","h":9.0},"geometry":{"type":"Polygon","coordinates":[[[35.919434,56.860432],[35.919561,56.860411],[35.919507,56.860316],[35.919758,56.860273],[35.919688,56.86015],[35.919378,56.860203],[35.919415,56.860267],[35.919347,56.860279],[35.919434,56.860432]]]}},{"type":"Feature","properties":{"kind":"building","h":9.0},"geometry":{"type":"Polygon","coordinates":[[[35.920167,56.859773],[35.920453,56.859728],[35.920354,56.85954],[35.92061,56.8595],[35.920735,56.859736],[35.920797,56.859727],[35.920781,56.859697],[35.920925,56.859675],[35.920938,56.859699],[35.921473,56.859615],[35.921355,56.859393],[35.921693,56.859339],[35.92174,56.859428],[35.921553,56.859458],[35.921661,56.859663],[35.92189,56.859627],[35.921966,56.859771],[35.922079,56.859985],[35.921982,56.86],[35.922074,56.860173],[35.92179,56.860218],[35.921747,56.860137],[35.921917,56.86011],[35.921864,56.860011],[35.92181,56.86002],[35.921701,56.859815],[35.921662,56.85974],[35.921597,56.85975],[35.921571,56.859702],[35.921282,56.859748],[35.921364,56.859903],[35.921333,56.859908],[35.921463,56.860153],[35.921596,56.860132],[35.921653,56.86024],[35.921326,56.860292],[35.921095,56.859856],[35.921037,56.859865],[35.921004,56.859803],[35.920995,56.859786],[35.920786,56.859819],[35.920792,56.859832],[35.920243,56.859918],[35.920167,56.859773]]]}},{"type":"Feature","properties":{"kind":"building","h":9.0},"geometry":{"type":"Polygon","coordinates":[[[35.900487,56.862137],[35.901346,56.862057],[35.901384,56.862177],[35.900525,56.862258],[35.900487,56.862137]]]}},{"type":"Feature","properties":{"kind":"building","h":9.0},"geometry":{"type":"Polygon","coordinates":[[[35.900725,56.861801],[35.90068,56.861661],[35.901048,56.861629],[35.901087,56.861768],[35.900725,56.861801]]]}},{"type":"Feature","properties":{"kind":"building","h":9.0},"geometry":{"type":"Polygon","coordinates":[[[35.900524,56.861829],[35.901206,56.861767],[35.90128,56.862009],[35.901173,56.862018],[35.901125,56.861862],[35.900551,56.861914],[35.900524,56.861829]]]}},{"type":"Feature","properties":{"kind":"building","h":6.0},"geometry":{"type":"Polygon","coordinates":[[[35.91629,56.853023],[35.916582,56.852981],[35.916659,56.853141],[35.916521,56.853161],[35.916581,56.853286],[35.916291,56.853328],[35.916217,56.853175],[35.916353,56.853155],[35.91629,56.853023]]]}},{"type":"Feature","properties":{"kind":"building","h":12.0},"geometry":{"type":"Polygon","coordinates":[[[35.903196,56.856177],[35.903433,56.856058],[35.903415,56.856015],[35.903417,56.855979],[35.903713,56.855885],[35.903657,56.85577],[35.902819,56.856059],[35.903196,56.856177]]]}},{"type":"Feature","properties":{"kind":"building","h":6.0},"geometry":{"type":"Polygon","coordinates":[[[35.921653,56.86628],[35.921924,56.866291],[35.92194,56.866177],[35.921669,56.866165],[35.921653,56.86628]]]}},{"type":"Feature","properties":{"kind":"building","h":15.0},"geometry":{"type":"Polygon","coordinates":[[[35.918129,56.853466],[35.918648,56.853386],[35.918797,56.853675],[35.91828,56.853755],[35.918221,56.853641],[35.918427,56.853609],[35.918407,56.853571],[35.918471,56.853561],[35.918455,56.853529],[35.918183,56.853571],[35.918129,56.853466]]]}},{"type":"Feature","properties":{"kind":"building","h":6.0},"geometry":{"type":"Polygon","coordinates":[[[35.917805,56.853512],[35.917969,56.853487],[35.918041,56.853627],[35.917877,56.853652],[35.917805,56.853512]]]}},{"type":"Feature","properties":{"kind":"building","h":6.0},"geometry":{"type":"Polygon","coordinates":[[[35.917535,56.853554],[35.9177,56.85353],[35.917749,56.85363],[35.917584,56.853654],[35.917535,56.853554]]]}},{"type":"Feature","properties":{"kind":"building","h":12.0},"geometry":{"type":"Polygon","coordinates":[[[35.908314,56.857026],[35.908008,56.857071],[35.908076,56.857208],[35.90869,56.857117],[35.908623,56.856981],[35.908314,56.857026]]]}},{"type":"Feature","properties":{"kind":"building","h":9.0},"geometry":{"type":"Polygon","coordinates":[[[35.911733,56.856399],[35.911647,56.856232],[35.911918,56.85619],[35.912004,56.856357],[35.911733,56.856399]]]}},{"type":"Feature","properties":{"kind":"building","h":9.0},"geometry":{"type":"Polygon","coordinates":[[[35.912035,56.856349],[35.91195,56.85618],[35.912215,56.85614],[35.9123,56.856309],[35.912035,56.856349]]]}},{"type":"Feature","properties":{"kind":"building","h":9.0},"geometry":{"type":"Polygon","coordinates":[[[35.921421,56.853771],[35.921347,56.853613],[35.921643,56.853572],[35.921717,56.85373],[35.921421,56.853771]]]}},{"type":"Feature","properties":{"kind":"building","h":15.0},"geometry":{"type":"Polygon","coordinates":[[[35.918863,56.859866],[35.918771,56.859683],[35.918535,56.859718],[35.918627,56.859901],[35.918863,56.859866]]]}},{"type":"Feature","properties":{"kind":"building","h":15.0},"geometry":{"type":"Polygon","coordinates":[[[35.886482,56.860297],[35.886681,56.860381],[35.887134,56.860057],[35.886928,56.859971],[35.886643,56.860175],[35.886482,56.860297]]]}},{"type":"Feature","properties":{"kind":"building","h":15.0},"geometry":{"type":"Polygon","coordinates":[[[35.886482,56.860297],[35.886643,56.860175],[35.886583,56.86015],[35.885724,56.859791],[35.885559,56.859911],[35.886433,56.860277],[35.886482,56.860297]]]}},{"type":"Feature","properties":{"kind":"building","h":6.0},"geometry":{"type":"Polygon","coordinates":[[[35.911075,56.867737],[35.910741,56.867779],[35.910693,56.867667],[35.911027,56.867624],[35.911075,56.867737]]]}},{"type":"Feature","properties":{"kind":"building","h":9.0},"geometry":{"type":"Polygon","coordinates":[[[35.911785,56.855697],[35.911858,56.855848],[35.912311,56.855782],[35.912238,56.855631],[35.911785,56.855697]]]}},{"type":"Feature","properties":{"kind":"building","h":9.0},"geometry":{"type":"Polygon","coordinates":[[[35.910915,56.856494],[35.911219,56.856452],[35.911164,56.856335],[35.911215,56.856328],[35.911147,56.856181],[35.910956,56.856208],[35.911006,56.856316],[35.910842,56.856338],[35.910915,56.856494]]]}},{"type":"Feature","properties":{"kind":"building","h":9.0},"geometry":{"type":"Polygon","coordinates":[[[35.911326,56.856456],[35.911168,56.85612],[35.911382,56.85609],[35.91154,56.856426],[35.911326,56.856456]]]}},{"type":"Feature","properties":{"kind":"building","h":15.0},"geometry":{"type":"Polygon","coordinates":[[[35.918514,56.854567],[35.918385,56.85429],[35.918562,56.854262],[35.918622,56.854399],[35.918863,56.854365],[35.918794,56.854213],[35.919009,56.854182],[35.919157,56.854477],[35.918514,56.854567]]]}},{"type":"Feature","properties":{"kind":"building","h":15.0},"geometry":{"type":"Polygon","coordinates":[[[35.917841,56.854657],[35.917773,56.854501],[35.917974,56.854475],[35.918042,56.85463],[35.917841,56.854657]]]}},{"type":"Feature","properties":{"kind":"building","h":15.0},"geometry":{"type":"Polygon","coordinates":[[[35.917022,56.854764],[35.916958,56.854623],[35.917664,56.854528],[35.917727,56.854669],[35.917022,56.854764]]]}},{"type":"Feature","properties":{"kind":"building","h":15.0},"geometry":{"type":"Polygon","coordinates":[[[35.921084,56.857371],[35.921075,56.857348],[35.921064,56.85732],[35.920982,56.857375],[35.920852,56.857317],[35.920797,56.857355],[35.920747,56.857395],[35.920701,56.857436],[35.92066,56.857479],[35.920623,56.857523],[35.920592,56.857568],[35.920565,56.857615],[35.920544,56.857661],[35.920528,56.857709],[35.920517,56.857757],[35.920511,56.857805],[35.920511,56.857854],[35.920516,56.857902],[35.920613,56.857899],[35.920618,56.857917],[35.920624,56.857934],[35.920762,56.857917],[35.920757,56.857904],[35.920742,56.857856],[35.920735,56.857807],[35.920736,56.857758],[35.920745,56.857709],[35.920762,56.857661],[35.920786,56.857613],[35.920819,56.857568],[35.920859,56.857523],[35.920905,56.857481],[35.920959,56.857442],[35.921018,56.857405],[35.921084,56.857371]]]}},{"type":"Feature","properties":{"kind":"building","h":9.0},"geometry":{"type":"Polygon","coordinates":[[[35.920972,56.854155],[35.920798,56.85379],[35.921153,56.85374],[35.921178,56.853793],[35.920952,56.853825],[35.920992,56.853909],[35.921136,56.853888],[35.921245,56.854116],[35.920972,56.854155]]]}},{"type":"Feature","properties":{"kind":"building","h":9.0},"geometry":{"type":"Polygon","coordinates":[[[35.897177,56.863865],[35.89739,56.863845],[35.897228,56.863334],[35.897177,56.863171],[35.89701,56.862643],[35.896797,56.862663],[35.897177,56.863865]]]}},{"type":"Feature","properties":{"kind":"building","h":9.0},"geometry":{"type":"Polygon","coordinates":[[[35.895939,56.863111],[35.896154,56.863093],[35.896125,56.862991],[35.895911,56.863008],[35.895939,56.863111]]]}},{"type":"Feature","properties":{"kind":"building","h":9.0},"geometry":{"type":"Polygon","coordinates":[[[35.898882,56.863692],[35.899054,56.863675],[35.898657,56.8625],[35.898485,56.862517],[35.898882,56.863692]]]}},{"type":"Feature","properties":{"kind":"building","h":9.0},"geometry":{"type":"Polygon","coordinates":[[[35.897221,56.86239],[35.897655,56.862348],[35.897618,56.862232],[35.89712,56.86228],[35.897141,56.862348],[35.897206,56.862341],[35.897221,56.86239]]]}},{"type":"Feature","properties":{"kind":"building","h":12.0},"geometry":{"type":"Polygon","coordinates":[[[35.906049,56.861892],[35.906634,56.861805],[35.906771,56.862077],[35.906773,56.862077],[35.906806,56.862082],[35.906834,56.862092],[35.906853,56.862105],[35.906864,56.862123],[35.90686,56.86215],[35.906845,56.862164],[35.90682,56.862177],[35.906785,56.862184],[35.90675,56.862184],[35.90672,56.862179],[35.906693,56.862167],[35.906691,56.862165],[35.906368,56.862214],[35.906344,56.862217],[35.90634,56.862235],[35.906326,56.862249],[35.906301,56.862262],[35.906266,56.862269],[35.906232,56.862269],[35.906202,56.862264],[35.906176,56.862252],[35.906157,56.862236],[35.906151,56.862218],[35.906153,56.862205],[35.906166,56.862188],[35.906189,56.862174],[35.906049,56.861892]]]}},{"type":"Feature","properties":{"kind":"building","h":9.0},"geometry":{"type":"Polygon","coordinates":[[[35.886021,56.864259],[35.887101,56.864227],[35.887006,56.86329],[35.887212,56.863284],[35.887177,56.862941],[35.885778,56.862984],[35.885782,56.863024],[35.885449,56.863034],[35.885451,56.863053],[35.885488,56.863417],[35.885935,56.863404],[35.886021,56.864259]]]}},{"type":"Feature","properties":{"kind":"building","h":12.0},"geometry":{"type":"Polygon","coordinates":[[[35.887695,56.864314],[35.888981,56.864119],[35.88901,56.864083],[35.888747,56.863524],[35.888479,56.863726],[35.888545,56.863753],[35.888565,56.863738],[35.888643,56.863769],[35.888736,56.863964],[35.888275,56.86403],[35.888267,56.864047],[35.887994,56.864084],[35.887925,56.864137],[35.887695,56.864314]]]}},{"type":"Feature","properties":{"kind":"building","h":6.0},"geometry":{"type":"Polygon","coordinates":[[[35.899214,56.868586],[35.899321,56.868857],[35.900058,56.868771],[35.900013,56.868656],[35.899492,56.868717],[35.899431,56.868561],[35.899214,56.868586]]]}},{"type":"Feature","properties":{"kind":"building","h":9.0},"geometry":{"type":"Polygon","coordinates":[[[35.892628,56.851476],[35.892678,56.851553],[35.892774,56.851534],[35.892725,56.851458],[35.892628,56.851476]]]}},{"type":"Feature","properties":{"kind":"building","h":15.0},"geometry":{"type":"Polygon","coordinates":[[[35.890415,56.853228],[35.890642,56.853068],[35.891012,56.853044],[35.890984,56.852915],[35.890534,56.852944],[35.890238,56.853153],[35.890415,56.853228]]]}},{"type":"Feature","properties":{"kind":"building","h":15.0},"geometry":{"type":"Polygon","coordinates":[[[35.891175,56.852971],[35.891644,56.852941],[35.891881,56.852762],[35.891679,56.852682],[35.891501,56.852816],[35.891147,56.852843],[35.891175,56.852971]]]}},{"type":"Feature","properties":{"kind":"building","h":12.0},"geometry":{"type":"Polygon","coordinates":[[[35.910102,56.854479],[35.910327,56.854445],[35.910069,56.853944],[35.909888,56.853972],[35.90997,56.854131],[35.909961,56.854149],[35.909962,56.854171],[35.909975,56.854194],[35.909995,56.85421],[35.910018,56.854223],[35.910062,56.854309],[35.910018,56.854316],[35.910102,56.854479]]]}},{"type":"Feature","properties":{"kind":"building","h":9.0},"geometry":{"type":"Polygon","coordinates":[[[35.89296,56.849674],[35.892727,56.849732],[35.893137,56.850224],[35.893646,56.850098],[35.893674,56.850131],[35.893841,56.85009],[35.893402,56.849562],[35.893206,56.84961],[35.893538,56.850009],[35.893191,56.850095],[35.893043,56.849917],[35.893141,56.849892],[35.89296,56.849674]]]}},{"type":"Feature","properties":{"kind":"building","h":9.0},"geometry":{"type":"Polygon","coordinates":[[[35.895916,56.869195],[35.895721,56.869218],[35.895678,56.869109],[35.895873,56.869086],[35.895916,56.869195]]]}},{"type":"Feature","properties":{"kind":"building","h":3.0},"geometry":{"type":"Polygon","coordinates":[[[35.903906,56.86842],[35.903787,56.868111],[35.903662,56.868127],[35.903784,56.868436],[35.903906,56.86842]]]}},{"type":"Feature","properties":{"kind":"building","h":9.0},"geometry":{"type":"Polygon","coordinates":[[[35.908053,56.867893],[35.907833,56.867322],[35.907691,56.867338],[35.907502,56.86736],[35.90755,56.867485],[35.907653,56.867473],[35.90778,56.867803],[35.90768,56.867815],[35.907725,56.86793],[35.908053,56.867893]]]}},{"type":"Feature","properties":{"kind":"building","h":3.0},"geometry":{"type":"Polygon","coordinates":[[[35.902263,56.868587],[35.903158,56.868469],[35.903132,56.868403],[35.902231,56.86852],[35.902263,56.868587]]]}},{"type":"Feature","properties":{"kind":"building","h":9.0},"geometry":{"type":"Polygon","coordinates":[[[35.903848,56.866809],[35.903666,56.866834],[35.903626,56.866747],[35.903808,56.866722],[35.903848,56.866809]]]}},{"type":"Feature","properties":{"kind":"building","h":6.0},"geometry":{"type":"Polygon","coordinates":[[[35.912387,56.857237],[35.912469,56.857417],[35.912648,56.857393],[35.912566,56.857213],[35.912387,56.857237]]]}},{"type":"Feature","properties":{"kind":"building","h":9.0},"geometry":{"type":"Polygon","coordinates":[[[35.913147,56.857874],[35.913096,56.857881],[35.912993,56.857896],[35.912485,56.857967],[35.912458,56.857911],[35.912334,56.857928],[35.91219,56.857948],[35.912251,56.858076],[35.913205,56.857942],[35.913171,56.85787],[35.913147,56.857874]]]}},{"type":"Feature","properties":{"kind":"building","h":6.0},"geometry":{"type":"Polygon","coordinates":[[[35.9125,56.857059],[35.91257,56.857213],[35.912654,56.857201],[35.912584,56.857048],[35.9125,56.857059]]]}},{"type":"Feature","properties":{"kind":"building","h":6.0},"geometry":{"type":"Polygon","coordinates":[[[35.915502,56.855908],[35.915339,56.855932],[35.91542,56.8561],[35.915583,56.856076],[35.915502,56.855908]]]}},{"type":"Feature","properties":{"kind":"building","h":3.0},"geometry":{"type":"Polygon","coordinates":[[[35.882537,56.854577],[35.882405,56.854682],[35.882796,56.854838],[35.882932,56.854733],[35.882537,56.854577]]]}},{"type":"Feature","properties":{"kind":"building","h":3.0},"geometry":{"type":"Polygon","coordinates":[[[35.88195,56.854715],[35.881734,56.854874],[35.881845,56.854916],[35.88205,56.854758],[35.88195,56.854715]]]}},{"type":"Feature","properties":{"kind":"building","h":3.0},"geometry":{"type":"Polygon","coordinates":[[[35.88145,56.854939],[35.881221,56.855111],[35.881507,56.855222],[35.88162,56.855137],[35.881463,56.855075],[35.881581,56.854987],[35.88145,56.854939]]]}},{"type":"Feature","properties":{"kind":"building","h":3.0},"geometry":{"type":"Polygon","coordinates":[[[35.884483,56.854204],[35.884176,56.854394],[35.88441,56.854503],[35.884512,56.854435],[35.884416,56.854389],[35.884603,56.854264],[35.884483,56.854204]]]}},{"type":"Feature","properties":{"kind":"building","h":6.0},"geometry":{"type":"Polygon","coordinates":[[[35.915444,56.856478],[35.915502,56.85659],[35.915986,56.856517],[35.915967,56.856484],[35.915927,56.856405],[35.915444,56.856478]]]}},{"type":"Feature","properties":{"kind":"building","h":9.0},"geometry":{"type":"Polygon","coordinates":[[[35.918169,56.854613],[35.918077,56.854405],[35.918228,56.854386],[35.918298,56.854399],[35.91838,56.854585],[35.918169,56.854613]]]}},{"type":"Feature","properties":{"kind":"building","h":9.0},"geometry":{"type":"Polygon","coordinates":[[[35.901887,56.862188],[35.902378,56.862262],[35.902329,56.862361],[35.901838,56.862287],[35.901887,56.862188]]]}},{"type":"Feature","properties":{"kind":"building","h":9.0},"geometry":{"type":"Polygon","coordinates":[[[35.901352,56.862041],[35.902045,56.861978],[35.902088,56.862121],[35.901395,56.862184],[35.901352,56.862041]]]}},{"type":"Feature","properties":{"kind":"building","h":9.0},"geometry":{"type":"Polygon","coordinates":[[[35.906204,56.86183],[35.906173,56.861767],[35.905799,56.861822],[35.905889,56.862003],[35.906007,56.861986],[35.905949,56.861868],[35.906204,56.86183]]]}},{"type":"Feature","properties":{"kind":"building","h":9.0},"geometry":{"type":"Polygon","coordinates":[[[35.905955,56.862103],[35.905545,56.862188],[35.905661,56.862346],[35.906062,56.862262],[35.905955,56.862103]]]}},{"type":"Feature","properties":{"kind":"building","h":6.0},"geometry":{"type":"Polygon","coordinates":[[[35.921697,56.854413],[35.921617,56.854262],[35.921766,56.854238],[35.921812,56.854326],[35.92192,56.854309],[35.921953,56.854373],[35.921697,56.854413]]]}},{"type":"Feature","properties":{"kind":"building","h":6.0},"geometry":{"type":"Polygon","coordinates":[[[35.921979,56.854345],[35.921927,56.854239],[35.922179,56.854202],[35.922231,56.854308],[35.921979,56.854345]]]}},{"type":"Feature","properties":{"kind":"building","h":6.0},"geometry":{"type":"Polygon","coordinates":[[[35.889544,56.850009],[35.889652,56.849992],[35.889552,56.849796],[35.889444,56.849813],[35.889544,56.850009]]]}},{"type":"Feature","properties":{"kind":"building","h":9.0},"geometry":{"type":"Polygon","coordinates":[[[35.886925,56.851742],[35.886949,56.851869],[35.8871,56.85186],[35.88708,56.851733],[35.886925,56.851742]]]}},{"type":"Feature","properties":{"kind":"building","h":9.0},"geometry":{"type":"Polygon","coordinates":[[[35.887618,56.851168],[35.887631,56.851168],[35.887642,56.851166],[35.887649,56.851163],[35.887653,56.851159],[35.887654,56.851156],[35.887654,56.851153],[35.887654,56.851149],[35.887653,56.851147],[35.887651,56.851144],[35.887649,56.851142],[35.887645,56.85114],[35.88764,56.851139],[35.887628,56.851138],[35.887617,56.851139],[35.88761,56.851141],[35.887603,56.851144],[35.887601,56.851149],[35.887599,56.851155],[35.887603,56.851161],[35.88761,56.851165],[35.887618,56.851168]]]}},{"type":"Feature","properties":{"kind":"building","h":3.0},"geometry":{"type":"Polygon","coordinates":[[[35.917592,56.854886],[35.917732,56.854866],[35.917696,56.854791],[35.917556,56.854811],[35.917592,56.854886]]]}},{"type":"Feature","properties":{"kind":"building","h":3.0},"geometry":{"type":"Polygon","coordinates":[[[35.917961,56.854865],[35.918149,56.854839],[35.9181,56.85473],[35.917912,56.854755],[35.917961,56.854865]]]}},{"type":"Feature","properties":{"kind":"building","h":9.0},"geometry":{"type":"Polygon","coordinates":[[[35.918197,56.854824],[35.918343,56.854804],[35.918293,56.854701],[35.918148,56.854722],[35.918197,56.854824]]]}},{"type":"Feature","properties":{"kind":"building","h":3.0},"geometry":{"type":"Polygon","coordinates":[[[35.918428,56.85479],[35.918574,56.854769],[35.918524,56.854667],[35.918379,56.854688],[35.918428,56.85479]]]}},{"type":"Feature","properties":{"kind":"building","h":3.0},"geometry":{"type":"Polygon","coordinates":[[[35.918752,56.854745],[35.918897,56.854724],[35.918848,56.854621],[35.918703,56.854642],[35.918752,56.854745]]]}},{"type":"Feature","properties":{"kind":"building","h":9.0},"geometry":{"type":"Polygon","coordinates":[[[35.889892,56.850033],[35.889967,56.850552],[35.89032,56.850542],[35.890248,56.850014],[35.889892,56.850033]]]}},{"type":"Feature","properties":{"kind":"building","h":6.0},"geometry":{"type":"Polygon","coordinates":[[[35.921796,56.855393],[35.921927,56.855375],[35.921885,56.855283],[35.921754,56.855301],[35.921796,56.855393]]]}},{"type":"Feature","properties":{"kind":"building","h":3.0},"geometry":{"type":"Polygon","coordinates":[[[35.909703,56.851928],[35.909849,56.851909],[35.909802,56.8518],[35.909655,56.851819],[35.909703,56.851928]]]}},{"type":"Feature","properties":{"kind":"building","h":6.0},"geometry":{"type":"Polygon","coordinates":[[[35.910136,56.85187],[35.910008,56.851887],[35.909959,56.851776],[35.910087,56.851759],[35.910136,56.85187]]]}},{"type":"Feature","properties":{"kind":"building","h":3.0},"geometry":{"type":"Polygon","coordinates":[[[35.910302,56.851853],[35.910446,56.851834],[35.910408,56.851747],[35.910265,56.851765],[35.910302,56.851853]]]}},{"type":"Feature","properties":{"kind":"building","h":3.0},"geometry":{"type":"Polygon","coordinates":[[[35.908752,56.852054],[35.908602,56.852074],[35.908546,56.851952],[35.908696,56.851931],[35.908752,56.852054]]]}},{"type":"Feature","properties":{"kind":"building","h":6.0},"geometry":{"type":"Polygon","coordinates":[[[35.916933,56.854905],[35.917085,56.855267],[35.916795,56.855304],[35.916679,56.855026],[35.916726,56.854982],[35.916705,56.854934],[35.916933,56.854905]]]}},{"type":"Feature","properties":{"kind":"building","h":6.0},"geometry":{"type":"Polygon","coordinates":[[[35.917312,56.854935],[35.917468,56.854914],[35.917429,56.854828],[35.917273,56.854849],[35.917312,56.854935]]]}},{"type":"Feature","properties":{"kind":"building","h":15.0},"geometry":{"type":"Polygon","coordinates":[[[35.911875,56.850995],[35.911929,56.851103],[35.912136,56.851071],[35.912078,56.850954],[35.912359,56.850904],[35.912414,56.851026],[35.912631,56.850992],[35.912574,56.850873],[35.913086,56.850797],[35.913334,56.85129],[35.912817,56.851372],[35.912687,56.851344],[35.91275,56.851278],[35.912618,56.851255],[35.912558,56.85134],[35.912297,56.851376],[35.912168,56.851322],[35.912076,56.851381],[35.912191,56.851433],[35.9121,56.85148],[35.912162,56.851595],[35.912336,56.851482],[35.912609,56.851439],[35.912869,56.851491],[35.913471,56.851401],[35.913592,56.851344],[35.913572,56.851248],[35.913278,56.850681],[35.913282,56.850663],[35.913278,56.85065],[35.913265,56.850641],[35.913245,56.850634],[35.913216,56.850632],[35.91319,56.850635],[35.913166,56.850646],[35.913149,56.850662],[35.913106,56.850669],[35.913089,56.850633],[35.912737,56.850695],[35.912753,56.850718],[35.91254,56.850755],[35.91253,56.850734],[35.911702,56.850873],[35.911129,56.851011],[35.911103,56.851],[35.911077,56.850998],[35.911054,56.850998],[35.911032,56.851001],[35.911014,56.851006],[35.911001,56.851012],[35.910993,56.851019],[35.910989,56.85103],[35.910989,56.851041],[35.910991,56.85105],[35.910996,56.851058],[35.911013,56.85107],[35.911031,56.851076],[35.911169,56.851365],[35.911399,56.85133],[35.911303,56.851122],[35.911875,56.850995]]]}},{"type":"Feature","properties":{"kind":"building","h":15.0},"geometry":{"type":"Polygon","coordinates":[[[35.922843,56.850037],[35.922705,56.849886],[35.922457,56.849888],[35.922454,56.849855],[35.920984,56.849902],[35.921004,56.850034],[35.921765,56.850006],[35.922462,56.849985],[35.922469,56.85004],[35.922507,56.850039],[35.922511,56.850103],[35.922702,56.850098],[35.922703,56.850041],[35.922843,56.850037]]]}},{"type":"Feature","properties":{"kind":"building","h":9.0},"geometry":{"type":"Polygon","coordinates":[[[35.921702,56.850099],[35.92183,56.850477],[35.922087,56.850451],[35.921959,56.850073],[35.921702,56.850099]]]}},{"type":"Feature","properties":{"kind":"building","h":6.0},"geometry":{"type":"Polygon","coordinates":[[[35.922577,56.851109],[35.922742,56.851082],[35.922634,56.850884],[35.923024,56.85082],[35.92306,56.850885],[35.923214,56.85086],[35.923085,56.850623],[35.922928,56.850648],[35.922955,56.850698],[35.92256,56.850763],[35.922344,56.850482],[35.922196,56.850503],[35.922391,56.850783],[35.921924,56.850859],[35.922105,56.85119],[35.922258,56.851165],[35.922128,56.850925],[35.922448,56.850873],[35.922577,56.851109]]]}},{"type":"Feature","properties":{"kind":"building","h":12.0},"geometry":{"type":"Polygon","coordinates":[[[35.890761,56.853865],[35.890918,56.853756],[35.890335,56.853514],[35.890366,56.853491],[35.889752,56.853238],[35.889587,56.853354],[35.890198,56.853596],[35.890168,56.853616],[35.890761,56.853865]]]}},{"type":"Feature","properties":{"kind":"building","h":6.0},"geometry":{"type":"Polygon","coordinates":[[[35.89187,56.852621],[35.892033,56.852504],[35.891804,56.852405],[35.891648,56.85243],[35.891567,56.852494],[35.89187,56.852621]]]}},{"type":"Feature","properties":{"kind":"building","h":9.0},"geometry":{"type":"Polygon","coordinates":[[[35.891104,56.853526],[35.891273,56.853409],[35.89097,56.853278],[35.890801,56.853395],[35.891104,56.853526]]]}},{"type":"Feature","properties":{"kind":"building","h":12.0},"geometry":{"type":"Polygon","coordinates":[[[35.907171,56.860003],[35.907347,56.859977],[35.907454,56.859961],[35.907348,56.859749],[35.907546,56.85972],[35.907709,56.860048],[35.907404,56.860094],[35.907229,56.86012],[35.907171,56.860003]]]}},{"type":"Feature","properties":{"kind":"building","h":12.0},"geometry":{"type":"Polygon","coordinates":[[[35.907652,56.859934],[35.907958,56.859886],[35.907807,56.859594],[35.907957,56.859571],[35.908168,56.859979],[35.907878,56.860024],[35.907713,56.86005],[35.907652,56.859934]]]}},{"type":"Feature","properties":{"kind":"building","h":5.0},"geometry":{"type":"Polygon","coordinates":[[[35.902204,56.857403],[35.902391,56.857463],[35.902581,56.857287],[35.902395,56.857227],[35.902204,56.857403]]]}},{"type":"Feature","properties":{"kind":"building","h":3.0},"geometry":{"type":"Polygon","coordinates":[[[35.901856,56.857179],[35.90204,56.857225],[35.902146,56.8571],[35.901961,56.857053],[35.901856,56.857179]]]}},{"type":"Feature","properties":{"kind":"building","h":9.0},"geometry":{"type":"Polygon","coordinates":[[[35.902397,56.860486],[35.902901,56.860432],[35.902801,56.860148],[35.902599,56.860173],[35.902667,56.860365],[35.902366,56.860397],[35.902397,56.860486]]]}},{"type":"Feature","properties":{"kind":"building","h":3.0},"geometry":{"type":"Polygon","coordinates":[[[35.916474,56.853812],[35.916427,56.853716],[35.916536,56.8537],[35.916583,56.853796],[35.916474,56.853812]]]}},{"type":"Feature","properties":{"kind":"building","h":6.0},"geometry":{"type":"Polygon","coordinates":[[[35.88888,56.850064],[35.88937,56.849994],[35.889287,56.849822],[35.888798,56.849892],[35.88888,56.850064]]]}},{"type":"Feature","properties":{"kind":"building","h":6.0},"geometry":{"type":"Polygon","coordinates":[[[35.88799,56.850687],[35.888058,56.850684],[35.88805,56.850539],[35.88798,56.850542],[35.88799,56.850687]]]}},{"type":"Feature","properties":{"kind":"building","h":3.0},"geometry":{"type":"Polygon","coordinates":[[[35.92201,56.852899],[35.921908,56.852914],[35.921949,56.853],[35.922052,56.852985],[35.92201,56.852899]]]}},{"type":"Feature","properties":{"kind":"building","h":3.0},"geometry":{"type":"Polygon","coordinates":[[[35.921102,56.853034],[35.921137,56.85311],[35.921268,56.853092],[35.921233,56.853016],[35.921102,56.853034]]]}},{"type":"Feature","properties":{"kind":"building","h":3.0},"geometry":{"type":"Polygon","coordinates":[[[35.921399,56.852987],[35.921561,56.852966],[35.921603,56.853059],[35.921441,56.853081],[35.921399,56.852987]]]}},{"type":"Feature","properties":{"kind":"building","h":3.0},"geometry":{"type":"Polygon","coordinates":[[[35.921664,56.852947],[35.921709,56.853043],[35.921814,56.853028],[35.921769,56.852933],[35.921664,56.852947]]]}},{"type":"Feature","properties":{"kind":"building","h":6.0},"geometry":{"type":"Polygon","coordinates":[[[35.921515,56.852489],[35.921705,56.85246],[35.921757,56.852566],[35.921958,56.852536],[35.921906,56.852432],[35.922175,56.852392],[35.922226,56.852494],[35.922434,56.852463],[35.922383,56.85236],[35.922579,56.852331],[35.922497,56.852165],[35.922286,56.852197],[35.922339,56.852303],[35.922117,56.852336],[35.922066,56.852233],[35.921856,56.852264],[35.921907,56.852365],[35.921685,56.852399],[35.921635,56.852297],[35.921434,56.852327],[35.921515,56.852489]]]}},{"type":"Feature","properties":{"kind":"building","h":9.0},"geometry":{"type":"Polygon","coordinates":[[[35.920878,56.853184],[35.921041,56.853163],[35.920995,56.853054],[35.920832,56.853075],[35.920878,56.853184]]]}},{"type":"Feature","properties":{"kind":"building","h":18.0},"geometry":{"type":"Polygon","coordinates":[[[35.913696,56.853436],[35.913897,56.853895],[35.91417,56.853859],[35.913968,56.8534],[35.913696,56.853436]]]}},{"type":"Feature","properties":{"kind":"building","h":9.0},"geometry":{"type":"Polygon","coordinates":[[[35.905395,56.856361],[35.905588,56.856334],[35.905633,56.856431],[35.905441,56.856458],[35.905395,56.856361]]]}},{"type":"Feature","properties":{"kind":"building","h":9.0},"geometry":{"type":"Polygon","coordinates":[[[35.921403,56.868691],[35.921746,56.868698],[35.921754,56.868594],[35.92141,56.868587],[35.921403,56.868691]]]}},{"type":"Feature","properties":{"kind":"building","h":9.0},"geometry":{"type":"Polygon","coordinates":[[[35.8822,56.863365],[35.882194,56.86325],[35.882558,56.863244],[35.882564,56.863359],[35.882477,56.863361],[35.8822,56.863365]]]}},{"type":"Feature","properties":{"kind":"building","h":9.0},"geometry":{"type":"Polygon","coordinates":[[[35.880356,56.863395],[35.88035,56.863305],[35.880349,56.863281],[35.880699,56.863275],[35.880706,56.863388],[35.880356,56.863395]]]}},{"type":"Feature","properties":{"kind":"building","h":9.0},"geometry":{"type":"Polygon","coordinates":[[[35.900818,56.85988],[35.900759,56.85972],[35.901113,56.859679],[35.901175,56.85984],[35.900818,56.85988]]]}},{"type":"Feature","properties":{"kind":"building","h":6.0},"geometry":{"type":"Polygon","coordinates":[[[35.915847,56.854334],[35.916031,56.854306],[35.916191,56.854282],[35.916135,56.854172],[35.915791,56.854224],[35.915847,56.854334]]]}},{"type":"Feature","properties":{"kind":"building","h":6.0},"geometry":{"type":"Polygon","coordinates":[[[35.916478,56.854077],[35.91625,56.85411],[35.916314,56.85424],[35.916542,56.854207],[35.916478,56.854077]]]}},{"type":"Feature","properties":{"kind":"building","h":6.0},"geometry":{"type":"Polygon","coordinates":[[[35.916694,56.854188],[35.916924,56.854155],[35.916847,56.853996],[35.916617,56.854028],[35.916694,56.854188]]]}},{"type":"Feature","properties":{"kind":"building","h":9.0},"geometry":{"type":"Polygon","coordinates":[[[35.912023,56.856065],[35.911958,56.855939],[35.912328,56.855882],[35.912393,56.856008],[35.912023,56.856065]]]}},{"type":"Feature","properties":{"kind":"building","h":9.0},"geometry":{"type":"Polygon","coordinates":[[[35.909367,56.852006],[35.909588,56.851975],[35.909525,56.851843],[35.909305,56.851874],[35.909367,56.852006]]]}},{"type":"Feature","properties":{"kind":"building","h":9.0},"geometry":{"type":"Polygon","coordinates":[[[35.908491,56.851653],[35.908663,56.85163],[35.908605,56.851501],[35.908432,56.851524],[35.908491,56.851653]]]}},{"type":"Feature","properties":{"kind":"building","h":9.0},"geometry":{"type":"Polygon","coordinates":[[[35.909735,56.851571],[35.909869,56.851545],[35.909794,56.85143],[35.909661,56.851456],[35.909735,56.851571]]]}},{"type":"Feature","properties":{"kind":"building","h":9.0},"geometry":{"type":"Polygon","coordinates":[[[35.921847,56.868612],[35.921855,56.868517],[35.922364,56.86853],[35.922351,56.868626],[35.921847,56.868612]]]}},{"type":"Feature","properties":{"kind":"building","h":9.0},"geometry":{"type":"Polygon","coordinates":[[[35.921961,56.868177],[35.921941,56.868106],[35.922168,56.868077],[35.922193,56.868148],[35.921961,56.868177]]]}},{"type":"Feature","properties":{"kind":"building","h":15.0},"geometry":{"type":"Polygon","coordinates":[[[35.884563,56.860999],[35.884721,56.860888],[35.884842,56.860862],[35.884988,56.860923],[35.884916,56.860975],[35.885155,56.861075],[35.88508,56.861129],[35.885157,56.861161],[35.885079,56.861217],[35.884563,56.860999]]]}},{"type":"Feature","properties":{"kind":"building","h":6.0},"geometry":{"type":"Polygon","coordinates":[[[35.88421,56.86084],[35.884362,56.860906],[35.884507,56.860806],[35.884355,56.86074],[35.88421,56.86084]]]}},{"type":"Feature","properties":{"kind":"building","h":9.0},"geometry":{"type":"Polygon","coordinates":[[[35.912934,56.857613],[35.912858,56.857453],[35.91304,56.857427],[35.913116,56.857586],[35.912934,56.857613]]]}},{"type":"Feature","properties":{"kind":"building","h":9.0},"geometry":{"type":"Polygon","coordinates":[[[35.90995,56.857967],[35.909924,56.857897],[35.910142,56.857872],[35.91011,56.857786],[35.910338,56.857761],[35.910396,56.857918],[35.90995,56.857967]]]}},{"type":"Feature","properties":{"kind":"building","h":9.0},"geometry":{"type":"Polygon","coordinates":[[[35.909376,56.857926],[35.909333,56.857835],[35.909441,56.85782],[35.909483,56.857912],[35.909376,56.857926]]]}},{"type":"Feature","properties":{"kind":"building","h":9.0},"geometry":{"type":"Polygon","coordinates":[[[35.911833,56.851646],[35.911788,56.851553],[35.912051,56.851515],[35.912096,56.851608],[35.911833,56.851646]]]}},{"type":"Feature","properties":{"kind":"building","h":9.0},"geometry":{"type":"Polygon","coordinates":[[[35.884046,56.855945],[35.883884,56.856059],[35.884136,56.856167],[35.884298,56.856053],[35.884046,56.855945]]]}},{"type":"Feature","properties":{"kind":"building","h":9.0},"geometry":{"type":"Polygon","coordinates":[[[35.911176,56.868721],[35.911005,56.868744],[35.910981,56.868691],[35.910943,56.868697],[35.910917,56.868641],[35.911109,56.868615],[35.911066,56.86852],[35.910919,56.86854],[35.91087,56.86843],[35.911058,56.868405],[35.91108,56.868451],[35.911191,56.868436],[35.911169,56.868387],[35.911346,56.868363],[35.911397,56.868476],[35.91125,56.868496],[35.911292,56.868589],[35.911465,56.868566],[35.911493,56.868629],[35.911436,56.868637],[35.911459,56.868687],[35.911296,56.868709],[35.911272,56.868657],[35.911155,56.868673],[35.911176,56.868721]]]}},{"type":"Feature","properties":{"kind":"building","h":9.0},"geometry":{"type":"Polygon","coordinates":[[[35.909742,56.868503],[35.909572,56.868526],[35.909546,56.868466],[35.909489,56.868474],[35.909464,56.868415],[35.90966,56.868389],[35.909619,56.868297],[35.909484,56.868315],[35.909433,56.868201],[35.909599,56.868179],[35.909622,56.868231],[35.909745,56.868214],[35.909723,56.868164],[35.909909,56.868139],[35.909959,56.868252],[35.90979,56.868275],[35.90983,56.868366],[35.910011,56.868342],[35.910038,56.868403],[35.909976,56.868412],[35.909998,56.868462],[35.909854,56.868482],[35.90983,56.868428],[35.909716,56.868443],[35.909742,56.868503]]]}},{"type":"Feature","properties":{"kind":"building","h":9.0},"geometry":{"type":"Polygon","coordinates":[[[35.909137,56.867368],[35.908924,56.867395],[35.908908,56.867358],[35.908675,56.867387],[35.90869,56.867423],[35.90844,56.867455],[35.908371,56.867292],[35.909066,56.867204],[35.909137,56.867368]]]}},{"type":"Feature","properties":{"kind":"building","h":9.0},"geometry":{"type":"Polygon","coordinates":[[[35.909297,56.867588],[35.908422,56.867695],[35.908378,56.867588],[35.909253,56.867481],[35.909297,56.867588]]]}},{"type":"Feature","properties":{"kind":"building","h":9.0},"geometry":{"type":"Polygon","coordinates":[[[35.909495,56.867847],[35.908581,56.867953],[35.908544,56.867858],[35.909458,56.867752],[35.909495,56.867847]]]}},{"type":"Feature","properties":{"kind":"building","h":3.0},"geometry":{"type":"Polygon","coordinates":[[[35.905835,56.857171],[35.905716,56.85691],[35.905814,56.856897],[35.905933,56.857158],[35.905835,56.857171]]]}},{"type":"Feature","properties":{"kind":"building","h":9.0},"geometry":{"type":"Polygon","coordinates":[[[35.917549,56.867991],[35.917491,56.868176],[35.917982,56.868221],[35.91804,56.868037],[35.917549,56.867991]]]}},{"type":"Feature","properties":{"kind":"building","h":9.0},"geometry":{"type":"Polygon","coordinates":[[[35.914709,56.868028],[35.91482,56.868014],[35.914792,56.867947],[35.914681,56.867961],[35.914709,56.868028]]]}},{"type":"Feature","properties":{"kind":"building","h":6.0},"geometry":{"type":"Polygon","coordinates":[[[35.893702,56.859782],[35.893742,56.859753],[35.893609,56.859699],[35.893548,56.859743],[35.893621,56.859773],[35.893642,56.859758],[35.893702,56.859782]]]}},{"type":"Feature","properties":{"kind":"building","h":9.0},"geometry":{"type":"Polygon","coordinates":[[[35.895054,56.859685],[35.89542,56.859428],[35.895536,56.859477],[35.89517,56.859735],[35.895054,56.859685]]]}},{"type":"Feature","properties":{"kind":"building","h":9.0},"geometry":{"type":"Polygon","coordinates":[[[35.893734,56.859724],[35.893877,56.859624],[35.894057,56.859701],[35.894077,56.859709],[35.893934,56.859809],[35.893734,56.859724]]]}},{"type":"Feature","properties":{"kind":"building","h":9.0},"geometry":{"type":"Polygon","coordinates":[[[35.894057,56.859701],[35.894194,56.859607],[35.894051,56.859545],[35.893986,56.859516],[35.893848,56.85961],[35.893877,56.859624],[35.894057,56.859701]]]}},{"type":"Feature","properties":{"kind":"building","h":9.0},"geometry":{"type":"Polygon","coordinates":[[[35.894194,56.859607],[35.894365,56.85949],[35.894223,56.859428],[35.894051,56.859545],[35.894194,56.859607]]]}},{"type":"Feature","properties":{"kind":"building","h":9.0},"geometry":{"type":"Polygon","coordinates":[[[35.894235,56.858942],[35.894449,56.859026],[35.8947,56.858835],[35.894486,56.858751],[35.894235,56.858942]]]}},{"type":"Feature","properties":{"kind":"building","h":9.0},"geometry":{"type":"Polygon","coordinates":[[[35.893689,56.858696],[35.89389,56.858782],[35.894003,56.858703],[35.893802,56.858617],[35.893689,56.858696]]]}},{"type":"Feature","properties":{"kind":"building","h":9.0},"geometry":{"type":"Polygon","coordinates":[[[35.894045,56.858532],[35.894113,56.858485],[35.894268,56.858553],[35.8942,56.8586],[35.894045,56.858532]]]}},{"type":"Feature","properties":{"kind":"building","h":9.0},"geometry":{"type":"Polygon","coordinates":[[[35.894883,56.858512],[35.894581,56.858744],[35.894835,56.858843],[35.894903,56.858789],[35.894776,56.85874],[35.895136,56.858463],[35.895069,56.858437],[35.894941,56.858534],[35.894883,56.858512]]]}},{"type":"Feature","properties":{"kind":"building","h":9.0},"geometry":{"type":"Polygon","coordinates":[[[35.892393,56.858315],[35.892487,56.858357],[35.892896,56.858084],[35.892801,56.858042],[35.892393,56.858315]]]}},{"type":"Feature","properties":{"kind":"building","h":9.0},"geometry":{"type":"Polygon","coordinates":[[[35.88806,56.86038],[35.88844,56.860106],[35.888931,56.86031],[35.888551,56.860583],[35.88806,56.86038]]]}},{"type":"Feature","properties":{"kind":"building","h":6.0},"geometry":{"type":"Polygon","coordinates":[[[35.918591,56.855215],[35.918747,56.855192],[35.918703,56.855104],[35.918547,56.855127],[35.918591,56.855215]]]}},{"type":"Feature","properties":{"kind":"building","h":9.0},"geometry":{"type":"Polygon","coordinates":[[[35.919177,56.855145],[35.919272,56.85513],[35.91923,56.855049],[35.919135,56.855064],[35.919177,56.855145]]]}},{"type":"Feature","properties":{"kind":"building","h":9.0},"geometry":{"type":"Polygon","coordinates":[[[35.921866,56.854769],[35.922145,56.854729],[35.922058,56.85455],[35.921779,56.854591],[35.921866,56.854769]]]}},{"type":"Feature","properties":{"kind":"building","h":3.0},"geometry":{"type":"Polygon","coordinates":[[[35.913608,56.854187],[35.913494,56.854203],[35.913631,56.854483],[35.913583,56.85449],[35.913606,56.854538],[35.913521,56.85455],[35.913637,56.854787],[35.913884,56.85475],[35.913608,56.854187]]]}},{"type":"Feature","properties":{"kind":"building","h":6.0},"geometry":{"type":"Polygon","coordinates":[[[35.892775,56.858465],[35.892919,56.858364],[35.893107,56.858444],[35.892963,56.858545],[35.892775,56.858465]]]}},{"type":"Feature","properties":{"kind":"building","h":9.0},"geometry":{"type":"Polygon","coordinates":[[[35.893174,56.858412],[35.893295,56.858328],[35.893032,56.858215],[35.892911,56.858299],[35.893174,56.858412]]]}},{"type":"Feature","properties":{"kind":"building","h":9.0},"geometry":{"type":"Polygon","coordinates":[[[35.905167,56.856264],[35.905047,56.856048],[35.905548,56.855965],[35.9057,56.856239],[35.905391,56.85629],[35.905358,56.856232],[35.905167,56.856264]]]}},{"type":"Feature","properties":{"kind":"building","h":18.0},"geometry":{"type":"Polygon","coordinates":[[[35.906377,56.855782],[35.906592,56.855753],[35.906535,56.855632],[35.906396,56.855335],[35.906378,56.855311],[35.906344,56.855293],[35.906315,56.855278],[35.906283,56.855267],[35.906216,56.855254],[35.906148,56.855249],[35.906085,56.85526],[35.906022,56.855286],[35.906083,56.855308],[35.906184,56.855524],[35.906141,56.85553],[35.906209,56.855676],[35.906249,56.855761],[35.90636,56.855746],[35.906377,56.855782]]]}},{"type":"Feature","properties":{"kind":"building","h":3.0},"geometry":{"type":"Polygon","coordinates":[[[35.904977,56.856311],[35.904811,56.855978],[35.904929,56.855961],[35.905094,56.856294],[35.904977,56.856311]]]}},{"type":"Feature","properties":{"kind":"building","h":9.0},"geometry":{"type":"Polygon","coordinates":[[[35.904904,56.855902],[35.904879,56.85585],[35.905105,56.855818],[35.90513,56.855869],[35.904904,56.855902]]]}},{"type":"Feature","properties":{"kind":"building","h":9.0},"geometry":{"type":"Polygon","coordinates":[[[35.905195,56.855857],[35.905171,56.855806],[35.905367,56.855778],[35.905391,56.85583],[35.905195,56.855857]]]}},{"type":"Feature","properties":{"kind":"building","h":9.0},"geometry":{"type":"Polygon","coordinates":[[[35.897969,56.8565],[35.898037,56.856453],[35.898228,56.856537],[35.89816,56.856583],[35.897969,56.8565]]]}},{"type":"Feature","properties":{"kind":"building","h":9.0},"geometry":{"type":"Polygon","coordinates":[[[35.898468,56.856794],[35.898622,56.856844],[35.898796,56.856682],[35.898642,56.856633],[35.898468,56.856794]]]}},{"type":"Feature","properties":{"kind":"building","h":9.0},"geometry":{"type":"Polygon","coordinates":[[[35.896942,56.854884],[35.897027,56.854922],[35.897336,56.854715],[35.897252,56.854677],[35.896942,56.854884]]]}},{"type":"Feature","properties":{"kind":"building","h":3.0},"geometry":{"type":"Polygon","coordinates":[[[35.897892,56.85508],[35.89803,56.854986],[35.89785,56.854907],[35.897712,56.855001],[35.897892,56.85508]]]}},{"type":"Feature","properties":{"kind":"building","h":9.0},"geometry":{"type":"Polygon","coordinates":[[[35.897916,56.854716],[35.898014,56.854705],[35.897951,56.854539],[35.897852,56.85455],[35.897916,56.854716]]]}},{"type":"Feature","properties":{"kind":"building","h":9.0},"geometry":{"type":"Polygon","coordinates":[[[35.898058,56.854698],[35.898156,56.854686],[35.898093,56.85452],[35.897994,56.854532],[35.898058,56.854698]]]}},{"type":"Feature","properties":{"kind":"building","h":9.0},"geometry":{"type":"Polygon","coordinates":[[[35.897823,56.854466],[35.897922,56.854454],[35.897858,56.854288],[35.89776,56.8543],[35.897823,56.854466]]]}},{"type":"Feature","properties":{"kind":"building","h":9.0},"geometry":{"type":"Polygon","coordinates":[[[35.897967,56.85445],[35.898065,56.854439],[35.898002,56.854273],[35.897904,56.854284],[35.897967,56.85445]]]}},{"type":"Feature","properties":{"kind":"building","h":9.0},"geometry":{"type":"Polygon","coordinates":[[[35.897731,56.854223],[35.897829,56.854212],[35.897766,56.854046],[35.897667,56.854057],[35.897731,56.854223]]]}},{"type":"Feature","properties":{"kind":"building","h":9.0},"geometry":{"type":"Polygon","coordinates":[[[35.897871,56.854206],[35.89797,56.854195],[35.897906,56.854029],[35.897808,56.85404],[35.897871,56.854206]]]}},{"type":"Feature","properties":{"kind":"building","h":9.0},"geometry":{"type":"Polygon","coordinates":[[[35.898025,56.854189],[35.898124,56.854177],[35.89806,56.854011],[35.897962,56.854023],[35.898025,56.854189]]]}},{"type":"Feature","properties":{"kind":"building","h":9.0},"geometry":{"type":"Polygon","coordinates":[[[35.897645,56.854008],[35.897744,56.853997],[35.897691,56.853855],[35.897592,56.853866],[35.897645,56.854008]]]}},{"type":"Feature","properties":{"kind":"building","h":9.0},"geometry":{"type":"Polygon","coordinates":[[[35.89812,56.853953],[35.898098,56.853899],[35.897778,56.853938],[35.8978,56.853991],[35.89812,56.853953]]]}},{"type":"Feature","properties":{"kind":"building","h":9.0},"geometry":{"type":"Polygon","coordinates":[[[35.898088,56.853868],[35.898067,56.853814],[35.897747,56.853853],[35.897768,56.853906],[35.898088,56.853868]]]}},{"type":"Feature","properties":{"kind":"building","h":9.0},"geometry":{"type":"Polygon","coordinates":[[[35.911756,56.861673],[35.911658,56.861336],[35.911873,56.861313],[35.911845,56.861267],[35.912004,56.86123],[35.912111,56.861188],[35.912146,56.861245],[35.912085,56.861289],[35.912169,56.861322],[35.912216,56.861447],[35.912141,56.861517],[35.911971,56.861536],[35.911924,56.86138],[35.911838,56.861389],[35.911903,56.8616],[35.912317,56.86156],[35.912331,56.861614],[35.911756,56.861673]]]}},{"type":"Feature","properties":{"kind":"building","h":3.0},"geometry":{"type":"Polygon","coordinates":[[[35.916559,56.859866],[35.916499,56.859817],[35.916821,56.859699],[35.916773,56.859556],[35.916861,56.859547],[35.916924,56.859731],[35.916559,56.859866]]]}},{"type":"Feature","properties":{"kind":"building","h":9.0},"geometry":{"type":"Polygon","coordinates":[[[35.916066,56.859984],[35.916002,56.859858],[35.916196,56.859802],[35.916364,56.859942],[35.916124,56.860022],[35.916066,56.859984]]]}},{"type":"Feature","properties":{"kind":"building","h":3.0},"geometry":{"type":"Polygon","coordinates":[[[35.916144,56.860601],[35.916115,56.860549],[35.916325,56.860514],[35.916354,56.860567],[35.916144,56.860601]]]}},{"type":"Feature","properties":{"kind":"building","h":3.0},"geometry":{"type":"Polygon","coordinates":[[[35.916701,56.860322],[35.916655,56.860217],[35.916888,56.860163],[35.91694,56.860172],[35.916984,56.860286],[35.916701,56.860322]]]}},{"type":"Feature","properties":{"kind":"building","h":9.0},"geometry":{"type":"Polygon","coordinates":[[[35.921616,56.865351],[35.921616,56.865295],[35.921723,56.865295],[35.921723,56.865351],[35.921616,56.865351]]]}},{"type":"Feature","properties":{"kind":"building","h":9.0},"geometry":{"type":"Polygon","coordinates":[[[35.921912,56.865892],[35.921911,56.865904],[35.921904,56.865915],[35.921891,56.865924],[35.921873,56.86593],[35.921852,56.865934],[35.921831,56.865933],[35.92181,56.865929],[35.921793,56.865922],[35.92178,56.865911],[35.921775,56.865898],[35.921778,56.865885],[35.921789,56.865874],[35.921807,56.865865],[35.921828,56.86586],[35.921852,56.865859],[35.921875,56.865863],[35.921894,56.865871],[35.921906,56.865881],[35.921912,56.865892]]]}},{"type":"Feature","properties":{"kind":"building","h":9.0},"geometry":{"type":"Polygon","coordinates":[[[35.895564,56.857833],[35.895699,56.857888],[35.895934,56.857718],[35.895799,56.857663],[35.895564,56.857833]]]}},{"type":"Feature","properties":{"kind":"building","h":9.0},"geometry":{"type":"Polygon","coordinates":[[[35.895966,56.857693],[35.896163,56.857551],[35.896034,56.857498],[35.895838,56.85764],[35.895966,56.857693]]]}},{"type":"Feature","properties":{"kind":"building","h":9.0},"geometry":{"type":"Polygon","coordinates":[[[35.896641,56.857749],[35.896789,56.857808],[35.896936,56.857698],[35.896217,56.85741],[35.896115,56.857487],[35.896686,56.857716],[35.896641,56.857749]]]}},{"type":"Feature","properties":{"kind":"building","h":6.0},"geometry":{"type":"Polygon","coordinates":[[[35.888022,56.855141],[35.888164,56.855199],[35.887922,56.855377],[35.88778,56.855319],[35.888022,56.855141]]]}},{"type":"Feature","properties":{"kind":"building","h":9.0},"geometry":{"type":"Polygon","coordinates":[[[35.916142,56.850986],[35.916276,56.850965],[35.916244,56.850903],[35.916109,56.850924],[35.916142,56.850986]]]}},{"type":"Feature","properties":{"kind":"building","h":9.0},"geometry":{"type":"Polygon","coordinates":[[[35.916095,56.850891],[35.91623,56.850871],[35.916179,56.850765],[35.916043,56.850785],[35.916095,56.850891]]]}},{"type":"Feature","properties":{"kind":"building","h":9.0},"geometry":{"type":"Polygon","coordinates":[[[35.914109,56.85117],[35.914241,56.851147],[35.914142,56.850977],[35.914143,56.850978],[35.914011,56.851001],[35.914109,56.85117]]]}},{"type":"Feature","properties":{"kind":"building","h":6.0},"geometry":{"type":"Polygon","coordinates":[[[35.914595,56.851233],[35.914774,56.851207],[35.914711,56.851079],[35.914532,56.851106],[35.914595,56.851233]]]}},{"type":"Feature","properties":{"kind":"building","h":9.0},"geometry":{"type":"Polygon","coordinates":[[[35.914387,56.851269],[35.91418,56.851303],[35.914112,56.85118],[35.914221,56.851162],[35.914259,56.851229],[35.914356,56.851213],[35.914387,56.851269]]]}},{"type":"Feature","properties":{"kind":"building","h":3.0},"geometry":{"type":"Polygon","coordinates":[[[35.914768,56.851067],[35.914915,56.851047],[35.914887,56.850986],[35.91474,56.851006],[35.914768,56.851067]]]}},{"type":"Feature","properties":{"kind":"building","h":3.0},"geometry":{"type":"Polygon","coordinates":[[[35.914847,56.851458],[35.914789,56.851331],[35.91517,56.85128],[35.91522,56.851376],[35.915107,56.851418],[35.914847,56.851458]]]}},{"type":"Feature","properties":{"kind":"building","h":9.0},"geometry":{"type":"Polygon","coordinates":[[[35.911555,56.852999],[35.911515,56.852916],[35.911699,56.852889],[35.911739,56.852973],[35.911555,56.852999]]]}},{"type":"Feature","properties":{"kind":"building","h":9.0},"geometry":{"type":"Polygon","coordinates":[[[35.910549,56.852469],[35.910774,56.852436],[35.910953,56.852799],[35.910728,56.852832],[35.910549,56.852469]]]}},{"type":"Feature","properties":{"kind":"building","h":9.0},"geometry":{"type":"Polygon","coordinates":[[[35.910793,56.85311],[35.910717,56.852955],[35.911047,56.852906],[35.911124,56.853061],[35.910793,56.85311]]]}},{"type":"Feature","properties":{"kind":"building","h":9.0},"geometry":{"type":"Polygon","coordinates":[[[35.910396,56.853035],[35.910301,56.852847],[35.910572,56.852806],[35.910667,56.852995],[35.910396,56.853035]]]}},{"type":"Feature","properties":{"kind":"building","h":3.0},"geometry":{"type":"Polygon","coordinates":[[[35.901993,56.857048],[35.902033,56.857001],[35.902167,56.857036],[35.902127,56.857082],[35.901993,56.857048]]]}},{"type":"Feature","properties":{"kind":"building","h":3.0},"geometry":{"type":"Polygon","coordinates":[[[35.900875,56.857566],[35.900929,56.8574],[35.901131,56.85742],[35.9011,56.857518],[35.901584,56.857565],[35.901562,56.857633],[35.900875,56.857566]]]}},{"type":"Feature","properties":{"kind":"building","h":2.0},"geometry":{"type":"Polygon","coordinates":[[[35.902197,56.8574],[35.902366,56.857245],[35.902299,56.857224],[35.90213,56.857379],[35.902197,56.8574]]]}},{"type":"Feature","properties":{"kind":"building","h":3.0},"geometry":{"type":"Polygon","coordinates":[[[35.902086,56.856395],[35.902129,56.856349],[35.902546,56.856465],[35.902503,56.856511],[35.902086,56.856395]]]}},{"type":"Feature","properties":{"kind":"building","h":9.0},"geometry":{"type":"Polygon","coordinates":[[[35.902835,56.856866],[35.902929,56.856893],[35.903163,56.856655],[35.90307,56.856628],[35.902835,56.856866]]]}},{"type":"Feature","properties":{"kind":"building","h":9.0},"geometry":{"type":"Polygon","coordinates":[[[35.900298,56.857968],[35.900454,56.857986],[35.900507,56.857849],[35.900351,56.857831],[35.900298,56.857968]]]}},{"type":"Feature","properties":{"kind":"building","h":9.0},"geometry":{"type":"Polygon","coordinates":[[[35.900679,56.858677],[35.900699,56.858621],[35.901052,56.85866],[35.901031,56.858716],[35.900679,56.858677]]]}},{"type":"Feature","properties":{"kind":"building","h":9.0},"geometry":{"type":"Polygon","coordinates":[[[35.881958,56.856811],[35.881732,56.856715],[35.881878,56.856612],[35.882103,56.856708],[35.881958,56.856811]]]}},{"type":"Feature","properties":{"kind":"building","h":9.0},"geometry":{"type":"Polygon","coordinates":[[[35.901514,56.858073],[35.901427,56.858294],[35.901255,56.858151],[35.9012,56.858145],[35.901237,56.858043],[35.901514,56.858073]]]}},{"type":"Feature","properties":{"kind":"building","h":9.0},"geometry":{"type":"Polygon","coordinates":[[[35.901984,56.858042],[35.901976,56.858047],[35.901965,56.858051],[35.901953,56.858053],[35.901941,56.858052],[35.901929,56.858049],[35.901921,56.858044],[35.901916,56.858037],[35.901915,56.858031],[35.901918,56.858025],[35.901924,56.858019],[35.901932,56.858016],[35.901943,56.858013],[35.901955,56.858013],[35.901966,56.858014],[35.901975,56.858018],[35.901983,56.858022],[35.901987,56.858028],[35.901987,56.858035],[35.901984,56.858042]]]}},{"type":"Feature","properties":{"kind":"building","h":20.0},"geometry":{"type":"Polygon","coordinates":[[[35.91352,56.860892],[35.913869,56.860842],[35.913844,56.86079],[35.913963,56.860773],[35.913986,56.860759],[35.913996,56.86074],[35.913995,56.86072],[35.913982,56.860702],[35.913959,56.860687],[35.913929,56.860681],[35.9138,56.860699],[35.913775,56.860646],[35.913427,56.860696],[35.91352,56.860892]]]}},{"type":"Feature","properties":{"kind":"building","h":9.0},"geometry":{"type":"Polygon","coordinates":[[[35.913227,56.860792],[35.913322,56.860779],[35.913382,56.86091],[35.913288,56.860923],[35.913227,56.860792]]]}},{"type":"Feature","properties":{"kind":"building","h":9.0},"geometry":{"type":"Polygon","coordinates":[[[35.913431,56.860968],[35.913634,56.860938],[35.913739,56.861153],[35.913593,56.861174],[35.913517,56.861018],[35.91346,56.861027],[35.913431,56.860968]]]}},{"type":"Feature","properties":{"kind":"building","h":3.0},"geometry":{"type":"Polygon","coordinates":[[[35.903619,56.86771],[35.903601,56.867663],[35.903714,56.86765],[35.903727,56.867698],[35.903619,56.86771]]]}},{"type":"Feature","properties":{"kind":"building","h":9.0},"geometry":{"type":"Polygon","coordinates":[[[35.884989,56.868255],[35.885133,56.868221],[35.885074,56.868147],[35.88493,56.868181],[35.884989,56.868255]]]}},{"type":"Feature","properties":{"kind":"building","h":9.0},"geometry":{"type":"Polygon","coordinates":[[[35.902678,56.862186],[35.902674,56.862203],[35.902662,56.862218],[35.902642,56.86223],[35.902615,56.862238],[35.902586,56.862242],[35.902556,56.86224],[35.902528,56.862233],[35.902506,56.862222],[35.902491,56.862206],[35.902486,56.862188],[35.902493,56.86217],[35.90251,56.862155],[35.902536,56.862143],[35.902567,56.862138],[35.9026,56.862138],[35.902631,56.862144],[35.902656,56.862156],[35.902671,56.86217],[35.902678,56.862186]]]}},{"type":"Feature","properties":{"kind":"building","h":6.0},"geometry":{"type":"Polygon","coordinates":[[[35.903524,56.862204],[35.903536,56.862226],[35.903534,56.862249],[35.903519,56.86227],[35.903492,56.862288],[35.903456,56.8623],[35.903415,56.862305],[35.903373,56.862303],[35.903335,56.862294],[35.903302,56.862277],[35.903282,56.862256],[35.903275,56.862232],[35.903524,56.862204]]]}},{"type":"Feature","properties":{"kind":"building","h":9.0},"geometry":{"type":"Polygon","coordinates":[[[35.908046,56.855198],[35.908137,56.855184],[35.908178,56.855266],[35.908088,56.855279],[35.908046,56.855198]]]}},{"type":"Feature","properties":{"kind":"building","h":9.0},"geometry":{"type":"Polygon","coordinates":[[[35.899041,56.866413],[35.899088,56.866528],[35.899393,56.866491],[35.899345,56.866375],[35.899041,56.866413]]]}},{"type":"Feature","properties":{"kind":"building","h":9.0},"geometry":{"type":"Polygon","coordinates":[[[35.899626,56.866333],[35.8996,56.866342],[35.899581,56.866355],[35.899571,56.86637],[35.899571,56.866387],[35.89958,56.866402],[35.899598,56.866416],[35.899623,56.866425],[35.899652,56.866429],[35.899682,56.866428],[35.89971,56.866422],[35.899733,56.866411],[35.899747,56.866396],[35.899753,56.86638],[35.899748,56.866364],[35.899734,56.866349],[35.899712,56.866338],[35.899685,56.866331],[35.899655,56.866329],[35.899626,56.866333]]]}},{"type":"Feature","properties":{"kind":"building","h":9.0},"geometry":{"type":"Polygon","coordinates":[[[35.88391,56.869222],[35.884104,56.86919],[35.884058,56.869107],[35.883865,56.869138],[35.88391,56.869222]]]}},{"type":"Feature","properties":{"kind":"building","h":6.0},"geometry":{"type":"Polygon","coordinates":[[[35.883231,56.869719],[35.883289,56.869831],[35.883586,56.869785],[35.883527,56.869673],[35.883231,56.869719]]]}},{"type":"Feature","properties":{"kind":"building","h":3.0},"geometry":{"type":"Polygon","coordinates":[[[35.900845,56.853636],[35.900956,56.853615],[35.900843,56.853436],[35.900732,56.853456],[35.900845,56.853636]]]}},{"type":"Feature","properties":{"kind":"building","h":9.0},"geometry":{"type":"Polygon","coordinates":[[[35.884055,56.852426],[35.884172,56.852409],[35.884035,56.852131],[35.883919,56.852148],[35.884055,56.852426]]]}},{"type":"Feature","properties":{"kind":"building","h":9.0},"geometry":{"type":"Polygon","coordinates":[[[35.91472,56.857138],[35.914669,56.857034],[35.915193,56.856956],[35.915216,56.856953],[35.915226,56.856973],[35.915267,56.857056],[35.91472,56.857138]]]}},{"type":"Feature","properties":{"kind":"building","h":9.0},"geometry":{"type":"Polygon","coordinates":[[[35.91579,56.856738],[35.915768,56.856698],[35.915897,56.856677],[35.915918,56.856717],[35.91579,56.856738]]]}},{"type":"Feature","properties":{"kind":"building","h":9.0},"geometry":{"type":"Polygon","coordinates":[[[35.916282,56.857775],[35.916373,56.857762],[35.916343,56.857698],[35.916336,56.857683],[35.916244,56.857696],[35.916263,56.857738],[35.916282,56.857775]]]}},{"type":"Feature","properties":{"kind":"building","h":9.0},"geometry":{"type":"Polygon","coordinates":[[[35.902099,56.860833],[35.902063,56.860729],[35.902048,56.860687],[35.902007,56.860691],[35.901982,56.860619],[35.902203,56.860596],[35.902236,56.860688],[35.902534,56.860657],[35.902528,56.860639],[35.902707,56.86062],[35.902758,56.860764],[35.902578,56.860783],[35.90228,56.860814],[35.902099,56.860833]]]}},{"type":"Feature","properties":{"kind":"building","h":9.0},"geometry":{"type":"Polygon","coordinates":[[[35.902499,56.860137],[35.902469,56.860067],[35.902771,56.860029],[35.9028,56.860098],[35.902499,56.860137]]]}},{"type":"Feature","properties":{"kind":"building","h":9.0},"geometry":{"type":"Polygon","coordinates":[[[35.920218,56.85689],[35.920145,56.856741],[35.920041,56.856757],[35.919975,56.856623],[35.91968,56.856666],[35.91982,56.856949],[35.920218,56.85689]]]}},{"type":"Feature","properties":{"kind":"building","h":9.0},"geometry":{"type":"Polygon","coordinates":[[[35.919823,56.85739],[35.919982,56.857367],[35.920004,56.857412],[35.919845,56.857435],[35.919823,56.85739]]]}},{"type":"Feature","properties":{"kind":"building","h":9.0},"geometry":{"type":"Polygon","coordinates":[[[35.919076,56.857263],[35.918755,56.85731],[35.918787,56.857376],[35.918946,56.857388],[35.918987,56.857472],[35.918905,56.857484],[35.918965,56.857608],[35.919226,56.85757],[35.919076,56.857263]]]}},{"type":"Feature","properties":{"kind":"building","h":9.0},"geometry":{"type":"Polygon","coordinates":[[[35.919064,56.857953],[35.919178,56.857935],[35.919103,56.857786],[35.918989,56.857803],[35.919064,56.857953]]]}},{"type":"Feature","properties":{"kind":"building","h":9.0},"geometry":{"type":"Polygon","coordinates":[[[35.918384,56.857842],[35.918352,56.857775],[35.918593,56.85774],[35.918609,56.857738],[35.918641,56.857806],[35.918384,56.857842]]]}},{"type":"Feature","properties":{"kind":"building","h":9.0},"geometry":{"type":"Polygon","coordinates":[[[35.919253,56.85752],[35.919227,56.857465],[35.919303,56.857454],[35.919329,56.857509],[35.919253,56.85752]]]}},{"type":"Feature","properties":{"kind":"building","h":6.0},"geometry":{"type":"Polygon","coordinates":[[[35.889022,56.855802],[35.889241,56.85589],[35.889455,56.855729],[35.889235,56.855642],[35.889022,56.855802]]]}},{"type":"Feature","properties":{"kind":"building","h":9.0},"geometry":{"type":"Polygon","coordinates":[[[35.889654,56.856088],[35.889833,56.856163],[35.89008,56.855987],[35.889903,56.855913],[35.889654,56.856088]]]}},{"type":"Feature","properties":{"kind":"building","h":9.0},"geometry":{"type":"Polygon","coordinates":[[[35.889344,56.856298],[35.889528,56.856376],[35.889729,56.856234],[35.889538,56.856156],[35.889344,56.856298]]]}},{"type":"Feature","properties":{"kind":"building","h":9.0},"geometry":{"type":"Polygon","coordinates":[[[35.887377,56.854007],[35.887683,56.854126],[35.887821,56.85402],[35.887514,56.853901],[35.887377,56.854007]]]}},{"type":"Feature","properties":{"kind":"building","h":9.0},"geometry":{"type":"Polygon","coordinates":[[[35.887905,56.853917],[35.888091,56.853987],[35.88834,56.85379],[35.888153,56.85372],[35.887905,56.853917]]]}},{"type":"Feature","properties":{"kind":"building","h":6.0},"geometry":{"type":"Polygon","coordinates":[[[35.879892,56.854059],[35.879914,56.853995],[35.880061,56.854009],[35.880033,56.854077],[35.879892,56.854059]]]}},{"type":"Feature","properties":{"kind":"building","h":6.0},"geometry":{"type":"Polygon","coordinates":[[[35.879972,56.85531],[35.879938,56.855213],[35.880066,56.855199],[35.880099,56.855301],[35.879972,56.85531]]]}},{"type":"Feature","properties":{"kind":"building","h":9.0},"geometry":{"type":"Polygon","coordinates":[[[35.895604,56.854635],[35.895663,56.854593],[35.895975,56.854724],[35.895917,56.854766],[35.895604,56.854635]]]}},{"type":"Feature","properties":{"kind":"building","h":3.0},"geometry":{"type":"Polygon","coordinates":[[[35.896386,56.85502],[35.896064,56.85524],[35.896151,56.855278],[35.896254,56.855208],[35.896363,56.855256],[35.896475,56.855179],[35.89666,56.85526],[35.896443,56.855407],[35.896614,56.855483],[35.896937,56.855263],[35.896386,56.85502]]]}},{"type":"Feature","properties":{"kind":"building","h":6.0},"geometry":{"type":"Polygon","coordinates":[[[35.887363,56.857237],[35.887492,56.857294],[35.887637,56.857197],[35.887508,56.85714],[35.887363,56.857237]]]}},{"type":"Feature","properties":{"kind":"building","h":9.0},"geometry":{"type":"Polygon","coordinates":[[[35.916939,56.85388],[35.917569,56.853782],[35.917515,56.853678],[35.917454,56.853688],[35.917392,56.853569],[35.917028,56.853625],[35.917068,56.853704],[35.91718,56.853686],[35.917202,56.853728],[35.916886,56.853777],[35.916939,56.85388]]]}},{"type":"Feature","properties":{"kind":"building","h":3.0},"geometry":{"type":"Polygon","coordinates":[[[35.916632,56.85379],[35.916585,56.853694],[35.916695,56.853678],[35.916742,56.853774],[35.916632,56.85379]]]}},{"type":"Feature","properties":{"kind":"building","h":9.0},"geometry":{"type":"Polygon","coordinates":[[[35.916702,56.854808],[35.916912,56.85478],[35.916855,56.854652],[35.916644,56.854681],[35.916702,56.854808]]]}},{"type":"Feature","properties":{"kind":"building","h":9.0},"geometry":{"type":"Polygon","coordinates":[[[35.921679,56.859044],[35.921648,56.858964],[35.921748,56.858953],[35.92178,56.859032],[35.921679,56.859044]]]}},{"type":"Feature","properties":{"kind":"building","h":3.0},"geometry":{"type":"Polygon","coordinates":[[[35.904032,56.86302],[35.904077,56.863075],[35.904611,56.862941],[35.904566,56.862888],[35.904032,56.86302]]]}},{"type":"Feature","properties":{"kind":"building","h":1.0},"geometry":{"type":"Polygon","coordinates":[[[35.903112,56.862133],[35.903031,56.862018],[35.903229,56.861921],[35.903591,56.861915],[35.903591,56.862068],[35.903112,56.862133]]]}},{"type":"Feature","properties":{"kind":"building","h":9.0},"geometry":{"type":"Polygon","coordinates":[[[35.903187,56.862407],[35.903182,56.862425],[35.903165,56.862441],[35.90314,56.862453],[35.903109,56.86246],[35.903076,56.862461],[35.903043,56.862456],[35.903016,56.862446],[35.902997,56.862431],[35.902987,56.862414],[35.902988,56.862396],[35.902999,56.86238],[35.90302,56.862366],[35.903047,56.862356],[35.903079,56.862352],[35.903112,56.862353],[35.903141,56.862361],[35.903166,56.862373],[35.903182,56.862389],[35.903187,56.862407]]]}},{"type":"Feature","properties":{"kind":"building","h":9.0},"geometry":{"type":"Polygon","coordinates":[[[35.903093,56.862904],[35.903087,56.862922],[35.903071,56.862938],[35.903046,56.86295],[35.903014,56.862957],[35.902981,56.862958],[35.902949,56.862953],[35.902921,56.862943],[35.902902,56.862928],[35.902893,56.862911],[35.902893,56.862893],[35.902905,56.862876],[35.902925,56.862862],[35.902953,56.862853],[35.902985,56.862849],[35.903017,56.86285],[35.903047,56.862857],[35.903071,56.86287],[35.903087,56.862886],[35.903093,56.862904]]]}},{"type":"Feature","properties":{"kind":"building","h":9.0},"geometry":{"type":"Polygon","coordinates":[[[35.905602,56.862268],[35.905452,56.862301],[35.905364,56.862176],[35.905508,56.86214],[35.905602,56.862268]]]}},{"type":"Feature","properties":{"kind":"building","h":9.0},"geometry":{"type":"Polygon","coordinates":[[[35.909243,56.856654],[35.909539,56.856608],[35.909495,56.856524],[35.909199,56.856571],[35.909243,56.856654]]]}},{"type":"Feature","properties":{"kind":"building","h":9.0},"geometry":{"type":"Polygon","coordinates":[[[35.908581,56.856688],[35.908672,56.856675],[35.908694,56.85672],[35.908604,56.856734],[35.908581,56.856688]]]}},{"type":"Feature","properties":{"kind":"building","h":9.0},"geometry":{"type":"Polygon","coordinates":[[[35.909703,56.859619],[35.909853,56.859597],[35.909735,56.859351],[35.909585,56.859373],[35.909703,56.859619]]]}},{"type":"Feature","properties":{"kind":"building","h":9.0},"geometry":{"type":"Polygon","coordinates":[[[35.899545,56.861715],[35.900016,56.861748],[35.90007,56.861519],[35.899604,56.861486],[35.899591,56.861541],[35.899484,56.861533],[35.899471,56.861587],[35.899458,56.861641],[35.899561,56.861649],[35.899545,56.861715]]]}},{"type":"Feature","properties":{"kind":"building","h":9.0},"geometry":{"type":"Polygon","coordinates":[[[35.888083,56.854026],[35.888182,56.853951],[35.88834,56.854013],[35.888241,56.854088],[35.888083,56.854026]]]}},{"type":"Feature","properties":{"kind":"building","h":3.0},"geometry":{"type":"Polygon","coordinates":[[[35.888341,56.853864],[35.888406,56.853813],[35.888493,56.853846],[35.888428,56.853898],[35.888341,56.853864]]]}},{"type":"Feature","properties":{"kind":"building","h":9.0},"geometry":{"type":"Polygon","coordinates":[[[35.8911,56.853159],[35.891161,56.853116],[35.891263,56.853159],[35.891202,56.853202],[35.8911,56.853159]]]}},{"type":"Feature","properties":{"kind":"building","h":9.0},"geometry":{"type":"Polygon","coordinates":[[[35.895022,56.860201],[35.895379,56.859955],[35.895224,56.859887],[35.894866,56.860134],[35.895022,56.860201]]]}},{"type":"Feature","properties":{"kind":"building","h":9.0},"geometry":{"type":"Polygon","coordinates":[[[35.883429,56.86544],[35.883426,56.865601],[35.883971,56.865604],[35.883974,56.865443],[35.883429,56.86544]]]}},{"type":"Feature","properties":{"kind":"building","h":9.0},"geometry":{"type":"Polygon","coordinates":[[[35.883287,56.865245],[35.883522,56.865242],[35.883509,56.864962],[35.883273,56.864965],[35.883287,56.865245]]]}},{"type":"Feature","properties":{"kind":"building","h":9.0},"geometry":{"type":"Polygon","coordinates":[[[35.891027,56.862444],[35.890893,56.862389],[35.890209,56.862892],[35.890343,56.862946],[35.891027,56.862444]]]}},{"type":"Feature","properties":{"kind":"building","h":9.0},"geometry":{"type":"Polygon","coordinates":[[[35.896999,56.853922],[35.897103,56.853915],[35.897092,56.853865],[35.896988,56.853872],[35.896999,56.853922]]]}},{"type":"Feature","properties":{"kind":"building","h":9.0},"geometry":{"type":"Polygon","coordinates":[[[35.891949,56.854221],[35.892021,56.85417],[35.891884,56.854112],[35.891812,56.854163],[35.891949,56.854221]]]}},{"type":"Feature","properties":{"kind":"building","h":3.0},"geometry":{"type":"Polygon","coordinates":[[[35.895213,56.854882],[35.895168,56.854864],[35.895231,56.854817],[35.895276,56.854836],[35.895213,56.854882]]]}},{"type":"Feature","properties":{"kind":"building","h":9.0},"geometry":{"type":"Polygon","coordinates":[[[35.8967,56.855541],[35.896843,56.855602],[35.897059,56.85545],[35.896916,56.855389],[35.8967,56.855541]]]}},{"type":"Feature","properties":{"kind":"building","h":6.0},"geometry":{"type":"Polygon","coordinates":[[[35.915731,56.851566],[35.915975,56.851531],[35.915831,56.851227],[35.915535,56.851268],[35.9156,56.851404],[35.915651,56.851397],[35.915731,56.851566]]]}},{"type":"Feature","properties":{"kind":"building","h":3.0},"geometry":{"type":"Polygon","coordinates":[[[35.915932,56.851811],[35.9161,56.851792],[35.91606,56.851689],[35.915892,56.851709],[35.915932,56.851811]]]}},{"type":"Feature","properties":{"kind":"building","h":9.0},"geometry":{"type":"Polygon","coordinates":[[[35.915012,56.869479],[35.915143,56.869466],[35.915135,56.86944],[35.915179,56.869436],[35.91516,56.869391],[35.914988,56.869409],[35.915012,56.869479]]]}},{"type":"Feature","properties":{"kind":"building","h":3.0},"geometry":{"type":"Polygon","coordinates":[[[35.915187,56.869435],[35.91517,56.86939],[35.915384,56.869363],[35.915412,56.869421],[35.915243,56.869443],[35.915237,56.86943],[35.915187,56.869435]]]}},{"type":"Feature","properties":{"kind":"building","h":9.0},"geometry":{"type":"Polygon","coordinates":[[[35.898487,56.867581],[35.898676,56.867558],[35.898565,56.867273],[35.898376,56.867295],[35.898487,56.867581]]]}},{"type":"Feature","properties":{"kind":"building","h":9.0},"geometry":{"type":"Polygon","coordinates":[[[35.894354,56.868075],[35.894506,56.868057],[35.894439,56.867884],[35.894287,56.867902],[35.894354,56.868075]]]}},{"type":"Feature","properties":{"kind":"building","h":6.0},"geometry":{"type":"Polygon","coordinates":[[[35.920763,56.853609],[35.921014,56.853573],[35.920966,56.853472],[35.920891,56.853438],[35.920857,56.853366],[35.920661,56.853394],[35.920763,56.853609]]]}},{"type":"Feature","properties":{"kind":"building","h":6.0},"geometry":{"type":"Polygon","coordinates":[[[35.921252,56.853541],[35.921104,56.85356],[35.921052,56.85344],[35.9212,56.853421],[35.921252,56.853541]]]}},{"type":"Feature","properties":{"kind":"building","h":6.0},"geometry":{"type":"Polygon","coordinates":[[[35.921356,56.853527],[35.921514,56.853507],[35.921507,56.85349],[35.921559,56.853483],[35.92149,56.853328],[35.921281,56.853355],[35.921356,56.853527]]]}},{"type":"Feature","properties":{"kind":"building","h":3.0},"geometry":{"type":"Polygon","coordinates":[[[35.921636,56.853487],[35.921775,56.853468],[35.921695,56.853291],[35.921555,56.85331],[35.921636,56.853487]]]}},{"type":"Feature","properties":{"kind":"building","h":3.0},"geometry":{"type":"Polygon","coordinates":[[[35.921813,56.853461],[35.921918,56.853446],[35.921864,56.85333],[35.921758,56.853345],[35.921813,56.853461]]]}},{"type":"Feature","properties":{"kind":"building","h":3.0},"geometry":{"type":"Polygon","coordinates":[[[35.922063,56.853426],[35.922202,56.853407],[35.922139,56.853268],[35.921999,56.853287],[35.922063,56.853426]]]}},{"type":"Feature","properties":{"kind":"building","h":6.0},"geometry":{"type":"Polygon","coordinates":[[[35.910834,56.857805],[35.910924,56.858],[35.910742,56.858024],[35.910657,56.857997],[35.910643,56.857963],[35.910565,56.857971],[35.910511,56.857838],[35.910588,56.857828],[35.910592,56.857837],[35.910834,56.857805]]]}},{"type":"Feature","properties":{"kind":"building","h":21.0},"geometry":{"type":"Polygon","coordinates":[[[35.904576,56.855681],[35.904566,56.855659],[35.904445,56.855676],[35.904427,56.855636],[35.904473,56.85563],[35.90446,56.855601],[35.904505,56.855594],[35.904487,56.855555],[35.904473,56.855529],[35.904617,56.855508],[35.904707,56.855489],[35.904838,56.855461],[35.905001,56.855438],[35.905229,56.855426],[35.905347,56.85542],[35.905338,56.855401],[35.905379,56.855395],[35.905356,56.855352],[35.905504,56.855329],[35.905525,56.855375],[35.905751,56.855343],[35.905773,56.85529],[35.90603,56.855371],[35.906085,56.855478],[35.906016,56.855592],[35.906089,56.855754],[35.905603,56.85582],[35.90556,56.855719],[35.905472,56.855731],[35.905397,56.855568],[35.904576,56.855681]]]}},{"type":"Feature","properties":{"kind":"building","h":9.0},"geometry":{"type":"Polygon","coordinates":[[[35.921697,56.858712],[35.921638,56.858593],[35.922704,56.858437],[35.922763,56.858556],[35.922537,56.858589],[35.922714,56.85895],[35.922088,56.859041],[35.921911,56.858681],[35.921697,56.858712]]]}},{"type":"Feature","properties":{"kind":"building","h":9.0},"geometry":{"type":"Polygon","coordinates":[[[35.889711,56.868381],[35.889657,56.868272],[35.889748,56.868258],[35.88969,56.86814],[35.888654,56.868292],[35.888712,56.86841],[35.888818,56.868395],[35.888873,56.868505],[35.889711,56.868381]]]}},{"type":"Feature","properties":{"kind":"building","h":9.0},"geometry":{"type":"Polygon","coordinates":[[[35.906,56.857035],[35.905962,56.856943],[35.906056,56.856931],[35.906094,56.857024],[35.906,56.857035]]]}},{"type":"Feature","properties":{"kind":"building","h":6.0},"geometry":{"type":"Polygon","coordinates":[[[35.920362,56.860298],[35.920237,56.860319],[35.92029,56.860414],[35.920105,56.860445],[35.920075,56.86039],[35.920014,56.8604],[35.920084,56.860526],[35.920453,56.860465],[35.92057,56.860445],[35.920513,56.860344],[35.920398,56.860363],[35.920362,56.860298]]]}},{"type":"Feature","properties":{"kind":"building","h":9.0},"geometry":{"type":"Polygon","coordinates":[[[35.885175,56.85931],[35.885407,56.859406],[35.885554,56.859301],[35.885323,56.859204],[35.885175,56.85931]]]}},{"type":"Feature","properties":{"kind":"building","h":3.0},"geometry":{"type":"Polygon","coordinates":[[[35.895508,56.855562],[35.895373,56.855656],[35.895545,56.85573],[35.89568,56.855636],[35.895508,56.855562]]]}},{"type":"Feature","properties":{"kind":"building","h":6.0},"geometry":{"type":"Polygon","coordinates":[[[35.909936,56.855242],[35.909855,56.85508],[35.910083,56.855046],[35.910165,56.855208],[35.909936,56.855242]]]}},{"type":"Feature","properties":{"kind":"building","h":6.0},"geometry":{"type":"Polygon","coordinates":[[[35.92176,56.853677],[35.921903,56.853654],[35.921841,56.853541],[35.921699,56.853564],[35.92176,56.853677]]]}},{"type":"Feature","properties":{"kind":"building","h":9.0},"geometry":{"type":"Polygon","coordinates":[[[35.920798,56.85379],[35.920752,56.853693],[35.921235,56.853624],[35.921319,56.8538],[35.92119,56.853818],[35.921178,56.853793],[35.921153,56.85374],[35.920798,56.85379]]]}},{"type":"Feature","properties":{"kind":"building","h":6.0},"geometry":{"type":"Polygon","coordinates":[[[35.922021,56.854045],[35.922209,56.854019],[35.922168,56.853931],[35.92198,56.853957],[35.922021,56.854045]]]}},{"type":"Feature","properties":{"kind":"building","h":6.0},"geometry":{"type":"Polygon","coordinates":[[[35.921575,56.854047],[35.921889,56.854003],[35.921828,56.853871],[35.921514,56.853914],[35.921575,56.854047]]]}},{"type":"Feature","properties":{"kind":"building","h":9.0},"geometry":{"type":"Polygon","coordinates":[[[35.911253,56.852806],[35.911302,56.852904],[35.911095,56.852934],[35.911046,56.852836],[35.911253,56.852806]]]}},{"type":"Feature","properties":{"kind":"building","h":9.0},"geometry":{"type":"Polygon","coordinates":[[[35.911243,56.853038],[35.911241,56.853044],[35.911235,56.85305],[35.911227,56.853054],[35.911216,56.853056],[35.911205,56.853056],[35.911194,56.853055],[35.911185,56.853051],[35.911178,56.853046],[35.911175,56.85304],[35.911175,56.853034],[35.911178,56.853028],[35.911186,56.853023],[35.911196,56.85302],[35.911207,56.853018],[35.911219,56.853019],[35.911229,56.853022],[35.911237,56.853027],[35.911242,56.853032],[35.911243,56.853038]]]}},{"type":"Feature","properties":{"kind":"building","h":9.0},"geometry":{"type":"Polygon","coordinates":[[[35.911313,56.853015],[35.91131,56.853021],[35.911305,56.853026],[35.911296,56.85303],[35.911286,56.853033],[35.911275,56.853033],[35.911264,56.853032],[35.911255,56.853028],[35.911248,56.853023],[35.911244,56.853017],[35.911244,56.853011],[35.911248,56.853005],[35.911255,56.853],[35.911265,56.852997],[35.911277,56.852995],[35.911288,56.852996],[35.911299,56.852999],[35.911307,56.853004],[35.911311,56.853009],[35.911313,56.853015]]]}},{"type":"Feature","properties":{"kind":"building","h":9.0},"geometry":{"type":"Polygon","coordinates":[[[35.911239,56.852987],[35.911236,56.852992],[35.91123,56.852998],[35.911222,56.853002],[35.911212,56.853004],[35.911201,56.853004],[35.91119,56.853003],[35.911181,56.852999],[35.911174,56.852995],[35.91117,56.852989],[35.91117,56.852982],[35.911174,56.852976],[35.911181,56.852971],[35.911191,56.852968],[35.911203,56.852967],[35.911214,56.852967],[35.911225,56.85297],[35.911233,56.852975],[35.911237,56.85298],[35.911239,56.852987]]]}},{"type":"Feature","properties":{"kind":"building","h":9.0},"geometry":{"type":"Polygon","coordinates":[[[35.884101,56.862825],[35.884197,56.862824],[35.884193,56.862739],[35.884033,56.862741],[35.884036,56.862802],[35.8841,56.862801],[35.884101,56.862825]]]}},{"type":"Feature","properties":{"kind":"building","h":9.0},"geometry":{"type":"Polygon","coordinates":[[[35.885609,56.862062],[35.885619,56.862371],[35.885843,56.862369],[35.885838,56.862208],[35.886159,56.862205],[35.886155,56.862076],[35.886112,56.862057],[35.885609,56.862062]]]}},{"type":"Feature","properties":{"kind":"building","h":9.0},"geometry":{"type":"Polygon","coordinates":[[[35.887204,56.862697],[35.887201,56.862638],[35.887689,56.862632],[35.887692,56.86269],[35.887204,56.862697]]]}},{"type":"Feature","properties":{"kind":"building","h":9.0},"geometry":{"type":"Polygon","coordinates":[[[35.886989,56.861159],[35.8872,56.861243],[35.887265,56.861194],[35.887054,56.86111],[35.886989,56.861159]]]}},{"type":"Feature","properties":{"kind":"building","h":9.0},"geometry":{"type":"Polygon","coordinates":[[[35.888906,56.862611],[35.888955,56.862708],[35.889053,56.862693],[35.889004,56.862596],[35.888906,56.862611]]]}},{"type":"Feature","properties":{"kind":"building","h":9.0},"geometry":{"type":"Polygon","coordinates":[[[35.889659,56.862198],[35.889559,56.862272],[35.889316,56.862175],[35.889416,56.8621],[35.889659,56.862198]]]}},{"type":"Feature","properties":{"kind":"building","h":9.0},"geometry":{"type":"Polygon","coordinates":[[[35.888894,56.861751],[35.888973,56.861783],[35.889029,56.861742],[35.88895,56.86171],[35.888894,56.861751]]]}},{"type":"Feature","properties":{"kind":"building","h":3.0},"geometry":{"type":"Polygon","coordinates":[[[35.888957,56.862451],[35.888927,56.862402],[35.889215,56.862349],[35.889245,56.862398],[35.888957,56.862451]]]}},{"type":"Feature","properties":{"kind":"building","h":6.0},"geometry":{"type":"Polygon","coordinates":[[[35.894926,56.855832],[35.895024,56.855875],[35.894927,56.855941],[35.894829,56.855899],[35.894926,56.855832]]]}},{"type":"Feature","properties":{"kind":"building","h":9.0},"geometry":{"type":"Polygon","coordinates":[[[35.88018,56.850856],[35.879968,56.850376],[35.879504,56.850437],[35.879525,56.850485],[35.879904,56.850436],[35.880094,56.850867],[35.88018,56.850856]]]}},{"type":"Feature","properties":{"kind":"building","h":9.0},"geometry":{"type":"Polygon","coordinates":[[[35.8958,56.862773],[35.896001,56.862773],[35.896001,56.862678],[35.895799,56.862679],[35.8958,56.862773]]]}},{"type":"Feature","properties":{"kind":"building","h":9.0},"geometry":{"type":"Polygon","coordinates":[[[35.887728,56.86401],[35.887773,56.864009],[35.887771,56.863982],[35.887726,56.863983],[35.887728,56.86401]]]}},{"type":"Feature","properties":{"kind":"building","h":9.0},"geometry":{"type":"Polygon","coordinates":[[[35.891247,56.858988],[35.891317,56.858942],[35.891157,56.85887],[35.891088,56.858917],[35.891247,56.858988]]]}},{"type":"Feature","properties":{"kind":"building","h":9.0},"geometry":{"type":"Polygon","coordinates":[[[35.894617,56.858217],[35.894544,56.858267],[35.894994,56.858463],[35.895067,56.858413],[35.894617,56.858217]]]}},{"type":"Feature","properties":{"kind":"building","h":6.0},"geometry":{"type":"Polygon","coordinates":[[[35.916306,56.866106],[35.916448,56.86609],[35.916485,56.866187],[35.916342,56.866203],[35.916306,56.866106]]]}},{"type":"Feature","properties":{"kind":"building","h":9.0},"geometry":{"type":"Polygon","coordinates":[[[35.917511,56.866635],[35.917373,56.866642],[35.917337,56.866422],[35.917475,56.866415],[35.917511,56.866635]]]}},{"type":"Feature","properties":{"kind":"building","h":9.0},"geometry":{"type":"Polygon","coordinates":[[[35.914428,56.869668],[35.914449,56.869729],[35.914699,56.869703],[35.914678,56.869642],[35.914428,56.869668]]]}},{"type":"Feature","properties":{"kind":"building","h":9.0},"geometry":{"type":"Polygon","coordinates":[[[35.91248,56.869898],[35.912391,56.869905],[35.912408,56.869971],[35.912497,56.869964],[35.91248,56.869898]]]}},{"type":"Feature","properties":{"kind":"building","h":3.0},"geometry":{"type":"Polygon","coordinates":[[[35.911601,56.869842],[35.911681,56.869831],[35.911695,56.869865],[35.911615,56.869875],[35.911601,56.869842]]]}},{"type":"Feature","properties":{"kind":"building","h":3.0},"geometry":{"type":"Polygon","coordinates":[[[35.911691,56.869872],[35.911599,56.869882],[35.911615,56.869928],[35.911707,56.869918],[35.911691,56.869872]]]}},{"type":"Feature","properties":{"kind":"building","h":3.0},"geometry":{"type":"Polygon","coordinates":[[[35.898005,56.860659],[35.898116,56.86065],[35.898101,56.860589],[35.89799,56.860597],[35.898005,56.860659]]]}},{"type":"Feature","properties":{"kind":"building","h":18.0},"geometry":{"type":"Polygon","coordinates":[[[35.888872,56.861397],[35.888172,56.861111],[35.888335,56.860992],[35.8888,56.861183],[35.888973,56.861056],[35.88915,56.860927],[35.888873,56.860813],[35.889041,56.86069],[35.889327,56.860807],[35.889361,56.860782],[35.889587,56.860875],[35.889207,56.861153],[35.888872,56.861397]]]}},{"type":"Feature","properties":{"kind":"building","h":9.0},"geometry":{"type":"Polygon","coordinates":[[[35.896052,56.869121],[35.896164,56.869114],[35.896156,56.869057],[35.896044,56.869064],[35.896052,56.869121]]]}},{"type":"Feature","properties":{"kind":"building","h":9.0},"geometry":{"type":"Polygon","coordinates":[[[35.894138,56.869457],[35.894117,56.869399],[35.894184,56.869389],[35.894211,56.869446],[35.894138,56.869457]]]}},{"type":"Feature","properties":{"kind":"building","h":9.0},"geometry":{"type":"Polygon","coordinates":[[[35.909963,56.859164],[35.909837,56.859182],[35.909918,56.859351],[35.909805,56.859367],[35.90985,56.859463],[35.909997,56.859442],[35.910021,56.859491],[35.910058,56.859568],[35.91015,56.859555],[35.909963,56.859164]]]}},{"type":"Feature","properties":{"kind":"building","h":9.0},"geometry":{"type":"Polygon","coordinates":[[[35.916169,56.853755],[35.916049,56.853773],[35.916131,56.853938],[35.916251,56.85392],[35.916169,56.853755]]]}},{"type":"Feature","properties":{"kind":"building","h":12.0},"geometry":{"type":"Polygon","coordinates":[[[35.895505,56.857127],[35.895814,56.857261],[35.895676,56.857357],[35.89557,56.857311],[35.895349,56.857464],[35.895457,56.857511],[35.89535,56.857585],[35.895231,56.857534],[35.895035,56.857669],[35.895288,56.857779],[35.895347,56.857738],[35.89546,56.857787],[35.895324,56.857881],[35.895356,56.857894],[35.895261,56.85796],[35.894669,56.857704],[35.895505,56.857127]]]}},{"type":"Feature","properties":{"kind":"building","h":6.0},"geometry":{"type":"Polygon","coordinates":[[[35.893752,56.854032],[35.893856,56.853956],[35.894003,56.854015],[35.893899,56.854092],[35.893752,56.854032]]]}},{"type":"Feature","properties":{"kind":"building","h":6.0},"geometry":{"type":"Polygon","coordinates":[[[35.89329,56.853712],[35.893398,56.853635],[35.893556,56.853702],[35.893399,56.853813],[35.8933,56.853772],[35.893349,56.853737],[35.89329,56.853712]]]}},{"type":"Feature","properties":{"kind":"building","h":15.0},"geometry":{"type":"Polygon","coordinates":[[[35.91646,56.851104],[35.916268,56.851133],[35.916276,56.851148],[35.916065,56.85118],[35.916307,56.851657],[35.916519,56.851625],[35.916508,56.851604],[35.916698,56.851575],[35.91646,56.851104]]]}},{"type":"Feature","properties":{"kind":"building","h":15.0},"geometry":{"type":"Polygon","coordinates":[[[35.91616,56.850524],[35.915976,56.850547],[35.915918,56.850429],[35.915542,56.850462],[35.915477,56.850268],[35.916011,56.850226],[35.91616,56.850524]]]}},{"type":"Feature","properties":{"kind":"building","h":9.0},"geometry":{"type":"Polygon","coordinates":[[[35.902747,56.855458],[35.902745,56.855479],[35.902732,56.855498],[35.902707,56.855514],[35.902675,56.855525],[35.902638,56.85553],[35.9026,56.855528],[35.902566,56.855519],[35.902503,56.855545],[35.902451,56.855505],[35.902512,56.855482],[35.902514,56.855465],[35.902521,56.855444],[35.902541,56.855426],[35.90257,56.855412],[35.902606,56.855404],[35.902645,56.855403],[35.902695,56.855411],[35.902756,56.855385],[35.902805,56.85542],[35.90274,56.855445],[35.902747,56.855458]]]}},{"type":"Feature","properties":{"kind":"building","h":9.0},"geometry":{"type":"Polygon","coordinates":[[[35.914043,56.855891],[35.914298,56.855853],[35.914374,56.856002],[35.91423,56.856024],[35.914184,56.855933],[35.914072,56.855949],[35.914043,56.855891]]]}},{"type":"Feature","properties":{"kind":"building","h":6.0},"geometry":{"type":"Polygon","coordinates":[[[35.911333,56.857651],[35.911135,56.857678],[35.911112,56.857681],[35.911152,56.857772],[35.911375,56.857741],[35.911333,56.857651]]]}},{"type":"Feature","properties":{"kind":"building","h":9.0},"geometry":{"type":"Polygon","coordinates":[[[35.893644,56.855909],[35.893405,56.856082],[35.893229,56.856009],[35.893468,56.855836],[35.893644,56.855909]]]}},{"type":"Feature","properties":{"kind":"building","h":3.0},"geometry":{"type":"Polygon","coordinates":[[[35.879953,56.86196],[35.880054,56.862001],[35.880186,56.861905],[35.880136,56.861884],[35.880181,56.861851],[35.88013,56.861831],[35.879953,56.86196]]]}},{"type":"Feature","properties":{"kind":"building","h":15.0},"geometry":{"type":"Polygon","coordinates":[[[35.917459,56.855314],[35.917366,56.85512],[35.917121,56.855155],[35.917016,56.854937],[35.917164,56.854916],[35.917199,56.854989],[35.917559,56.854937],[35.917722,56.855277],[35.917459,56.855314]]]}},{"type":"Feature","properties":{"kind":"building","h":9.0},"geometry":{"type":"Polygon","coordinates":[[[35.888527,56.860962],[35.888601,56.860995],[35.88871,56.86092],[35.888636,56.860888],[35.888527,56.860962]]]}},{"type":"Feature","properties":{"kind":"building","h":15.0},"geometry":{"type":"Polygon","coordinates":[[[35.915183,56.851129],[35.915374,56.851102],[35.915344,56.851039],[35.915749,56.850981],[35.915774,56.851033],[35.915987,56.851003],[35.915956,56.850937],[35.915917,56.850942],[35.915826,56.850751],[35.915866,56.850746],[35.91583,56.850669],[35.915567,56.850706],[35.915631,56.850841],[35.915301,56.850888],[35.915245,56.850772],[35.915304,56.850763],[35.915277,56.850705],[35.915354,56.850694],[35.915319,56.85062],[35.915461,56.850599],[35.915388,56.850448],[35.915092,56.85049],[35.915127,56.850566],[35.915087,56.850571],[35.915118,56.850636],[35.915029,56.850649],[35.915069,56.850733],[35.915,56.850743],[35.915183,56.851129]]]}},{"type":"Feature","properties":{"kind":"building","h":9.0},"geometry":{"type":"Polygon","coordinates":[[[35.902629,56.862606],[35.90267,56.862601],[35.902655,56.862565],[35.902613,56.86257],[35.902629,56.862606]]]}},{"type":"Feature","properties":{"kind":"building","h":9.0},"geometry":{"type":"Polygon","coordinates":[[[35.899906,56.863727],[35.89994,56.863724],[35.899926,56.863683],[35.899892,56.863687],[35.899906,56.863727]]]}},{"type":"Feature","properties":{"kind":"building","h":9.0},"geometry":{"type":"Polygon","coordinates":[[[35.912305,56.861112],[35.912221,56.860967],[35.912179,56.860976],[35.912027,56.860816],[35.912256,56.860752],[35.912345,56.860938],[35.912425,56.861092],[35.912305,56.861112]]]}},{"type":"Feature","properties":{"kind":"building","h":9.0},"geometry":{"type":"Polygon","coordinates":[[[35.921876,56.850783],[35.922102,56.850758],[35.922013,56.850521],[35.921787,56.850546],[35.921876,56.850783]]]}},{"type":"Feature","properties":{"kind":"building","h":9.0},"geometry":{"type":"Polygon","coordinates":[[[35.883381,56.851125],[35.883435,56.851115],[35.883395,56.851049],[35.883341,56.851059],[35.883381,56.851125]]]}},{"type":"Feature","properties":{"kind":"building","h":9.0},"geometry":{"type":"Polygon","coordinates":[[[35.915226,56.856973],[35.915445,56.856939],[35.915489,56.857023],[35.915267,56.857056],[35.915226,56.856973]]]}},{"type":"Feature","properties":{"kind":"building","h":9.0},"geometry":{"type":"Polygon","coordinates":[[[35.914499,56.857479],[35.914414,56.857311],[35.915307,56.857177],[35.915391,56.857345],[35.914499,56.857479]]]}},{"type":"Feature","properties":{"kind":"building","h":6.0},"geometry":{"type":"Polygon","coordinates":[[[35.894171,56.85695],[35.894338,56.857022],[35.894472,56.85693],[35.894302,56.856856],[35.894171,56.85695]]]}},{"type":"Feature","properties":{"kind":"building","h":9.0},"geometry":{"type":"Polygon","coordinates":[[[35.909937,56.859053],[35.909986,56.859158],[35.910467,56.859091],[35.91044,56.859034],[35.910059,56.859088],[35.910036,56.859039],[35.909937,56.859053]]]}},{"type":"Feature","properties":{"kind":"building","h":9.0},"geometry":{"type":"Polygon","coordinates":[[[35.921163,56.870043],[35.921327,56.870022],[35.921265,56.869875],[35.921101,56.869896],[35.921163,56.870043]]]}},{"type":"Feature","properties":{"kind":"building","h":15.0},"geometry":{"type":"Polygon","coordinates":[[[35.892539,56.854574],[35.89304,56.854793],[35.89322,56.854669],[35.892719,56.85445],[35.892539,56.854574]]]}},{"type":"Feature","properties":{"kind":"building","h":3.0},"geometry":{"type":"Polygon","coordinates":[[[35.911935,56.868341],[35.911893,56.868241],[35.911534,56.868286],[35.911576,56.868386],[35.911935,56.868341]]]}},{"type":"Feature","properties":{"kind":"building","h":9.0},"geometry":{"type":"Polygon","coordinates":[[[35.908128,56.865516],[35.9083,56.865493],[35.908272,56.865428],[35.908099,56.865451],[35.908128,56.865516]]]}},{"type":"Feature","properties":{"kind":"building","h":9.0},"geometry":{"type":"Polygon","coordinates":[[[35.885715,56.869216],[35.885763,56.869298],[35.88637,56.869191],[35.88629,56.869054],[35.88585,56.869132],[35.885883,56.869187],[35.885715,56.869216]]]}},{"type":"Feature","properties":{"kind":"water"},"geometry":{"type":"Polygon","coordinates":[[[35.895838,56.864067],[35.89563,56.863924],[35.89553,56.86377],[35.895482,56.863668],[35.895381,56.863478],[35.895322,56.863231],[35.895118,56.862971],[35.894924,56.862822],[35.894708,56.862628],[35.894663,56.862474],[35.894659,56.862356],[35.894793,56.862139],[35.89494,56.861908],[35.895075,56.861754],[35.895135,56.861613],[35.895152,56.861578],[35.895216,56.861444],[35.895515,56.861235],[35.895658,56.861203],[35.89581,56.861198],[35.895387,56.861054],[35.89535,56.861108],[35.895012,56.861323],[35.894582,56.86152],[35.894396,56.861579],[35.894272,56.861623],[35.89417,56.861737],[35.894005,56.861892],[35.893929,56.861955],[35.893799,56.862132],[35.893719,56.862266],[35.893706,56.862384],[35.893674,56.862573],[35.893622,56.862689],[35.89354,56.862792],[35.893462,56.862855],[35.893372,56.862898],[35.893173,56.862905],[35.893057,56.862881],[35.892924,56.862792],[35.892834,56.862676],[35.892622,56.862131],[35.892367,56.861812],[35.89226,56.861751],[35.892159,56.861716],[35.892088,56.861723],[35.89203,56.86173],[35.89192,56.861767],[35.891812,56.861842],[35.89166,56.861903],[35.89157,56.862048],[35.891583,56.862178],[35.891748,56.862389],[35.892284,56.862662],[35.89289,56.862949],[35.892958,56.863091],[35.892874,56.863256],[35.892577,56.863621],[35.892546,56.863683],[35.892563,56.863712],[35.892606,56.863731],[35.892723,56.863749],[35.892967,56.863749],[35.893161,56.863744],[35.893277,56.863721],[35.893353,56.863639],[35.893414,56.863509],[35.893652,56.863085],[35.893623,56.863045],[35.893669,56.863015],[35.893746,56.862963],[35.89388,56.862969],[35.894103,56.863017],[35.894425,56.863191],[35.894913,56.863614],[35.894993,56.863788],[35.894964,56.863879],[35.894862,56.864005],[35.894735,56.864055],[35.895421,56.864097],[35.896041,56.864136],[35.895838,56.864067]]]}},{"type":"Feature","properties":{"kind":"water"},"geometry":{"type":"Polygon","coordinates":[[[35.882378,56.868597],[35.882759,56.868536],[35.883139,56.868488],[35.8834,56.868431],[35.883789,56.86834],[35.884376,56.868189],[35.884717,56.868129],[35.885016,56.868065],[35.885035,56.868061],[35.885055,56.868056],[35.88583,56.867859],[35.886709,56.867641],[35.887383,56.86749],[35.888282,56.867305],[35.889453,56.86707],[35.890317,56.866874],[35.89114,56.866721],[35.891934,56.866578],[35.892353,56.866507],[35.892916,56.866427],[35.893324,56.866372],[35.893919,56.866324],[35.894764,56.866263],[35.89555,56.8662],[35.896156,56.866161],[35.89654,56.86616],[35.896872,56.866158],[35.897543,56.866147],[35.89813,56.866123],[35.898589,56.86611],[35.898938,56.866084],[35.89916,56.866069],[35.899329,56.866044],[35.899506,56.865984],[35.899699,56.865936],[35.900204,56.86588],[35.900346,56.865878],[35.900574,56.865895],[35.900807,56.865903],[35.901067,56.865886],[35.90177,56.865782],[35.902703,56.865569],[35.904307,56.865275],[35.904661,56.865209],[35.904889,56.865167],[35.905093,56.865116],[35.905353,56.865081],[35.905595,56.865046],[35.905981,56.864986],[35.90696,56.864832],[35.908162,56.864629],[35.908497,56.86458],[35.908988,56.864508],[35.909401,56.864443],[35.909787,56.864367],[35.910726,56.864159],[35.911198,56.864081],[35.911429,56.86406],[35.911938,56.864025],[35.912375,56.864003],[35.912853,56.863973],[35.913397,56.863924],[35.914054,56.863848],[35.914709,56.863774],[35.915283,56.863706],[35.915053,56.862962],[35.914704,56.861835],[35.913483,56.86197],[35.912794,56.862049],[35.91211,56.862116],[35.911343,56.86219],[35.910699,56.862237],[35.909707,56.862304],[35.908559,56.86239],[35.907936,56.862434],[35.907306,56.86249],[35.907116,56.862515],[35.906936,56.862546],[35.906673,56.862603],[35.905587,56.862854],[35.905479,56.862877],[35.904745,56.863038],[35.90413,56.863183],[35.899707,56.864211],[35.899581,56.864239],[35.899305,56.864273],[35.899214,56.864267],[35.899139,56.86426],[35.899034,56.864244],[35.89894,56.864216],[35.89883,56.8642],[35.898605,56.864195],[35.898001,56.864201],[35.897334,56.864216],[35.896845,56.864203],[35.8964,56.864165],[35.896041,56.864136],[35.895421,56.864097],[35.894735,56.864055],[35.894579,56.864059],[35.894367,56.864075],[35.893863,56.864123],[35.893321,56.864165],[35.893107,56.864169],[35.892903,56.864168],[35.892651,56.864187],[35.89235,56.864214],[35.892018,56.864247],[35.891698,56.864272],[35.891138,56.864323],[35.890955,56.864279],[35.890574,56.864329],[35.890043,56.864531],[35.889705,56.86454],[35.888997,56.864701],[35.888788,56.864673],[35.888214,56.864782],[35.887847,56.865027],[35.887487,56.865106],[35.887125,56.865169],[35.886827,56.865225],[35.886438,56.865431],[35.8861,56.86553],[35.886033,56.865553],[35.885934,56.86557],[35.885784,56.865606],[35.885631,56.865628],[35.885156,56.865758],[35.88466,56.865884],[35.884156,56.866028],[35.883595,56.866142],[35.883075,56.866248],[35.882611,56.866326],[35.882107,56.866386],[35.881707,56.866437],[35.881219,56.866518],[35.880817,56.866566],[35.880691,56.866571],[35.880613,56.86655],[35.880294,56.866535],[35.879904,56.866512],[35.879607,56.866535],[35.879357,56.866531],[35.879224,56.866529],[35.878121,56.866533],[35.877214,56.866524],[35.876923,56.866461],[35.876721,56.866462],[35.876442,56.866471],[35.875991,56.866425],[35.875541,56.86637],[35.875104,56.86629],[35.874355,56.866177],[35.873765,56.866079],[35.87339,56.866003],[35.87299,56.865919],[35.872242,56.865755],[35.871871,56.865681],[35.871531,56.8656],[35.871051,56.86549],[35.870769,56.865399],[35.870554,56.865311],[35.870359,56.865235],[35.869838,56.865079],[35.869398,56.864936],[35.869015,56.864796],[35.868698,56.864685],[35.868272,56.864563],[35.867996,56.864512],[35.867526,56.864471],[35.86728,56.864455],[35.867065,56.86443],[35.866271,56.864291],[35.865641,56.864159],[35.864895,56.863961],[35.864316,56.863796],[35.863886,56.863694],[35.863648,56.863631],[35.863363,56.863534],[35.862969,56.863434],[35.862747,56.863392],[35.862639,56.863385],[35.862489,56.863408],[35.862366,56.863417],[35.862194,56.863388],[35.86206,56.863342],[35.861794,56.863256],[35.861472,56.863168],[35.861143,56.863097],[35.860791,56.863031],[35.86011,56.862967],[35.859721,56.862942],[35.859506,56.862932],[35.859332,56.862902],[35.859136,56.862835],[35.858876,56.862736],[35.858399,56.8626],[35.857597,56.86242],[35.85647,56.862209],[35.854874,56.86192],[35.854311,56.861823],[35.853855,56.861739],[35.853356,56.861666],[35.852074,56.861467],[35.851237,56.861307],[35.850977,56.861247],[35.850805,56.86121],[35.850725,56.861207],[35.850668,56.861229],[35.850602,56.861288],[35.850553,56.861294],[35.850457,56.861277],[35.850344,56.861232],[35.850293,56.861182],[35.850242,56.86114],[35.850138,56.861084],[35.849869,56.860998],[35.849293,56.860864],[35.848847,56.860756],[35.847909,56.86053],[35.847372,56.860405],[35.846981,56.860324],[35.846801,56.860294],[35.846468,56.860256],[35.846334,56.860242],[35.846224,56.860236],[35.846069,56.860222],[35.845951,56.860206],[35.845497,56.860072],[35.845452,56.860063],[35.845419,56.860052],[35.844714,56.859883],[35.843979,56.859719],[35.843306,56.859563],[35.842928,56.859464],[35.842241,56.859308],[35.84119,56.859144],[35.840224,56.859003],[35.838314,56.858745],[35.835932,56.858493],[35.835149,56.858393],[35.834473,56.858288],[35.833754,56.858106],[35.832907,56.857901],[35.832167,56.857701],[35.831233,56.857373],[35.830514,56.85705],[35.829785,56.856663],[35.828932,56.856111],[35.827854,56.855413],[35.826824,56.854698],[35.826008,56.854185],[35.825673,56.853975],[35.825314,56.853737],[35.824914,56.853479],[35.824528,56.853228],[35.824061,56.852935],[35.823678,56.852718],[35.823219,56.852448],[35.822822,56.852266],[35.822326,56.852045],[35.821223,56.851503],[35.820593,56.851194],[35.819997,56.850917],[35.819311,56.850629],[35.818662,56.850415],[35.817833,56.850258],[35.816969,56.850138],[35.816124,56.85],[35.815148,56.849807],[35.814043,56.84961],[35.813182,56.849447],[35.812375,56.84929],[35.811586,56.849204],[35.81087,56.849167],[35.810277,56.849145],[35.810122,56.849163],[35.809977,56.849189],[35.809792,56.849182],[35.809612,56.849144],[35.809228,56.849067],[35.808834,56.849031],[35.808177,56.848982],[35.807265,56.848935],[35.806273,56.848814],[35.805463,56.848762],[35.804618,56.848742],[35.803765,56.848756],[35.802866,56.848786],[35.801978,56.8488],[35.801187,56.848849],[35.800267,56.848956],[35.799664,56.848987],[35.79902,56.849013],[35.798414,56.849041],[35.798227,56.849049],[35.797789,56.849069],[35.79685,56.849095],[35.796175,56.849069],[35.796094,56.849066],[35.795551,56.849012],[35.795527,56.849012],[35.795172,56.849009],[35.795145,56.849008],[35.793492,56.848984],[35.79247,56.849013],[35.792212,56.849048],[35.791966,56.849104],[35.791799,56.849125],[35.791628,56.849125],[35.79049,56.84904],[35.789139,56.848972],[35.787352,56.84889],[35.784434,56.848734],[35.782535,56.848623],[35.781891,56.848585],[35.781746,56.848585],[35.781641,56.848599],[35.781551,56.848633],[35.781489,56.848652],[35.781425,56.84866],[35.781371,56.848648],[35.781285,56.848589],[35.781156,56.848533],[35.78102,56.848513],[35.780183,56.848426],[35.778775,56.84825],[35.778254,56.848142],[35.778091,56.848108],[35.7779,56.848083],[35.777085,56.848024],[35.776849,56.847992],[35.77624,56.847884],[35.776071,56.84786],[35.775969,56.847843],[35.775792,56.847774],[35.775642,56.847706],[35.775347,56.847598],[35.774867,56.847451],[35.77437,56.847342],[35.773845,56.847209],[35.773067,56.847059],[35.772359,56.846958],[35.771726,56.846835],[35.771281,56.846745],[35.770809,56.846622],[35.770481,56.846519],[35.770181,56.846458],[35.76988,56.84644],[35.769382,56.846402],[35.768749,56.84632],[35.768309,56.846261],[35.767778,56.846214],[35.767311,56.846159],[35.766002,56.846006],[35.765541,56.845962],[35.764837,56.845893],[35.764076,56.845786],[35.7631,56.845636],[35.761952,56.845437],[35.761029,56.845252],[35.759323,56.844888],[35.758347,56.844668],[35.75751,56.84446],[35.755933,56.84404],[35.754898,56.843768],[35.753551,56.843404],[35.752988,56.843254],[35.752484,56.843122],[35.752461,56.844161],[35.752451,56.845132],[35.753165,56.845323],[35.754313,56.845631],[35.755691,56.845985],[35.75626,56.846135],[35.756751,56.846241],[35.757362,56.846371],[35.757606,56.846411],[35.758079,56.846487],[35.758468,56.846566],[35.75869,56.846635],[35.758878,56.846703],[35.758912,56.846717],[35.759017,56.846761],[35.759095,56.846797],[35.759412,56.846856],[35.759913,56.846942],[35.760109,56.846981],[35.760235,56.847006],[35.760391,56.847045],[35.76056,56.847086],[35.760753,56.847125],[35.760816,56.847137],[35.761937,56.847349],[35.762153,56.847389],[35.762574,56.847444],[35.762765,56.847486],[35.762904,56.847514],[35.76306,56.847526],[35.763202,56.84753],[35.763322,56.84754],[35.763827,56.847623],[35.76425,56.847689],[35.765388,56.847882],[35.765895,56.847955],[35.766241,56.848005],[35.767159,56.848117],[35.767721,56.848202],[35.76807,56.848261],[35.768193,56.848275],[35.76826,56.848282],[35.768373,56.848302],[35.769403,56.848469],[35.770395,56.848614],[35.771238,56.848792],[35.772611,56.84904],[35.773614,56.849224],[35.774344,56.849386],[35.774869,56.849491],[35.775502,56.849594],[35.776076,56.849699],[35.776602,56.849787],[35.777155,56.849873],[35.777782,56.849975],[35.778788,56.850097],[35.78025,56.850266],[35.781269,56.850377],[35.781628,56.850386],[35.781881,56.85038],[35.782224,56.850412],[35.782782,56.850474],[35.783806,56.850562],[35.784611,56.850597],[35.785443,56.850653],[35.78599,56.850691],[35.786575,56.850744],[35.786966,56.850779],[35.787717,56.850808],[35.788865,56.850817],[35.789444,56.850805],[35.790102,56.850847],[35.791196,56.850904],[35.791488,56.850908],[35.792552,56.850938],[35.792575,56.850939],[35.792665,56.850941],[35.792716,56.850942],[35.793529,56.85094],[35.794602,56.850984],[35.795284,56.850984],[35.796198,56.850993],[35.797236,56.85098],[35.799111,56.850926],[35.800085,56.850879],[35.801691,56.850841],[35.80244,56.850829],[35.803657,56.850814],[35.804618,56.85083],[35.806165,56.850805],[35.806702,56.850804],[35.807091,56.850823],[35.807493,56.85086],[35.808051,56.850885],[35.808555,56.850899],[35.809253,56.850961],[35.80981,56.850996],[35.809928,56.851014],[35.81003,56.851053],[35.81014,56.851105],[35.810256,56.851122],[35.810977,56.851171],[35.81157,56.851234],[35.812436,56.85136],[35.813448,56.851529],[35.814579,56.851726],[35.815596,56.851932],[35.816494,56.852149],[35.816918,56.852247],[35.817613,56.852386],[35.818383,56.852623],[35.818798,56.85273],[35.819126,56.852854],[35.81956,56.853049],[35.819847,56.853202],[35.820311,56.853508],[35.820663,56.853705],[35.820955,56.853888],[35.821502,56.854255],[35.822049,56.854642],[35.822657,56.855096],[35.823796,56.855975],[35.823978,56.856135],[35.824018,56.856213],[35.824007,56.856276],[35.823973,56.85635],[35.823932,56.856468],[35.823951,56.856537],[35.823999,56.856609],[35.824099,56.856698],[35.824195,56.856779],[35.824238,56.856808],[35.824259,56.856846],[35.824324,56.856891],[35.82442,56.856906],[35.824493,56.856898],[35.824539,56.856874],[35.824552,56.856834],[35.824539,56.856804],[35.824458,56.856745],[35.824383,56.856695],[35.82437,56.856681],[35.824391,56.856659],[35.824463,56.856661],[35.824552,56.856686],[35.824632,56.856726],[35.824726,56.856801],[35.824817,56.85688],[35.824919,56.856947],[35.82519,56.857097],[35.825576,56.857348],[35.826116,56.857686],[35.826808,56.858134],[35.827041,56.858286],[35.827298,56.858409],[35.82777,56.858587],[35.828398,56.85877],[35.829391,56.859047],[35.830112,56.859247],[35.83056,56.859368],[35.83163,56.85961],[35.832137,56.859715],[35.833012,56.859885],[35.833669,56.85999],[35.834114,56.860066],[35.834401,56.860129],[35.834583,56.860184],[35.834806,56.860269],[35.835047,56.860326],[35.835501,56.86041],[35.836249,56.860534],[35.83685,56.860615],[35.837102,56.860637],[35.837341,56.860637],[35.837496,56.860643],[35.837654,56.860659],[35.837829,56.860698],[35.838022,56.86077],[35.83822,56.86083],[35.83847,56.860876],[35.838904,56.860927],[35.839393,56.860974],[35.839891,56.860986],[35.840211,56.860977],[35.840323,56.860987],[35.840441,56.86099],[35.840522,56.860986],[35.840632,56.860956],[35.840685,56.860945],[35.840726,56.860936],[35.840755,56.860933],[35.840782,56.86094],[35.84083,56.860983],[35.840903,56.861027],[35.84097,56.861056],[35.841053,56.861078],[35.841163,56.861091],[35.841286,56.861097],[35.841463,56.861121],[35.841571,56.861159],[35.841688,56.861217],[35.841799,56.861253],[35.841946,56.86127],[35.842145,56.861275],[35.842289,56.861276],[35.842391,56.861275],[35.842474,56.861279],[35.842554,56.861288],[35.842641,56.861286],[35.842724,56.86128],[35.842799,56.861272],[35.843748,56.861329],[35.843912,56.86137],[35.844698,56.861561],[35.845068,56.86169],[35.845138,56.861741],[35.845213,56.861805],[35.845245,56.861852],[35.845267,56.861917],[35.845256,56.861943],[35.845216,56.861981],[35.845135,56.86202],[35.845122,56.862043],[35.845132,56.862066],[35.845191,56.862078],[35.845261,56.862071],[35.845336,56.862049],[35.845444,56.861984],[35.845484,56.861932],[35.845532,56.861885],[35.845605,56.861851],[35.845756,56.861823],[35.846013,56.861828],[35.846211,56.861847],[35.84701,56.86204],[35.84739,56.862088],[35.847545,56.862137],[35.848824,56.862412],[35.85034,56.862736],[35.850319,56.862758],[35.85038,56.862781],[35.850507,56.86283],[35.850694,56.862874],[35.85071,56.862907],[35.850821,56.862928],[35.851289,56.863059],[35.851893,56.863196],[35.852636,56.86339],[35.852918,56.86345],[35.853016,56.863496],[35.853204,56.863489],[35.85335,56.863625],[35.853562,56.863632],[35.853851,56.863713],[35.854245,56.863835],[35.854392,56.863932],[35.854609,56.863923],[35.855051,56.864011],[35.855233,56.864111],[35.855276,56.864182],[35.855418,56.864178],[35.855881,56.864186],[35.856303,56.864375],[35.856328,56.864469],[35.856634,56.864444],[35.856871,56.86461],[35.856917,56.864537],[35.857093,56.864571],[35.857705,56.86468],[35.857916,56.864799],[35.858318,56.864874],[35.858626,56.864905],[35.858804,56.864984],[35.859136,56.865093],[35.859547,56.86513],[35.85968,56.865212],[35.85999,56.865235],[35.86034,56.865379],[35.860915,56.865595],[35.862087,56.865915],[35.862181,56.86594],[35.86224,56.865956],[35.86252,56.865944],[35.86278,56.86604],[35.862891,56.866137],[35.863209,56.866204],[35.863288,56.866229],[35.863412,56.866265],[35.863495,56.866308],[35.863619,56.866324],[35.863906,56.86636],[35.864045,56.866526],[35.864134,56.866558],[35.86435,56.866565],[35.864695,56.86663],[35.865246,56.866781],[35.865447,56.866908],[35.865726,56.866948],[35.86587,56.866971],[35.865933,56.867062],[35.866003,56.867088],[35.866214,56.867166],[35.866546,56.867246],[35.866664,56.867274],[35.867191,56.867432],[35.867566,56.86755],[35.868067,56.867766],[35.868331,56.867792],[35.8684,56.867883],[35.868767,56.867981],[35.869326,56.868152],[35.869759,56.868248],[35.870045,56.868387],[35.870403,56.86838],[35.870887,56.868451],[35.871296,56.868532],[35.871671,56.868649],[35.871877,56.868695],[35.872136,56.868755],[35.872429,56.868821],[35.872698,56.868882],[35.872749,56.86889],[35.872872,56.868912],[35.872899,56.868915],[35.872948,56.868924],[35.873104,56.868948],[35.87324,56.868969],[35.873298,56.868976],[35.873354,56.868984],[35.8734,56.868993],[35.873744,56.869041],[35.874293,56.869107],[35.874701,56.869148],[35.875079,56.869175],[35.875546,56.869192],[35.876657,56.869205],[35.87715,56.86919],[35.877888,56.869164],[35.878354,56.869145],[35.878553,56.86914],[35.878706,56.869115],[35.878944,56.869073],[35.879196,56.869042],[35.879441,56.86902],[35.879671,56.86901],[35.87988,56.868986],[35.880468,56.868899],[35.881216,56.868764],[35.88134,56.868731],[35.881468,56.868683],[35.881624,56.868633],[35.881729,56.868618],[35.881868,56.868624],[35.882053,56.868623],[35.882378,56.868597]]]}},{"type":"Feature","properties":{"kind":"park"},"geometry":{"type":"Polygon","coordinates":[[[35.892396,56.861014],[35.893193,56.860457],[35.894931,56.861209],[35.894796,56.861361],[35.894496,56.861288],[35.892396,56.861014]]]}},{"type":"Feature","properties":{"kind":"park"},"geometry":{"type":"Polygon","coordinates":[[[35.903834,56.859983],[35.903396,56.859057],[35.903702,56.859014],[35.90414,56.85994],[35.903834,56.859983]]]}},{"type":"Feature","properties":{"kind":"park"},"geometry":{"type":"Polygon","coordinates":[[[35.900485,56.866153],[35.900726,56.866072],[35.901566,56.865926],[35.903163,56.865676],[35.903614,56.86559],[35.903667,56.865699],[35.904267,56.865634],[35.904256,56.865727],[35.903894,56.86576],[35.903943,56.866036],[35.900667,56.866462],[35.900611,56.866446],[35.900598,56.866395],[35.900477,56.866404],[35.900316,56.866311],[35.900286,56.866185],[35.900485,56.866153]]]}},{"type":"Feature","properties":{"kind":"water"},"geometry":{"type":"Polygon","coordinates":[[[35.908608,56.851213],[35.908312,56.851245],[35.90822,56.851131],[35.908213,56.851009],[35.90847,56.850948],[35.908618,56.850891],[35.90913,56.850738],[35.9104,56.850475],[35.911343,56.850325],[35.911696,56.850347],[35.911794,56.850314],[35.911794,56.850192],[35.912018,56.850142],[35.912404,56.850009],[35.912531,56.850093],[35.912547,56.850191],[35.912499,56.850346],[35.912423,56.850397],[35.91224,56.850423],[35.912184,56.850484],[35.912075,56.850516],[35.911435,56.850634],[35.909591,56.851014],[35.908608,56.851213]]]}},{"type":"Feature","properties":{"kind":"park"},"geometry":{"type":"Polygon","coordinates":[[[35.904231,56.866268],[35.905252,56.866149],[35.905428,56.8666],[35.90528,56.866618],[35.905479,56.867128],[35.904606,56.86723],[35.904231,56.866268]]]}},{"type":"Feature","properties":{"kind":"park"},"geometry":{"type":"Polygon","coordinates":[[[35.912822,56.866543],[35.914298,56.866719],[35.914219,56.86639],[35.914179,56.866226],[35.912755,56.866378],[35.912822,56.866543]]]}},{"type":"Feature","properties":{"kind":"park"},"geometry":{"type":"Polygon","coordinates":[[[35.916909,56.868952],[35.917913,56.868849],[35.917874,56.868905],[35.91717,56.86991],[35.915127,56.87012],[35.914919,56.86948],[35.914896,56.86941],[35.915716,56.869308],[35.915577,56.868815],[35.916823,56.868689],[35.916909,56.868952]]]}},{"type":"Feature","properties":{"kind":"park"},"geometry":{"type":"Polygon","coordinates":[[[35.9307,56.849796],[35.929635,56.850221],[35.928789,56.849586],[35.929195,56.849508],[35.930096,56.849306],[35.9307,56.849796]]]}},{"type":"Feature","properties":{"kind":"park"},"geometry":{"type":"Polygon","coordinates":[[[35.900736,56.848426],[35.897933,56.848638],[35.896902,56.848727],[35.896874,56.848672],[35.896572,56.848068],[35.896293,56.848101],[35.896129,56.84775],[35.89582,56.847007],[35.895745,56.847019],[35.895625,56.846765],[35.896919,56.846571],[35.896739,56.846204],[35.897052,56.846174],[35.897439,56.846142],[35.898736,56.845973],[35.898753,56.845971],[35.89975,56.845839],[35.899792,56.845834],[35.90014,56.846151],[35.900465,56.846448],[35.901325,56.847234],[35.900418,56.847505],[35.90066,56.848142],[35.900719,56.848365],[35.900736,56.848426]]]}},{"type":"Feature","properties":{"kind":"water"},"geometry":{"type":"Polygon","coordinates":[[[35.9276,56.849182],[35.927272,56.849212],[35.927098,56.849221],[35.927055,56.849289],[35.926894,56.849319],[35.926594,56.849302],[35.926431,56.849245],[35.926421,56.84917],[35.926197,56.849178],[35.925812,56.849219],[35.925759,56.849304],[35.925598,56.84934],[35.925234,56.849358],[35.924856,56.849356],[35.924,56.849304],[35.923602,56.849288],[35.923348,56.849261],[35.923139,56.849217],[35.922805,56.849244],[35.922547,56.849279],[35.922435,56.849345],[35.921814,56.849352],[35.920975,56.849313],[35.920051,56.849346],[35.919554,56.849354],[35.919469,56.849324],[35.919371,56.849357],[35.918207,56.849444],[35.918038,56.849478],[35.917881,56.849471],[35.916756,56.849634],[35.915323,56.849899],[35.914856,56.850019],[35.914676,56.850052],[35.91442,56.850059],[35.914137,56.850032],[35.913566,56.849945],[35.913128,56.849855],[35.912754,56.849831],[35.912474,56.849742],[35.912386,56.849666],[35.912358,56.849499],[35.912435,56.849466],[35.912699,56.849426],[35.912749,56.849514],[35.91286,56.849503],[35.912882,56.849454],[35.912965,56.849415],[35.913097,56.84936],[35.913282,56.849354],[35.913791,56.849212],[35.91441,56.849071],[35.915222,56.848956],[35.916175,56.848712],[35.916302,56.848723],[35.916373,56.848714],[35.916471,56.848633],[35.917469,56.848395],[35.917662,56.848628],[35.917737,56.848645],[35.918524,56.848632],[35.919346,56.848678],[35.921451,56.848682],[35.921647,56.848659],[35.922035,56.848711],[35.922733,56.848861],[35.922919,56.848794],[35.923096,56.848818],[35.923201,56.848723],[35.923511,56.848678],[35.923592,56.848637],[35.923806,56.848586],[35.924273,56.848654],[35.924545,56.848678],[35.925,56.848717],[35.925369,56.84869],[35.925667,56.848716],[35.925696,56.84887],[35.925811,56.849006],[35.92581,56.849126],[35.926089,56.849124],[35.926292,56.849116],[35.926284,56.849054],[35.926207,56.848678],[35.926692,56.848678],[35.92675,56.848632],[35.926929,56.848587],[35.927158,56.848587],[35.927223,56.848632],[35.92734,56.848639],[35.927442,56.848602],[35.927593,56.848576],[35.927805,56.84862],[35.928026,56.848601],[35.928187,56.84849],[35.928407,56.84835],[35.928687,56.848325],[35.928883,56.848338],[35.928986,56.848262],[35.929085,56.848235],[35.929283,56.848205],[35.929562,56.848118],[35.929932,56.848041],[35.930533,56.847784],[35.931989,56.847062],[35.932916,56.84675],[35.93329,56.846576],[35.933636,56.846459],[35.933856,56.846443],[35.933917,56.846448],[35.934208,56.846729],[35.934365,56.846913],[35.934422,56.847001],[35.934517,56.846985],[35.934421,56.846849],[35.934261,56.846669],[35.934079,56.84647],[35.934176,56.846377],[35.934396,56.846131],[35.934534,56.846057],[35.935245,56.845818],[35.935408,56.845738],[35.935624,56.845608],[35.936102,56.845439],[35.93627,56.845423],[35.936496,56.845461],[35.936662,56.845418],[35.936743,56.845344],[35.936934,56.84536],[35.937188,56.845214],[35.937446,56.845237],[35.937638,56.845198],[35.937779,56.845117],[35.937782,56.845057],[35.937784,56.84495],[35.937935,56.844883],[35.938206,56.84489],[35.938391,56.844857],[35.938547,56.84485],[35.938686,56.844901],[35.938744,56.845003],[35.938745,56.845098],[35.938649,56.845172],[35.937387,56.845749],[35.936906,56.846008],[35.935964,56.846466],[35.934797,56.846953],[35.934452,56.847074],[35.934199,56.847163],[35.93273,56.847824],[35.931247,56.848422],[35.930491,56.84869],[35.929546,56.84893],[35.929069,56.849041],[35.928451,56.849128],[35.927748,56.849201],[35.9276,56.849182]]]}},{"type":"Feature","properties":{"kind":"park"},"geometry":{"type":"Polygon","coordinates":[[[35.900615,56.862621],[35.900534,56.862268],[35.902593,56.862076],[35.902367,56.861485],[35.902212,56.861069],[35.903849,56.860875],[35.904991,56.860712],[35.905038,56.860731],[35.905892,56.860605],[35.906008,56.860639],[35.906134,56.860678],[35.906263,56.860934],[35.90644,56.861295],[35.906341,56.861309],[35.906538,56.861713],[35.906204,56.861762],[35.906174,56.861764],[35.905793,56.861821],[35.905886,56.862009],[35.905955,56.862103],[35.90611,56.862317],[35.906203,56.862402],[35.906166,56.862468],[35.906013,56.8627],[35.90024,56.864041],[35.899979,56.863996],[35.899702,56.864029],[35.899618,56.863812],[35.899252,56.862724],[35.900615,56.862621]]]}},{"type":"Feature","properties":{"kind":"park"},"geometry":{"type":"Polygon","coordinates":[[[35.899875,56.866183],[35.899974,56.86642],[35.89994,56.866485],[35.899883,56.866531],[35.899775,56.866543],[35.896203,56.866932],[35.895935,56.866991],[35.892679,56.867379],[35.890542,56.867707],[35.89015,56.867036],[35.89145,56.866841],[35.891602,56.866801],[35.892248,56.866717],[35.893567,56.866546],[35.896636,56.86633],[35.899875,56.866183]]]}},{"type":"Feature","properties":{"kind":"park"},"geometry":{"type":"Polygon","coordinates":[[[35.910724,56.864312],[35.911026,56.865067],[35.911008,56.865128],[35.910922,56.865204],[35.90535,56.865867],[35.905325,56.86587],[35.905103,56.8655],[35.905073,56.8653],[35.910724,56.864312]]]}},{"type":"Feature","properties":{"kind":"park"},"geometry":{"type":"Polygon","coordinates":[[[35.916137,56.863883],[35.91616,56.864053],[35.916564,56.864058],[35.916387,56.864197],[35.916696,56.864354],[35.916623,56.864606],[35.912157,56.865104],[35.912135,56.864802],[35.911651,56.864337],[35.911602,56.864211],[35.912793,56.86417],[35.916034,56.863808],[35.916137,56.863883]]]}},{"type":"Feature","properties":{"kind":"park"},"geometry":{"type":"Polygon","coordinates":[[[35.927546,56.875073],[35.926446,56.875206],[35.926511,56.875441],[35.925985,56.87552],[35.925635,56.87531],[35.925537,56.875125],[35.92559,56.875068],[35.927459,56.874835],[35.927546,56.875073]]]}},{"type":"Feature","properties":{"kind":"park"},"geometry":{"type":"Polygon","coordinates":[[[35.925397,56.867379],[35.924849,56.867379],[35.924494,56.867362],[35.924459,56.867349],[35.92445,56.867332],[35.924471,56.867265],[35.924716,56.866469],[35.925583,56.866526],[35.925397,56.867379]]]}},{"type":"Feature","properties":{"kind":"park"},"geometry":{"type":"Polygon","coordinates":[[[35.896093,56.874173],[35.899329,56.873772],[35.899279,56.873688],[35.896048,56.874089],[35.896093,56.874173]]]}},{"type":"Feature","properties":{"kind":"park"},"geometry":{"type":"Polygon","coordinates":[[[35.894294,56.874507],[35.895674,56.874245],[35.895646,56.874194],[35.89562,56.87415],[35.894237,56.874416],[35.894263,56.874458],[35.894294,56.874507]]]}},{"type":"Feature","properties":{"kind":"park"},"geometry":{"type":"Polygon","coordinates":[[[35.869172,56.858843],[35.869095,56.858898],[35.868588,56.858839],[35.869253,56.857156],[35.869818,56.857239],[35.869172,56.858843]]]}},{"type":"Feature","properties":{"kind":"park"},"geometry":{"type":"Polygon","coordinates":[[[35.868026,56.86002],[35.868092,56.85998],[35.868158,56.85996],[35.868235,56.859939],[35.86861,56.859982],[35.868685,56.860016],[35.86871,56.860046],[35.868718,56.860084],[35.868527,56.860562],[35.868456,56.860606],[35.868389,56.860621],[35.867973,56.860579],[35.867875,56.860554],[35.867845,56.860508],[35.86783,56.860453],[35.868026,56.86002]]]}},{"type":"Feature","properties":{"kind":"park"},"geometry":{"type":"Polygon","coordinates":[[[35.899616,56.873742],[35.900985,56.873578],[35.900947,56.873482],[35.899578,56.873646],[35.899616,56.873742]]]}},{"type":"Feature","properties":{"kind":"park"},"geometry":{"type":"Polygon","coordinates":[[[35.901283,56.87353],[35.901264,56.873486],[35.901249,56.87345],[35.90268,56.873271],[35.902714,56.873351],[35.901283,56.87353]]]}},{"type":"Feature","properties":{"kind":"park"},"geometry":{"type":"Polygon","coordinates":[[[35.892243,56.868489],[35.892652,56.868432],[35.892348,56.867785],[35.89194,56.867842],[35.892243,56.868489]]]}},{"type":"Feature","properties":{"kind":"water"},"geometry":{"type":"Polygon","coordinates":[[[35.897428,56.849027],[35.89803,56.849006],[35.898197,56.849078],[35.898351,56.849145],[35.898531,56.84912],[35.898595,56.849059],[35.898696,56.849037],[35.898849,56.849037],[35.898986,56.849018],[35.899268,56.849016],[35.899422,56.849028],[35.899528,56.849102],[35.899609,56.84916],[35.899624,56.84919],[35.899582,56.849221],[35.899521,56.849247],[35.899436,56.849273],[35.899246,56.849281],[35.898902,56.849281],[35.898709,56.849241],[35.898235,56.849215],[35.898176,56.849306],[35.89739,56.849326],[35.897296,56.849291],[35.897275,56.849223],[35.897279,56.849152],[35.897303,56.849077],[35.897428,56.849027]]]}},{"type":"Feature","properties":{"kind":"water"},"geometry":{"type":"Polygon","coordinates":[[[35.900402,56.84926],[35.899974,56.849241],[35.899929,56.849164],[35.899909,56.849045],[35.899896,56.848928],[35.900052,56.848907],[35.900411,56.848846],[35.900855,56.848803],[35.901206,56.848797],[35.901389,56.848865],[35.901535,56.848978],[35.901666,56.849146],[35.901556,56.849204],[35.900542,56.849233],[35.900402,56.84926]]]}},{"type":"Feature","properties":{"kind":"water"},"geometry":{"type":"Polygon","coordinates":[[[35.89665,56.84768],[35.89654,56.847694],[35.896298,56.847356],[35.896166,56.847105],[35.896239,56.847023],[35.896572,56.846979],[35.896683,56.847003],[35.896766,56.847105],[35.897055,56.847574],[35.896878,56.847649],[35.89665,56.84768]]]}},{"type":"Feature","properties":{"kind":"water"},"geometry":{"type":"Polygon","coordinates":[[[35.897109,56.848571],[35.897021,56.848526],[35.896985,56.848453],[35.896902,56.848233],[35.896719,56.847973],[35.896788,56.847915],[35.896965,56.847871],[35.897168,56.84785],[35.897283,56.847935],[35.897439,56.848104],[35.897534,56.84826],[35.897607,56.848442],[35.897514,56.848493],[35.897457,56.848567],[35.897281,56.848577],[35.897109,56.848571]]]}},{"type":"Feature","properties":{"kind":"park"},"geometry":{"type":"Polygon","coordinates":[[[35.896467,56.861449],[35.896416,56.861437],[35.896411,56.861412],[35.897909,56.860398],[35.897973,56.860382],[35.898056,56.860396],[35.898118,56.86042],[35.898412,56.861248],[35.896467,56.861449]]]}},{"type":"Feature","properties":{"kind":"park"},"geometry":{"type":"Polygon","coordinates":[[[35.881046,56.851167],[35.880944,56.85097],[35.882472,56.850733],[35.882573,56.85093],[35.881046,56.851167]]]}},{"type":"Feature","properties":{"kind":"park"},"geometry":{"type":"Polygon","coordinates":[[[35.912778,56.866037],[35.913444,56.865961],[35.913249,56.865456],[35.912583,56.865532],[35.912778,56.866037]]]}},{"type":"Feature","properties":{"kind":"park"},"geometry":{"type":"Polygon","coordinates":[[[35.90751,56.857545],[35.90746,56.857442],[35.905025,56.857797],[35.905074,56.8579],[35.90751,56.857545]]]}},{"type":"Feature","properties":{"kind":"park"},"geometry":{"type":"Polygon","coordinates":[[[35.908199,56.857449],[35.910459,56.857105],[35.910396,56.856982],[35.908137,56.857326],[35.908199,56.857449]]]}},{"type":"Feature","properties":{"kind":"park"},"geometry":{"type":"Polygon","coordinates":[[[35.91078,56.857072],[35.913573,56.856655],[35.91351,56.85653],[35.910717,56.856946],[35.91078,56.857072]]]}},{"type":"Feature","properties":{"kind":"park"},"geometry":{"type":"Polygon","coordinates":[[[35.913738,56.856622],[35.916299,56.856229],[35.916231,56.856087],[35.913668,56.856493],[35.913738,56.856622]]]}},{"type":"Feature","properties":{"kind":"park"},"geometry":{"type":"Polygon","coordinates":[[[35.900023,56.867581],[35.900565,56.867522],[35.900337,56.866889],[35.899794,56.866947],[35.900023,56.867581]]]}},{"type":"Feature","properties":{"kind":"park"},"geometry":{"type":"Polygon","coordinates":[[[35.899259,56.861099],[35.900275,56.860984],[35.900233,56.860872],[35.899217,56.860987],[35.899259,56.861099]]]}},{"type":"Feature","properties":{"kind":"park"},"geometry":{"type":"Polygon","coordinates":[[[35.893563,56.860341],[35.894364,56.860683],[35.894557,56.860548],[35.893756,56.860206],[35.893563,56.860341]]]}},{"type":"Feature","properties":{"kind":"park"},"geometry":{"type":"Polygon","coordinates":[[[35.892325,56.864126],[35.892105,56.863892],[35.892028,56.863769],[35.891988,56.863707],[35.891947,56.863642],[35.89194,56.863583],[35.892031,56.863458],[35.892104,56.863365],[35.892143,56.863323],[35.892146,56.863276],[35.892122,56.863233],[35.892021,56.86315],[35.891934,56.863077],[35.891787,56.862823],[35.891423,56.862641],[35.89114,56.862412],[35.89086,56.862274],[35.890937,56.862222],[35.892085,56.861404],[35.892553,56.861411],[35.892726,56.861604],[35.893237,56.861921],[35.893168,56.86267],[35.893078,56.86267],[35.893052,56.86271],[35.89305,56.862736],[35.893112,56.862775],[35.893162,56.862776],[35.893155,56.862897],[35.893312,56.862897],[35.893317,56.862778],[35.893374,56.862778],[35.893439,56.862751],[35.893438,56.862715],[35.893406,56.862673],[35.893323,56.862672],[35.893402,56.861924],[35.89431,56.861466],[35.894582,56.86152],[35.894396,56.861579],[35.894272,56.861623],[35.89417,56.861737],[35.894005,56.861892],[35.893929,56.861955],[35.893799,56.862132],[35.893719,56.862266],[35.893706,56.862384],[35.893674,56.862573],[35.893622,56.862689],[35.89354,56.862792],[35.893462,56.862855],[35.893372,56.862898],[35.893173,56.862905],[35.893057,56.862881],[35.892924,56.862792],[35.892834,56.862676],[35.892622,56.862131],[35.892367,56.861812],[35.89226,56.861751],[35.892159,56.861716],[35.892088,56.861723],[35.89203,56.86173],[35.89192,56.861767],[35.891812,56.861842],[35.89166,56.861903],[35.89157,56.862048],[35.891583,56.862178],[35.891748,56.862389],[35.892284,56.862662],[35.89289,56.862949],[35.892958,56.863091],[35.892874,56.863256],[35.892577,56.863621],[35.892546,56.863683],[35.892563,56.863712],[35.892606,56.863731],[35.892723,56.863749],[35.892967,56.863749],[35.893161,56.863744],[35.893277,56.863721],[35.893353,56.863639],[35.893414,56.863509],[35.893652,56.863085],[35.893623,56.863045],[35.893669,56.863015],[35.893746,56.862963],[35.89388,56.862969],[35.894103,56.863017],[35.894425,56.863191],[35.894913,56.863614],[35.894993,56.863788],[35.894964,56.863879],[35.894862,56.864005],[35.894541,56.863971],[35.894382,56.864013],[35.894182,56.864004],[35.893084,56.864075],[35.892325,56.864126]]]}},{"type":"Feature","properties":{"kind":"park"},"geometry":{"type":"Polygon","coordinates":[[[35.914212,56.867919],[35.91415,56.867765],[35.915228,56.867637],[35.915291,56.867792],[35.914212,56.867919]]]}},{"type":"Feature","properties":{"kind":"water"},"geometry":{"type":"Polygon","coordinates":[[[35.915778,56.869456],[35.91574,56.869422],[35.9157,56.869429],[35.915627,56.869443],[35.915588,56.869468],[35.915619,56.869544],[35.915698,56.869605],[35.91575,56.86962],[35.915788,56.869657],[35.915813,56.869722],[35.915928,56.869774],[35.916135,56.869784],[35.916158,56.869774],[35.916207,56.869755],[35.916226,56.869722],[35.916113,56.869667],[35.915984,56.869638],[35.915905,56.869547],[35.915778,56.869456]]]}},{"type":"Feature","properties":{"kind":"park"},"geometry":{"type":"Polygon","coordinates":[[[35.910674,56.854761],[35.910773,56.854746],[35.910722,56.854644],[35.910623,56.854659],[35.910674,56.854761]]]}},{"type":"Feature","properties":{"kind":"park"},"geometry":{"type":"Polygon","coordinates":[[[35.910742,56.854909],[35.910849,56.854892],[35.910788,56.854773],[35.910682,56.854789],[35.910742,56.854909]]]}},{"type":"Feature","properties":{"kind":"park"},"geometry":{"type":"Polygon","coordinates":[[[35.910522,56.854934],[35.910629,56.854918],[35.910568,56.854799],[35.910461,56.854815],[35.910522,56.854934]]]}},{"type":"Feature","properties":{"kind":"park"},"geometry":{"type":"Polygon","coordinates":[[[35.910449,56.854788],[35.910547,56.854773],[35.910496,56.854672],[35.910397,56.854687],[35.910449,56.854788]]]}},{"type":"Feature","properties":{"kind":"park"},"geometry":{"type":"Polygon","coordinates":[[[35.922592,56.858608],[35.922757,56.85894],[35.92317,56.858879],[35.923005,56.858546],[35.922592,56.858608]]]}},{"type":"Feature","properties":{"kind":"park"},"geometry":{"type":"Polygon","coordinates":[[[35.868584,56.858975],[35.86865,56.858945],[35.869089,56.859001],[35.86874,56.859844],[35.868692,56.859882],[35.868358,56.859851],[35.868307,56.859783],[35.868584,56.858975]]]}},{"type":"Feature","properties":{"kind":"park"},"geometry":{"type":"Polygon","coordinates":[[[35.868964,56.855431],[35.869191,56.855452],[35.86922,56.855362],[35.868993,56.85534],[35.868964,56.855431]]]}},{"type":"Feature","properties":{"kind":"park"},"geometry":{"type":"Polygon","coordinates":[[[35.869403,56.855472],[35.869621,56.855493],[35.869649,56.855408],[35.869431,56.855387],[35.869403,56.855472]]]}},{"type":"Feature","properties":{"kind":"park"},"geometry":{"type":"Polygon","coordinates":[[[35.863834,56.856032],[35.864899,56.856147],[35.865008,56.855886],[35.863946,56.855743],[35.863834,56.856032]]]}},{"type":"Feature","properties":{"kind":"park"},"geometry":{"type":"Polygon","coordinates":[[[35.866076,56.847839],[35.866336,56.847873],[35.866594,56.84731],[35.866331,56.847276],[35.866076,56.847839]]]}},{"type":"Feature","properties":{"kind":"park"},"geometry":{"type":"Polygon","coordinates":[[[35.903816,56.85692],[35.904165,56.856612],[35.904342,56.856953],[35.904284,56.856964],[35.904212,56.856973],[35.904139,56.856977],[35.904045,56.856973],[35.903962,56.856962],[35.90388,56.856942],[35.903816,56.85692]]]}},{"type":"Feature","properties":{"kind":"park"},"geometry":{"type":"Polygon","coordinates":[[[35.904524,56.86568],[35.904497,56.865672],[35.904466,56.865672],[35.90444,56.865682],[35.904429,56.865698],[35.904434,56.865715],[35.904456,56.865727],[35.904486,56.865731],[35.904516,56.865726],[35.904535,56.865712],[35.904538,56.865695],[35.904524,56.86568]]]}},{"type":"Feature","properties":{"kind":"park"},"geometry":{"type":"Polygon","coordinates":[[[35.904314,56.865909],[35.904275,56.865801],[35.904016,56.865829],[35.904055,56.865938],[35.904314,56.865909]]]}},{"type":"Feature","properties":{"kind":"park"},"geometry":{"type":"Polygon","coordinates":[[[35.90506,56.865827],[35.905015,56.865717],[35.90474,56.865751],[35.90479,56.86586],[35.90506,56.865827]]]}},{"type":"Feature","properties":{"kind":"park"},"geometry":{"type":"Polygon","coordinates":[[[35.904454,56.865518],[35.904471,56.865542],[35.904532,56.865562],[35.904645,56.865561],[35.905043,56.865513],[35.904971,56.865355],[35.904891,56.865336],[35.904408,56.865426],[35.904454,56.865518]]]}},{"type":"Feature","properties":{"kind":"park"},"geometry":{"type":"Polygon","coordinates":[[[35.904341,56.865433],[35.904381,56.865543],[35.904303,56.865588],[35.904174,56.865604],[35.903967,56.865624],[35.903737,56.865651],[35.903684,56.865629],[35.903649,56.865564],[35.904341,56.865433]]]}},{"type":"Feature","properties":{"kind":"water"},"geometry":{"type":"Polygon","coordinates":[[[35.915129,56.846538],[35.915293,56.846733],[35.91528,56.846755],[35.915188,56.846784],[35.915193,56.846855],[35.915239,56.846867],[35.915377,56.846836],[35.915437,56.846841],[35.915474,56.846886],[35.915468,56.846919],[35.915431,56.84694],[35.915073,56.846967],[35.915014,56.846958],[35.914982,56.846944],[35.914961,56.846913],[35.914939,56.846648],[35.915018,56.846547],[35.91505,56.846527],[35.915092,56.846525],[35.915129,56.846538]]]}},{"type":"Feature","properties":{"kind":"park"},"geometry":{"type":"Polygon","coordinates":[[[35.927768,56.856837],[35.927124,56.855473],[35.927457,56.855192],[35.928251,56.856767],[35.927768,56.856837]]]}},{"type":"Feature","properties":{"kind":"park"},"geometry":{"type":"Polygon","coordinates":[[[35.923836,56.857609],[35.925071,56.857424],[35.924973,56.857228],[35.923738,56.857413],[35.923836,56.857609]]]}},{"type":"Feature","properties":{"kind":"park"},"geometry":{"type":"Polygon","coordinates":[[[35.933841,56.85216],[35.936784,56.851024],[35.93653,56.850807],[35.935578,56.851178],[35.93535,56.850991],[35.934192,56.851444],[35.934452,56.851653],[35.933738,56.851937],[35.933863,56.852011],[35.933841,56.85216]]]}},{"type":"Feature","properties":{"kind":"park"},"geometry":{"type":"Polygon","coordinates":[[[35.865067,56.855921],[35.866153,56.856057],[35.866483,56.855103],[35.865616,56.855029],[35.865598,56.855213],[35.865067,56.855921]]]}},{"type":"Feature","properties":{"kind":"water"},"geometry":{"type":"Polygon","coordinates":[[[35.890048,56.843788],[35.890034,56.843822],[35.890044,56.843874],[35.890085,56.843922],[35.890148,56.843949],[35.890231,56.84397],[35.890323,56.843967],[35.890427,56.843957],[35.890521,56.84393],[35.890557,56.843905],[35.89059,56.843873],[35.890599,56.843824],[35.89058,56.843775],[35.890533,56.843733],[35.890471,56.843711],[35.890379,56.843703],[35.890282,56.843714],[35.890178,56.843724],[35.890109,56.843748],[35.890048,56.843788]]]}},{"type":"Feature","properties":{"kind":"water"},"geometry":{"type":"Polygon","coordinates":[[[35.901322,56.852394],[35.901341,56.852413],[35.901405,56.852408],[35.901507,56.852332],[35.901561,56.852345],[35.901636,56.85232],[35.901639,56.852282],[35.901665,56.852268],[35.90169,56.852278],[35.901853,56.852194],[35.901944,56.852191],[35.901856,56.852161],[35.901829,56.852136],[35.901821,56.852117],[35.901786,56.85213],[35.9018,56.852175],[35.901657,56.852225],[35.901529,56.852285],[35.901445,56.852337],[35.901322,56.852394]]]}},{"type":"Feature","properties":{"kind":"water"},"geometry":{"type":"Polygon","coordinates":[[[35.900756,56.8528],[35.900815,56.852847],[35.900941,56.852822],[35.901158,56.852689],[35.901301,56.852533],[35.901274,56.852516],[35.901236,56.852511],[35.901199,56.852518],[35.90114,56.852581],[35.90104,56.852674],[35.900936,56.852731],[35.900812,56.852775],[35.900756,56.8528]]]}},{"type":"Feature","properties":{"kind":"water"},"geometry":{"type":"Polygon","coordinates":[[[35.899655,56.853051],[35.899642,56.853023],[35.899679,56.853008],[35.900051,56.852974],[35.900457,56.852937],[35.900611,56.852929],[35.900657,56.852947],[35.900657,56.852988],[35.90059,56.853006],[35.900326,56.853009],[35.900001,56.853031],[35.899754,56.85305],[35.899685,56.853054],[35.899655,56.853051]]]}},{"type":"Feature","properties":{"kind":"water"},"geometry":{"type":"Polygon","coordinates":[[[35.898866,56.852908],[35.898994,56.852873],[35.899056,56.852863],[35.899247,56.85292],[35.899278,56.852953],[35.899276,56.852986],[35.899235,56.85302],[35.899151,56.853059],[35.899119,56.85306],[35.899001,56.853009],[35.898864,56.852964],[35.898841,56.852938],[35.898841,56.852921],[35.898866,56.852908]]]}},{"type":"Feature","properties":{"kind":"water"},"geometry":{"type":"Polygon","coordinates":[[[35.898533,56.852436],[35.898565,56.852436],[35.898589,56.852455],[35.898613,56.852557],[35.898647,56.852674],[35.898683,56.852702],[35.898696,56.852752],[35.898653,56.852784],[35.898601,56.852786],[35.898559,56.852771],[35.898539,56.852737],[35.898503,56.8527],[35.898463,56.852657],[35.898459,56.852613],[35.898494,56.852562],[35.898514,56.852524],[35.898494,56.852472],[35.898507,56.852442],[35.898533,56.852436]]]}},{"type":"Feature","properties":{"kind":"water"},"geometry":{"type":"Polygon","coordinates":[[[35.896912,56.853321],[35.89689,56.853343],[35.896899,56.853367],[35.896933,56.853377],[35.89735,56.853292],[35.89737,56.853266],[35.897352,56.853238],[35.897322,56.85323],[35.896912,56.853321]]]}},{"type":"Feature","properties":{"kind":"water"},"geometry":{"type":"Polygon","coordinates":[[[35.89441,56.853271],[35.894472,56.85325],[35.89456,56.853296],[35.8947,56.853362],[35.894874,56.853409],[35.895078,56.85345],[35.895267,56.853473],[35.89541,56.853489],[35.8956,56.853497],[35.895779,56.853486],[35.896033,56.853462],[35.896238,56.85344],[35.896518,56.853401],[35.896537,56.853406],[35.89655,56.85344],[35.896538,56.853456],[35.896352,56.853473],[35.896093,56.853505],[35.895826,56.85353],[35.89557,56.853546],[35.895365,56.853547],[35.895162,56.853517],[35.89494,56.85349],[35.89474,56.853453],[35.894564,56.853378],[35.894442,56.853322],[35.894409,56.853293],[35.89441,56.853271]]]}},{"type":"Feature","properties":{"kind":"water"},"geometry":{"type":"Polygon","coordinates":[[[35.946852,56.84157],[35.947641,56.841481],[35.94801,56.841422],[35.948379,56.841309],[35.94867,56.841256],[35.948976,56.84121],[35.949445,56.841194],[35.949863,56.841195],[35.950302,56.841162],[35.950398,56.841154],[35.950913,56.841109],[35.95101,56.841048],[35.951369,56.841101],[35.951477,56.841098],[35.952029,56.841086],[35.952416,56.84137],[35.952534,56.841406],[35.952507,56.841435],[35.952185,56.841423],[35.951698,56.841394],[35.95126,56.841504],[35.950733,56.841611],[35.950428,56.841572],[35.950353,56.841595],[35.950323,56.841661],[35.950243,56.841676],[35.950157,56.841649],[35.949572,56.84167],[35.94902,56.841734],[35.948679,56.841729],[35.948251,56.841801],[35.947802,56.841837],[35.947438,56.841918],[35.946694,56.842075],[35.946367,56.842136],[35.945898,56.842304],[35.944684,56.842756],[35.94411,56.842958],[35.9435,56.843213],[35.943095,56.843339],[35.942783,56.843462],[35.941966,56.843735],[35.941615,56.843896],[35.941052,56.844105],[35.940296,56.844386],[35.939981,56.844527],[35.939715,56.844606],[35.939453,56.844629],[35.939306,56.844611],[35.939202,56.844552],[35.939129,56.844457],[35.939115,56.84435],[35.939313,56.84424],[35.9396,56.844137],[35.939757,56.844107],[35.940111,56.843977],[35.940494,56.843827],[35.941099,56.843561],[35.941218,56.843448],[35.94182,56.843176],[35.942059,56.84315],[35.942249,56.843089],[35.942378,56.842988],[35.943547,56.842589],[35.943722,56.842515],[35.944382,56.84221],[35.945499,56.84179],[35.946259,56.841648],[35.946852,56.84157]]]}},{"type":"Feature","properties":{"kind":"park"},"geometry":{"type":"Polygon","coordinates":[[[35.915833,56.854338],[35.91572,56.854356],[35.915645,56.854209],[35.915759,56.854192],[35.915833,56.854338]]]}},{"type":"Feature","properties":{"kind":"park"},"geometry":{"type":"Polygon","coordinates":[[[35.880396,56.848252],[35.882939,56.847986],[35.882594,56.846449],[35.880086,56.84657],[35.880396,56.848252]]]}},{"type":"Feature","properties":{"kind":"park"},"geometry":{"type":"Polygon","coordinates":[[[35.92615,56.859085],[35.925902,56.8586],[35.928114,56.858316],[35.928146,56.858317],[35.928179,56.858325],[35.9282,56.858337],[35.928208,56.858352],[35.928209,56.858368],[35.928202,56.858386],[35.928181,56.858398],[35.928149,56.858409],[35.92615,56.859085]]]}},{"type":"Feature","properties":{"kind":"water"},"geometry":{"type":"Polygon","coordinates":[[[35.90329,56.853624],[35.903245,56.853636],[35.903217,56.853661],[35.903219,56.85369],[35.903217,56.853721],[35.903241,56.853738],[35.903291,56.853743],[35.903346,56.853744],[35.903548,56.853742],[35.903616,56.853727],[35.903638,56.853695],[35.903633,56.853658],[35.903622,56.85363],[35.903583,56.853612],[35.90329,56.853624]]]}},{"type":"Feature","properties":{"kind":"water"},"geometry":{"type":"Polygon","coordinates":[[[35.900924,56.852988],[35.900898,56.853022],[35.901076,56.853078],[35.90124,56.853128],[35.901377,56.853131],[35.901539,56.853095],[35.901717,56.853045],[35.901867,56.853032],[35.902185,56.853088],[35.902355,56.853116],[35.902515,56.853155],[35.902634,56.853166],[35.902675,56.85316],[35.902669,56.853133],[35.902574,56.853119],[35.902403,56.853081],[35.902144,56.853022],[35.901933,56.852992],[35.901796,56.852987],[35.901645,56.85301],[35.901486,56.853048],[35.901339,56.853086],[35.90124,56.853088],[35.901146,56.853056],[35.900924,56.852988]]]}},{"type":"Feature","properties":{"kind":"water"},"geometry":{"type":"Polygon","coordinates":[[[35.901334,56.851624],[35.901275,56.851656],[35.901275,56.851705],[35.901433,56.851787],[35.901567,56.85181],[35.901734,56.851806],[35.901831,56.851765],[35.901853,56.851703],[35.901833,56.851651],[35.901776,56.851616],[35.901642,56.851592],[35.901492,56.85159],[35.901387,56.851603],[35.901334,56.851624]]]}},{"type":"Feature","properties":{"kind":"park"},"geometry":{"type":"Polygon","coordinates":[[[35.903736,56.858744],[35.903853,56.858727],[35.90486,56.858579],[35.904997,56.858528],[35.905019,56.858487],[35.904735,56.857911],[35.904713,56.857868],[35.904683,56.857857],[35.904599,56.857868],[35.904609,56.857891],[35.90331,56.858081],[35.9033,56.85806],[35.903219,56.858071],[35.903229,56.858091],[35.902888,56.858141],[35.902878,56.858121],[35.902821,56.858129],[35.902755,56.858139],[35.902451,56.858186],[35.902377,56.858199],[35.901867,56.858666],[35.90178,56.858744],[35.90174,56.858781],[35.90166,56.858856],[35.901571,56.858935],[35.901567,56.858949],[35.901571,56.858968],[35.901586,56.858989],[35.901598,56.859002],[35.901615,56.859015],[35.901637,56.859026],[35.90166,56.859035],[35.901681,56.859042],[35.901705,56.859049],[35.901744,56.859057],[35.901782,56.859062],[35.901823,56.859062],[35.901908,56.859052],[35.902174,56.859011],[35.90215,56.859003],[35.902581,56.858938],[35.902818,56.858903],[35.903744,56.858762],[35.903736,56.858744]]]}},{"type":"Feature","properties":{"kind":"park"},"geometry":{"type":"Polygon","coordinates":[[[35.907531,56.845462],[35.908517,56.845086],[35.90849,56.845059],[35.907503,56.84544],[35.907531,56.845462]]]}},{"type":"Feature","properties":{"kind":"park"},"geometry":{"type":"Polygon","coordinates":[[[35.907531,56.845462],[35.90761,56.84551],[35.90858,56.84513],[35.908517,56.845086],[35.907531,56.845462]]]}},{"type":"Feature","properties":{"kind":"park"},"geometry":{"type":"Polygon","coordinates":[[[35.907503,56.84544],[35.907474,56.845388],[35.908434,56.845025],[35.90849,56.845059],[35.907503,56.84544]]]}},{"type":"Feature","properties":{"kind":"park"},"geometry":{"type":"Polygon","coordinates":[[[35.907474,56.845388],[35.908434,56.845025],[35.908384,56.844978],[35.907412,56.845348],[35.907474,56.845388]]]}},{"type":"Feature","properties":{"kind":"park"},"geometry":{"type":"Polygon","coordinates":[[[35.907412,56.845348],[35.907381,56.845326],[35.90835,56.844954],[35.908384,56.844978],[35.907412,56.845348]]]}},{"type":"Feature","properties":{"kind":"water"},"geometry":{"type":"Polygon","coordinates":[[[35.94924,56.875272],[35.949084,56.87523],[35.949071,56.8752],[35.949009,56.875186],[35.94898,56.875191],[35.948872,56.875147],[35.948858,56.875107],[35.948923,56.875071],[35.948924,56.875042],[35.948969,56.875021],[35.949108,56.875059],[35.949183,56.875093],[35.9492,56.875136],[35.949264,56.875155],[35.949304,56.875171],[35.94927,56.875254],[35.94924,56.875272]]]}},{"type":"Feature","properties":{"kind":"water"},"geometry":{"type":"Polygon","coordinates":[[[35.937999,56.880563],[35.937973,56.880527],[35.937954,56.880501],[35.939509,56.880063],[35.940199,56.879953],[35.940196,56.87998],[35.940192,56.880007],[35.93952,56.880128],[35.937999,56.880563]]]}},{"type":"Feature","properties":{"kind":"park"},"geometry":{"type":"Polygon","coordinates":[[[35.905166,56.861968],[35.905009,56.861696],[35.904986,56.861645],[35.904986,56.861618],[35.904994,56.861592],[35.90501,56.861565],[35.905032,56.861544],[35.905063,56.861522],[35.905099,56.861503],[35.905141,56.861489],[35.905187,56.861477],[35.905236,56.861471],[35.905286,56.861469],[35.905339,56.861472],[35.905385,56.861478],[35.905431,56.86149],[35.905472,56.861505],[35.905509,56.861524],[35.905538,56.861547],[35.905558,56.86157],[35.905575,56.861598],[35.905733,56.861867],[35.905166,56.861968]]]}},{"type":"Feature","properties":{"kind":"park"},"geometry":{"type":"Polygon","coordinates":[[[35.92863,56.857131],[35.928257,56.856428],[35.930679,56.855538],[35.93095,56.855771],[35.931162,56.855721],[35.931317,56.856001],[35.931006,56.85605],[35.931414,56.856865],[35.93171,56.856796],[35.931738,56.856869],[35.929387,56.85783],[35.929,56.857082],[35.92863,56.857131]]]}},{"type":"Feature","properties":{"kind":"water"},"geometry":{"type":"Polygon","coordinates":[[[35.948363,56.860566],[35.948468,56.860425],[35.948696,56.860468],[35.948908,56.86046],[35.949105,56.860394],[35.949383,56.860389],[35.949463,56.860301],[35.949515,56.860296],[35.949611,56.860313],[35.949678,56.860366],[35.94974,56.860512],[35.950101,56.860537],[35.950417,56.860551],[35.950369,56.860621],[35.949651,56.860706],[35.94925,56.860686],[35.949182,56.860489],[35.949065,56.86045],[35.948961,56.860505],[35.948822,56.860534],[35.948831,56.86059],[35.948674,56.860605],[35.948572,56.860579],[35.948501,56.860598],[35.948363,56.860566]]]}},{"type":"Feature","properties":{"kind":"water"},"geometry":{"type":"Polygon","coordinates":[[[35.874902,56.852541],[35.874898,56.852575],[35.874875,56.852607],[35.874835,56.852633],[35.874782,56.852651],[35.874721,56.852659],[35.874659,56.852657],[35.874601,56.852644],[35.874554,56.852621],[35.874519,56.852589],[35.874506,56.852552],[35.874517,56.852515],[35.87455,56.852482],[35.874602,56.852458],[35.874666,56.852444],[35.874735,56.852444],[35.8748,56.852456],[35.874854,56.852479],[35.874887,56.852508],[35.874902,56.852541]]]}},{"type":"Feature","properties":{"kind":"water"},"geometry":{"type":"Polygon","coordinates":[[[35.88477,56.843952],[35.884794,56.843942],[35.884952,56.843937],[35.884983,56.843949],[35.884993,56.843998],[35.884994,56.844062],[35.884952,56.844088],[35.884907,56.8441],[35.884849,56.8441],[35.884814,56.844083],[35.884772,56.84404],[35.884765,56.843989],[35.88477,56.843952]]]}},{"type":"Feature","properties":{"kind":"water"},"geometry":{"type":"Polygon","coordinates":[[[35.944591,56.875964],[35.944403,56.87594],[35.944371,56.875832],[35.944499,56.875785],[35.944655,56.875817],[35.94473,56.875908],[35.944591,56.875964]]]}},{"type":"Feature","properties":{"kind":"water"},"geometry":{"type":"Polygon","coordinates":[[[35.941495,56.876711],[35.941249,56.876714],[35.941163,56.87665],[35.941249,56.876553],[35.941388,56.876521],[35.941517,56.876568],[35.941608,56.8766],[35.941581,56.876667],[35.941495,56.876711]]]}},{"type":"Feature","properties":{"kind":"water"},"geometry":{"type":"Polygon","coordinates":[[[35.94099,56.875822],[35.94122,56.87583],[35.941188,56.875716],[35.94099,56.875822]]]}},{"type":"Feature","properties":{"kind":"water"},"geometry":{"type":"Polygon","coordinates":[[[35.883657,56.85359],[35.883319,56.853496],[35.882967,56.853588],[35.882847,56.853781],[35.882906,56.853974],[35.883045,56.854098],[35.883303,56.854147],[35.883496,56.854159],[35.883737,56.854112],[35.883871,56.854007],[35.88415,56.853878],[35.884526,56.85386],[35.884585,56.853749],[35.884606,56.853634],[35.884633,56.85347],[35.884789,56.853411],[35.885127,56.853441],[35.885518,56.853505],[35.885701,56.853508],[35.885582,56.853311],[35.885443,56.853162],[35.8851,56.853086],[35.88474,56.853112],[35.884529,56.853195],[35.884483,56.853417],[35.884274,56.853441],[35.884145,56.853458],[35.883946,56.85359],[35.883657,56.85359]]]}},{"type":"Feature","properties":{"kind":"water"},"geometry":{"type":"Polygon","coordinates":[[[35.927464,56.863817],[35.927422,56.863869],[35.927371,56.863891],[35.927284,56.863913],[35.927198,56.863916],[35.927142,56.863903],[35.927135,56.86387],[35.927156,56.863835],[35.927189,56.863815],[35.927245,56.863801],[35.927303,56.863786],[35.927385,56.863778],[35.927464,56.86377],[35.927492,56.86377],[35.927464,56.863817]]]}},{"type":"Feature","properties":{"kind":"park"},"geometry":{"type":"Polygon","coordinates":[[[35.86796,56.855229],[35.867797,56.855732],[35.867703,56.856085],[35.86769,56.856117],[35.867666,56.856134],[35.867607,56.856147],[35.867505,56.856132],[35.867451,56.856101],[35.867416,56.856054],[35.867,56.85601],[35.866832,56.856044],[35.866432,56.856002],[35.866708,56.855119],[35.86796,56.855229]]]}},{"type":"Feature","properties":{"kind":"park"},"geometry":{"type":"Polygon","coordinates":[[[35.86996,56.855392],[35.870489,56.855444],[35.870087,56.856505],[35.869643,56.856451],[35.869778,56.856122],[35.869675,56.85611],[35.86996,56.855392]]]}}]}